strategy,timeframe,tp,sl,leverage,trades,wins,win_rate,avg_win,avg_loss,risk_reward,ev,total_pnl
放量突破,1d,200,2,30,9,4,44.44444444444444,79.30920916989248,2.000000000000005,100.0,2633.333333333333,9217.105100387096
放量突破,1d,200,3,30,9,4,44.44444444444444,79.30920916989248,3.0000000000000027,66.66666666666667,2616.6666666666665,9067.105100387096
EMA50/200黄金交叉,1h,200,3,30,151,65,43.04635761589404,5.117341182959109,2.6029406565636637,66.66666666666667,2531.523178807947,3263.2284128360097
EMA50/200黄金交叉,4h,200,3,30,31,12,38.70967741935484,13.220674658487468,3.0000000000000027,66.66666666666667,2267.4193548387098,3049.4428770554873
放量突破,1h,200,3,30,505,192,38.01980198019802,5.250383622903806,2.79732437268442,66.66666666666667,2225.4059405940593,3975.3338084192224
放量突破,1d,200,2,25,9,4,44.44444444444444,79.30920916989248,2.000000000000005,100.0,2194.4444444444443,7680.9209169892465
趋势EMA交叉,1h,200,3,30,480,179,37.291666666666664,5.200964068594269,2.7201874221658993,66.66666666666667,2181.0625,3365.884626193147
放量突破,1d,200,3,25,9,4,44.44444444444444,79.30920916989248,3.0000000000000027,66.66666666666667,2180.5555555555557,7555.9209169892465
EMA50/200黄金交叉,1h,200,2,30,156,57,36.53846153846153,5.490057465548701,1.9395910725696164,100.0,2154.230769230769,3627.4127805565176
EMA7/25金叉,1h,200,3,30,571,207,36.25218914185639,5.418420147876413,2.740559193567844,66.66666666666667,2117.758318739054,3721.4827245516717
EMA50/200黄金交叉,1h,200,3,25,151,65,43.04635761589404,5.117341182959109,2.6029406565636637,66.66666666666667,2109.6026490066224,2719.3570106966745
突破买入,1h,200,3,30,674,242,35.90504451038576,5.563037141106371,2.71763584609914,66.66666666666667,2096.6172106824924,5167.08907898739
看涨插针,1h,200,3,30,703,247,35.13513513513514,5.430006723035712,2.7945971910981684,66.66666666666667,2049.72972972973,2006.260243471694
放量突破,1d,150,2,30,9,4,44.44444444444444,66.80920916989248,2.000000000000005,75.0,1966.6666666666665,7717.105100387096
放量突破,1d,150,3,30,9,4,44.44444444444444,66.80920916989248,3.0000000000000027,50.0,1949.9999999999998,7567.105100387096
EMA50/200黄金交叉,4h,200,3,25,31,12,38.70967741935484,13.220674658487468,3.0000000000000027,66.66666666666667,1889.516129032258,2541.2023975462394
EMA50/200黄金交叉,1h,150,3,30,151,65,43.04635761589404,5.117341182959109,2.6029406565636637,50.0,1885.8278145695363,3263.2284128360097
放量突破,1h,200,3,25,505,192,38.01980198019802,5.250383622903806,2.79732437268442,66.66666666666667,1854.5049504950493,3312.7781736826855
RSI超卖,1h,200,3,30,573,182,31.762652705061083,5.696117515225116,2.844551400511498,66.66666666666667,1844.34554973822,-2265.7862948707384
趋势EMA交叉,1h,200,3,25,480,179,37.291666666666664,5.200964068594269,2.7201874221658993,66.66666666666667,1817.5520833333333,2804.903855160956
EMA50/200黄金交叉,1h,200,2,25,156,57,36.53846153846153,5.490057465548701,1.9395910725696164,100.0,1795.1923076923074,3022.843983797098
EMA7/25金叉,1h,200,3,25,571,207,36.25218914185639,5.418420147876413,2.740559193567844,66.66666666666667,1764.798598949212,3101.23560379306
趋势EMA交叉,1d,200,3,30,23,7,30.434782608695656,53.59722417849773,3.0000000000000044,66.66666666666667,1763.4782608695655,9815.417077484522
放量突破,1d,200,2,20,9,4,44.44444444444444,79.30920916989248,2.000000000000005,100.0,1755.5555555555557,6144.736733591398
突破买入,1h,200,3,25,674,242,35.90504451038576,5.563037141106371,2.71763584609914,66.66666666666667,1747.181008902077,4305.907565822825
放量突破,1d,200,3,20,9,4,44.44444444444444,79.30920916989248,3.0000000000000027,66.66666666666667,1744.4444444444446,6044.736733591398
看涨插针,1h,200,3,25,703,247,35.13513513513514,5.430006723035712,2.7945971910981684,66.66666666666667,1708.1081081081081,1671.8835362264117
趋势EMA交叉,1h,200,2,30,571,165,28.896672504378284,5.710988576525867,1.9346730233739458,100.0,1691.138353765324,4705.076029108388
EMA50/200黄金交叉,1h,200,3,20,151,65,43.04635761589404,5.117341182959109,2.6029406565636637,66.66666666666667,1687.682119205298,2175.4856085573397
EMA50/200黄金交叉,4h,150,3,30,31,12,38.70967741935484,13.220674658487468,3.0000000000000027,50.0,1686.774193548387,3049.4428770554873
放量突破,1h,150,3,30,505,192,38.01980198019802,5.250383622903806,2.79732437268442,50.0,1655.108910891089,3975.3338084192224
放量突破,1d,150,2,25,9,4,44.44444444444444,66.80920916989248,2.000000000000005,75.0,1638.8888888888887,6430.9209169892465
EMA7/25金叉,1h,200,2,30,686,192,27.988338192419825,5.886276420309713,1.9518614038072095,100.0,1636.0932944606416,4978.366176561095
放量突破,1d,150,3,25,9,4,44.44444444444444,66.80920916989248,3.0000000000000027,50.0,1624.9999999999998,6305.9209169892465
趋势EMA交叉,1h,150,3,30,480,179,37.291666666666664,5.200964068594269,2.7201874221658993,50.0,1621.6874999999998,3365.884626193147
EMA50/200黄金交叉,4h,200,5,15,31,17,54.83870967741935,13.09216689943906,5.000000000000004,40.0,1611.290322580645,2288.5025593569603
EMA50/200黄金交叉,1h,150,2,30,156,57,36.53846153846153,5.490057465548701,1.9395910725696164,75.0,1606.153846153846,3627.4127805565176
放量突破,4h,200,3,30,116,32,27.586206896551722,15.712322801053569,2.974094970420479,66.66666666666667,1589.9999999999998,7589.11056355182
EMA7/25金叉,1h,150,3,30,571,207,36.25218914185639,5.418420147876413,2.740559193567844,50.0,1573.9754816112084,3721.4827245516717
EMA50/200黄金交叉,1h,150,3,25,151,65,43.04635761589404,5.117341182959109,2.6029406565636637,50.0,1571.5231788079468,2719.3570106966745
突破买入,1h,150,3,30,674,242,35.90504451038576,5.563037141106371,2.71763584609914,50.0,1558.0415430267062,5167.08907898739
放量突破,1h,200,2,30,592,158,26.68918918918919,5.368617395859407,1.9588564794472447,100.0,1557.364864864865,-57.06490602953593
RSI超卖,1h,200,3,25,573,182,31.762652705061083,5.696117515225116,2.844551400511498,66.66666666666667,1536.9546247818498,-1888.1552457256153
突破买入,1h,200,2,30,831,218,26.233453670276774,6.116471737654331,1.9395129550441723,100.0,1529.7472924187723,4334.081920996995
看涨插针,1h,150,3,30,703,247,35.13513513513514,5.430006723035712,2.7945971910981684,50.0,1522.702702702703,2006.260243471694
看涨插针,1h,200,2,30,858,224,26.107226107226104,6.005519455162066,1.9593387807180902,100.0,1522.0979020979019,3090.467129431006
趋势EMA交叉,4h,200,3,30,148,39,26.351351351351347,15.155561364116926,3.0000000000000036,66.66666666666667,1514.797297297297,7922.006796016792
EMA50/200黄金交叉,4h,200,3,20,31,12,38.70967741935484,13.220674658487468,3.0000000000000027,66.66666666666667,1511.6129032258066,2032.9619180369914
放量突破,1h,200,3,20,505,192,38.01980198019802,5.250383622903806,2.79732437268442,66.66666666666667,1483.6039603960396,2650.2225389461482
趋势EMA交叉,1d,200,3,25,23,7,30.434782608695656,53.59722417849773,3.0000000000000044,66.66666666666667,1469.5652173913045,8179.514231237101
趋势EMA交叉,1h,200,3,20,480,179,37.291666666666664,5.200964068594269,2.7201874221658993,66.66666666666667,1454.0416666666665,2243.923084128765
EMA50/200黄金交叉,1h,200,2,20,156,57,36.53846153846153,5.490057465548701,1.9395910725696164,100.0,1436.153846153846,2418.2751870376787
EMA7/25金叉,1d,200,3,30,28,7,25.0,58.434117511538865,3.0000000000000036,66.66666666666667,1432.5,10381.164677423158
EMA7/25金叉,1h,200,3,20,571,207,36.25218914185639,5.418420147876413,2.740559193567844,66.66666666666667,1411.8388791593693,2480.9884830344477
趋势EMA交叉,1h,200,2,25,571,165,28.896672504378284,5.710988576525867,1.9346730233739458,100.0,1409.2819614711034,3920.8966909236565
EMA50/200黄金交叉,4h,150,3,25,31,12,38.70967741935484,13.220674658487468,3.0000000000000027,50.0,1405.6451612903224,2541.2023975462394
突破买入,1h,200,3,20,674,242,35.90504451038576,5.563037141106371,2.71763584609914,66.66666666666667,1397.7448071216618,3444.7260526582604
EMA50/200黄金交叉,1h,200,5,15,145,69,47.58620689655172,4.964917052098005,3.9231923777452193,40.0,1388.2758620689654,666.2498382918862
放量突破,1h,150,3,25,505,192,38.01980198019802,5.250383622903806,2.79732437268442,50.0,1379.2574257425742,3312.7781736826855
RSI超卖,1h,150,3,30,573,182,31.762652705061083,5.696117515225116,2.844551400511498,50.0,1367.9057591623039,-2265.7862948707384
看涨插针,1h,200,3,20,703,247,35.13513513513514,5.430006723035712,2.7945971910981684,66.66666666666667,1366.4864864864865,1337.5068289811293
EMA7/25金叉,1h,200,2,25,686,192,27.988338192419825,5.886276420309713,1.9518614038072095,100.0,1363.411078717201,4148.638480467579
RSI超卖,1h,200,2,30,704,165,23.4375,5.716890501007958,1.9651723791361826,100.0,1360.3125,-3478.2293906426758
趋势EMA交叉,1h,150,3,25,480,179,37.291666666666664,5.200964068594269,2.7201874221658993,50.0,1351.4062499999998,2804.903855160956
放量突破,1h,200,5,15,439,203,46.24145785876993,4.966932391282194,3.8860528380090065,40.0,1346.9248291571753,1367.682084902397
EMA7/25金叉,4h,200,3,30,174,41,23.563218390804597,15.895032502561449,2.980875838553391,66.66666666666667,1345.0,7657.195382322554
趋势EMA交叉,1h,200,5,15,417,192,46.043165467625904,5.242733758790978,3.7553872593353956,40.0,1340.8273381294964,2424.6412250610565
EMA50/200黄金交叉,1h,150,2,25,156,57,36.53846153846153,5.490057465548701,1.9395910725696164,75.0,1338.461538461538,3022.843983797098
放量突破,4h,200,3,25,116,32,27.586206896551722,15.712322801053569,2.974094970420479,66.66666666666667,1324.9999999999998,6324.258802959849
放量突破,1d,200,2,15,9,4,44.44444444444444,79.30920916989248,2.000000000000005,100.0,1316.6666666666665,4608.552550193548
EMA7/25金叉,1h,150,3,25,571,207,36.25218914185639,5.418420147876413,2.740559193567844,50.0,1311.646234676007,3101.23560379306
放量突破,1d,150,2,20,9,4,44.44444444444444,66.80920916989248,2.000000000000005,75.0,1311.1111111111109,5144.736733591398
EMA50/200黄金交叉,4h,200,2,30,31,7,22.58064516129032,14.637636299660256,2.000000000000003,100.0,1308.3870967741934,1633.9036229286514
放量突破,1d,200,3,15,9,4,44.44444444444444,79.30920916989248,3.0000000000000027,66.66666666666667,1308.3333333333333,4533.552550193548
趋势EMA交叉,1d,150,3,30,23,7,30.434782608695656,53.59722417849773,3.0000000000000044,50.0,1306.9565217391305,9815.417077484522
EMA7/25金叉,1h,200,5,15,474,213,44.936708860759495,5.316209812814482,3.7584512605450207,40.0,1306.8037974683546,2270.9536669085137
放量突破,1d,100,2,30,9,4,44.44444444444444,54.30920916989248,2.000000000000005,50.0,1300.0,6217.105100387096
放量突破,1d,150,3,20,9,4,44.44444444444444,66.80920916989248,3.0000000000000027,50.0,1299.9999999999998,5044.736733591398
突破买入,1h,150,3,25,674,242,35.90504451038576,5.563037141106371,2.71763584609914,50.0,1298.3679525222553,4305.907565822825
放量突破,1h,200,2,25,592,158,26.68918918918919,5.368617395859407,1.9588564794472447,100.0,1297.804054054054,-47.55408835794661
突破买入,4h,200,3,30,229,52,22.707423580786028,15.236475486564416,2.986173399388042,66.66666666666667,1292.882096069869,7912.321008289984
放量突破,1d,200,5,15,9,4,44.44444444444444,79.30920916989248,5.000000000000004,40.0,1291.6666666666665,4383.552550193549
放量突破,1d,100,3,30,9,4,44.44444444444444,54.30920916989248,3.0000000000000027,33.333333333333336,1283.3333333333333,6067.105100387096
突破买入,1h,200,5,15,561,247,44.02852049910874,5.5031763280034465,3.715975249981834,40.0,1278.8770053475937,2887.0248678383327
突破买入,1h,200,2,25,831,218,26.233453670276774,6.116471737654331,1.9395129550441723,100.0,1274.789410348977,3611.734934164163
看涨插针,1h,150,3,25,703,247,35.13513513513514,5.430006723035712,2.7945971910981684,50.0,1268.918918918919,1671.8835362264117
看涨插针,1h,200,2,25,858,224,26.107226107226104,6.005519455162066,1.9593387807180902,100.0,1268.4149184149185,2575.389274525838
EMA50/200黄金交叉,1h,200,3,15,151,65,43.04635761589404,5.117341182959109,2.6029406565636637,66.66666666666667,1265.7615894039734,1631.6142064180049
趋势EMA交叉,4h,200,3,25,148,39,26.351351351351347,15.155561364116926,3.0000000000000036,66.66666666666667,1262.3310810810808,6601.672330013993
趋势EMA交叉,1h,150,2,30,571,165,28.896672504378284,5.710988576525867,1.9346730233739458,75.0,1257.6882661996497,4705.076029108388
趋势EMA交叉,1d,200,2,30,23,5,21.73913043478261,64.62306488247118,2.0000000000000018,100.0,1257.391304347826,8613.459732370675
EMA50/200黄金交叉,1h,150,3,20,151,65,43.04635761589404,5.117341182959109,2.6029406565636637,50.0,1257.2185430463576,2175.4856085573397
看涨插针,1h,200,5,15,567,245,43.20987654320987,5.578262046844789,3.837472483974583,40.0,1253.7037037037035,1965.1209245573593
EMA50/200黄金交叉,1h,100,3,30,151,65,43.04635761589404,5.117341182959109,2.6029406565636637,33.333333333333336,1240.1324503311257,3263.2284128360097
放量突破,4h,200,2,30,131,28,21.374045801526716,15.994410330544442,2.000000000000002,100.0,1235.267175572519,7255.3046776573265
RSI超卖,1h,200,3,20,573,182,31.762652705061083,5.696117515225116,2.844551400511498,66.66666666666667,1229.56369982548,-1510.5241965804921
看涨插针,4h,200,3,30,240,52,21.666666666666668,14.1527134624742,2.9569167018995,66.66666666666667,1229.5,5401.222802746577
EMA7/25金叉,1h,150,2,30,686,192,27.988338192419825,5.886276420309713,1.9518614038072095,75.0,1216.268221574344,4978.366176561095
EMA50/200黄金交叉,4h,150,5,15,31,17,54.83870967741935,13.09216689943906,5.000000000000004,30.0,1200.0,2288.5025593569603
EMA7/25金叉,1d,200,2,30,29,6,20.689655172413794,60.51872464458819,2.0000000000000013,100.0,1193.793103448276,9513.370436025873
EMA7/25金叉,1d,200,3,25,28,7,25.0,58.434117511538865,3.0000000000000036,66.66666666666667,1193.75,8650.970564519299
放量突破,4h,150,3,30,116,32,27.586206896551722,15.712322801053569,2.974094970420479,50.0,1176.2068965517242,7589.11056355182
趋势EMA交叉,1d,200,3,20,23,7,30.434782608695656,53.59722417849773,3.0000000000000044,66.66666666666667,1175.6521739130437,6543.611384989681
突破买入,1d,200,3,30,29,6,20.689655172413794,51.23510893562037,3.0000000000000044,66.66666666666667,1170.0,7152.319608411664
RSI超卖,1h,200,5,15,450,182,40.44444444444444,5.776925562450402,4.055101861953256,40.0,1168.6666666666665,-530.5026995624836
放量突破,1h,150,2,30,592,158,26.68918918918919,5.368617395859407,1.9588564794472447,75.0,1157.027027027027,-57.06490602953593
突破买入,1d,200,2,30,30,6,20.0,51.23510893562037,2.0000000000000013,100.0,1152.0,7782.319608411666
RSI超卖,1h,150,3,25,573,182,31.762652705061083,5.696117515225116,2.844551400511498,50.0,1139.9214659685865,-1888.1552457256153
突破买入,1h,150,2,30,831,218,26.233453670276774,6.116471737654331,1.9395129550441723,75.0,1136.2454873646207,4334.081920996995
EMA50/200黄金交叉,4h,200,3,15,31,12,38.70967741935484,13.220674658487468,3.0000000000000027,66.66666666666667,1133.7096774193549,1524.7214385277437
RSI超卖,1h,200,2,25,704,165,23.4375,5.716890501007958,1.9651723791361826,100.0,1133.59375,-2898.52449220223
EMA50/200黄金交叉,4h,200,7,10,31,18,58.06451612903226,13.732210705500211,6.574938574938581,28.571428571428573,1131.935483870968,1617.055912248023
看涨插针,1h,150,2,30,858,224,26.107226107226104,6.005519455162066,1.9593387807180902,75.0,1130.4895104895104,3090.467129431006
趋势EMA交叉,1h,200,2,20,571,165,28.896672504378284,5.710988576525867,1.9346730233739458,100.0,1127.4255691768826,3136.717352738925
EMA50/200黄金交叉,4h,150,3,20,31,12,38.70967741935484,13.220674658487468,3.0000000000000027,50.0,1124.516129032258,2032.9619180369914
RSI超卖,4h,200,3,30,211,42,19.90521327014218,14.331294886724168,2.967633532364142,66.66666666666667,1122.227488151659,3011.529548186256
EMA7/25金叉,4h,200,3,25,174,41,23.563218390804597,15.895032502561449,2.980875838553391,66.66666666666667,1120.8333333333333,6380.996151935462
趋势EMA交叉,4h,150,3,30,148,39,26.351351351351347,15.155561364116926,3.0000000000000036,50.0,1119.527027027027,7922.006796016792
放量突破,1h,200,3,15,505,192,38.01980198019802,5.250383622903806,2.79732437268442,66.66666666666667,1112.7029702970297,1987.6669042096112
EMA50/200黄金交叉,4h,100,3,30,31,12,38.70967741935484,13.220674658487468,3.0000000000000027,33.333333333333336,1106.1290322580644,3049.4428770554873
放量突破,1h,150,3,20,505,192,38.01980198019802,5.250383622903806,2.79732437268442,50.0,1103.4059405940595,2650.2225389461482
EMA7/25金叉,1h,200,2,20,686,192,27.988338192419825,5.886276420309713,1.9518614038072095,100.0,1090.728862973761,3318.9107843740635
趋势EMA交叉,1h,200,3,15,480,179,37.291666666666664,5.200964068594269,2.7201874221658993,66.66666666666667,1090.53125,1682.9423130965736
EMA50/200黄金交叉,4h,200,2,25,31,7,22.58064516129032,14.637636299660256,2.000000000000003,100.0,1090.3225806451612,1361.586352440543
趋势EMA交叉,1d,150,3,25,23,7,30.434782608695656,53.59722417849773,3.0000000000000044,50.0,1089.1304347826087,8179.514231237101
放量突破,1h,100,3,30,505,192,38.01980198019802,5.250383622903806,2.79732437268442,33.333333333333336,1084.8118811881186,3975.3338084192224
放量突破,1d,100,2,25,9,4,44.44444444444444,54.30920916989248,2.000000000000005,50.0,1083.3333333333333,5180.9209169892465
趋势EMA交叉,1h,150,3,20,480,179,37.291666666666664,5.200964068594269,2.7201874221658993,50.0,1081.1249999999998,2243.923084128765
放量突破,1d,200,7,10,9,5,55.55555555555556,73.41721823305829,7.000000000000011,28.571428571428573,1080.0,3390.8609116529133
突破买入,4h,200,3,25,229,52,22.707423580786028,15.236475486564416,2.986173399388042,66.66666666666667,1077.401746724891,6593.600840241654
EMA50/200黄金交叉,1h,200,2,15,156,57,36.53846153846153,5.490057465548701,1.9395910725696164,100.0,1077.1153846153845,1813.7063902782588
EMA50/200黄金交叉,4h,200,5,10,31,17,54.83870967741935,13.09216689943906,5.000000000000004,40.0,1074.1935483870968,1525.6683729046401
EMA50/200黄金交叉,1h,150,2,20,156,57,36.53846153846153,5.490057465548701,1.9395910725696164,75.0,1070.7692307692305,2418.2751870376787
放量突破,1d,100,3,25,9,4,44.44444444444444,54.30920916989248,3.0000000000000027,33.333333333333336,1069.4444444444443,5055.9209169892465
趋势EMA交叉,1h,100,3,30,480,179,37.291666666666664,5.200964068594269,2.7201874221658993,33.333333333333336,1062.3125,3365.884626193147
放量突破,4h,200,3,20,116,32,27.586206896551722,15.712322801053569,2.974094970420479,66.66666666666667,1059.9999999999998,5059.4070423678795
EMA7/25金叉,1h,200,3,15,571,207,36.25218914185639,5.418420147876413,2.740559193567844,66.66666666666667,1058.879159369527,1860.7413622758359
EMA50/200黄金交叉,1h,100,2,30,156,57,36.53846153846153,5.490057465548701,1.9395910725696164,50.0,1058.0769230769229,3627.4127805565176
EMA7/25金叉,1d,150,3,30,28,7,25.0,58.434117511538865,3.0000000000000036,50.0,1057.5,10381.164677423158
EMA7/25金叉,1h,150,3,20,571,207,36.25218914185639,5.418420147876413,2.740559193567844,50.0,1049.3169877408054,2480.9884830344477
突破买入,1h,200,3,15,674,242,35.90504451038576,5.563037141106371,2.71763584609914,66.66666666666667,1048.3086053412462,2583.544539493695
趋势EMA交叉,4h,200,2,30,175,32,18.285714285714285,18.025733452676004,2.000000000000001,100.0,1048.1142857142856,8724.704114568956
趋势EMA交叉,1h,150,2,25,571,165,28.896672504378284,5.710988576525867,1.9346730233739458,75.0,1048.0735551663747,3920.8966909236565
趋势EMA交叉,1d,200,2,25,23,5,21.73913043478261,64.62306488247118,2.0000000000000018,100.0,1047.8260869565217,7177.883110308896
突破买入,1h,150,3,20,674,242,35.90504451038576,5.563037141106371,2.71763584609914,50.0,1038.6943620178045,3444.7260526582604
放量突破,1h,200,2,20,592,158,26.68918918918919,5.368617395859407,1.9588564794472447,100.0,1038.2432432432431,-38.04327068635729
EMA50/200黄金交叉,1h,100,3,25,151,65,43.04635761589404,5.117341182959109,2.6029406565636637,33.333333333333336,1033.4437086092714,2719.3570106966745
EMA50/200黄金交叉,1h,150,5,15,145,69,47.58620689655172,4.964917052098005,3.9231923777452193,30.0,1031.3793103448274,666.2498382918862
EMA7/25金叉,1h,100,3,30,571,207,36.25218914185639,5.418420147876413,2.740559193567844,33.333333333333336,1030.1926444833623,3721.4827245516717
放量突破,4h,200,2,25,131,28,21.374045801526716,15.994410330544442,2.000000000000002,100.0,1029.3893129770993,6046.087231381105
看涨插针,1h,200,3,15,703,247,35.13513513513514,5.430006723035712,2.7945971910981684,66.66666666666667,1024.864864864865,1003.130121735847
看涨插针,4h,200,3,25,240,52,21.666666666666668,14.1527134624742,2.9569167018995,66.66666666666667,1024.5833333333335,4501.019002288815
突破买入,1h,200,2,20,831,218,26.233453670276774,6.116471737654331,1.9395129550441723,100.0,1019.8315282791817,2889.38794733133
突破买入,1h,100,3,30,674,242,35.90504451038576,5.563037141106371,2.71763584609914,33.333333333333336,1019.4658753709199,5167.08907898739
看涨插针,1h,150,3,20,703,247,35.13513513513514,5.430006723035712,2.7945971910981684,50.0,1015.1351351351352,1337.5068289811293
看涨插针,1h,200,2,20,858,224,26.107226107226104,6.005519455162066,1.9593387807180902,100.0,1014.7319347319345,2060.3114196206707
EMA7/25金叉,1h,150,2,25,686,192,27.988338192419825,5.886276420309713,1.9518614038072095,75.0,1013.5568513119534,4148.638480467579
趋势EMA交叉,4h,200,3,20,148,39,26.351351351351347,15.155561364116926,3.0000000000000036,66.66666666666667,1009.8648648648648,5281.337864011194
RSI超卖,1h,150,2,30,704,165,23.4375,5.716890501007958,1.9651723791361826,75.0,1008.75,-3478.2293906426758
放量突破,1h,150,5,15,439,203,46.24145785876993,4.966932391282194,3.8860528380090065,30.0,1000.1138952164007,1367.682084902397
看涨插针,1h,100,3,30,703,247,35.13513513513514,5.430006723035712,2.7945971910981684,33.333333333333336,995.6756756756758,2006.260243471694
趋势EMA交叉,1h,150,5,15,417,192,46.043165467625904,5.242733758790978,3.7553872593353956,30.0,995.5035971223022,2424.6412250610565
EMA7/25金叉,1d,200,2,25,29,6,20.689655172413794,60.51872464458819,2.0000000000000013,100.0,994.8275862068966,7927.808696688227
EMA7/25金叉,4h,150,3,30,174,41,23.563218390804597,15.895032502561449,2.980875838553391,50.0,991.5517241379312,7657.195382322554
趋势EMA交叉,4h,200,5,15,119,41,34.45378151260504,14.349935275090486,4.719951705996335,40.0,984.453781512605,3302.866698164936
放量突破,1d,150,2,15,9,4,44.44444444444444,66.80920916989248,2.000000000000005,75.0,983.3333333333333,3858.552550193548
放量突破,4h,150,3,25,116,32,27.586206896551722,15.712322801053569,2.974094970420479,50.0,980.1724137931036,6324.258802959849
EMA50/200黄金交叉,1h,200,7,10,142,72,50.70422535211267,4.882833452325194,4.452772996384771,28.571428571428573,979.5774647887323,398.6989882048002
突破买入,1d,200,3,25,29,6,20.689655172413794,51.23510893562037,3.0000000000000044,66.66666666666667,975.0000000000001,5960.266340343053
放量突破,1d,150,3,15,9,4,44.44444444444444,66.80920916989248,3.0000000000000027,50.0,974.9999999999999,3783.552550193548
EMA7/25金叉,1h,150,5,15,474,213,44.936708860759495,5.316209812814482,3.7584512605450207,30.0,969.7784810126583,2270.9536669085137
EMA50/200黄金交叉,4h,150,2,30,31,7,22.58064516129032,14.637636299660256,2.000000000000003,75.0,969.6774193548385,1633.9036229286514
放量突破,1h,200,7,10,411,206,50.121654501216554,4.962877840077413,4.416029748254245,28.571428571428573,967.5182481751826,1170.6673666382674
放量突破,1d,75,2,30,9,4,44.44444444444444,48.059209169892476,2.000000000000005,37.5,966.6666666666665,5467.105100387096
趋势EMA交叉,1h,200,7,10,388,194,50.0,5.058021642980719,4.187845893056565,28.571428571428573,965.0,1688.1409548528607
突破买入,4h,200,2,30,272,46,16.911764705882355,17.077840323618194,1.993595980936652,100.0,964.8529411764707,10050.838895842608
放量突破,1h,150,2,25,592,158,26.68918918918919,5.368617395859407,1.9588564794472447,75.0,964.1891891891892,-47.55408835794661
突破买入,1d,200,2,25,30,6,20.0,51.23510893562037,2.0000000000000013,100.0,960.0,6485.266340343055
放量突破,4h,200,5,15,104,35,33.65384615384615,13.741117001477031,4.748468621068567,40.0,959.8557692307693,2299.421402969474
放量突破,1d,150,5,15,9,4,44.44444444444444,66.80920916989248,5.000000000000004,30.0,958.3333333333333,3633.5525501935485
EMA7/25金叉,1d,200,3,20,28,7,25.0,58.434117511538865,3.0000000000000036,66.66666666666667,955.0,6920.776451615438
突破买入,4h,150,3,30,229,52,22.707423580786028,15.236475486564416,2.986173399388042,50.0,952.2707423580787,7912.321008289984
EMA7/25金叉,4h,200,2,30,210,35,16.666666666666664,17.897385255699746,2.0000000000000013,100.0,949.9999999999999,8292.254518484726
放量突破,1d,75,3,30,9,4,44.44444444444444,48.059209169892476,3.0000000000000027,25.0,949.9999999999999,5317.105100387096
突破买入,1h,150,5,15,561,247,44.02852049910874,5.5031763280034465,3.715975249981834,30.0,948.6631016042782,2887.0248678383327
突破买入,1h,150,2,25,831,218,26.233453670276774,6.116471737654331,1.9395129550441723,75.0,946.8712394705174,3611.734934164163
EMA7/25金叉,1h,200,7,10,440,216,49.09090909090909,5.207874399151381,4.323517641931397,28.571428571428573,946.1818181818182,1564.3291842406538
看涨插针,4h,200,5,15,181,60,33.14917127071823,12.219111595734104,4.7412114439221265,40.0,944.3370165745855,2391.9016654420357
EMA50/200黄金交叉,1h,150,3,15,151,65,43.04635761589404,5.117341182959109,2.6029406565636637,50.0,942.9139072847681,1631.6142064180049
看涨插针,1h,150,2,25,858,224,26.107226107226104,6.005519455162066,1.9593387807180902,75.0,942.074592074592,2575.389274525838
RSI超卖,4h,200,3,25,211,42,19.90521327014218,14.331294886724168,2.967633532364142,66.66666666666667,935.1895734597157,2509.6079568218797
趋势EMA交叉,4h,150,3,25,148,39,26.351351351351347,15.155561364116926,3.0000000000000036,50.0,932.9391891891892,6601.672330013993
趋势EMA交叉,1d,150,2,30,23,5,21.73913043478261,64.62306488247118,2.0000000000000018,75.0,931.304347826087,8613.459732370675
看涨插针,1h,150,5,15,567,245,43.20987654320987,5.578262046844789,3.837472483974583,30.0,929.6296296296296,1965.1209245573593
EMA50/200黄金交叉,1h,200,5,10,145,69,47.58620689655172,4.964917052098005,3.9231923777452193,40.0,925.5172413793102,444.1665588612575
RSI超卖,1h,200,3,15,573,182,31.762652705061083,5.696117515225116,2.844551400511498,66.66666666666667,922.17277486911,-1132.8931474353692
EMA50/200黄金交叉,4h,100,3,25,31,12,38.70967741935484,13.220674658487468,3.0000000000000027,33.333333333333336,921.7741935483871,2541.2023975462394
EMA50/200黄金交叉,1h,75,3,30,151,65,43.04635761589404,5.117341182959109,2.6029406565636637,25.0,917.2847682119204,3263.2284128360097
放量突破,4h,150,2,30,131,28,21.374045801526716,15.994410330544442,2.000000000000002,75.0,914.6564885496184,7255.3046776573265
EMA7/25金叉,4h,200,5,15,137,44,32.11678832116788,14.172494964681874,4.71565763468686,40.0,912.5912408759124,2775.504276301867
RSI超卖,1h,150,3,20,573,182,31.762652705061083,5.696117515225116,2.844551400511498,50.0,911.9371727748692,-1510.5241965804921
看涨插针,1h,200,7,10,513,243,47.368421052631575,5.443156769497422,4.32477079653725,28.571428571428573,910.5263157894735,1549.9897992281615
突破买入,1h,200,7,10,514,243,47.276264591439684,5.441552278205388,3.984756251041708,28.571428571428573,908.6186770428014,2424.282595716064
RSI超卖,1h,200,2,20,704,165,23.4375,5.716890501007958,1.9651723791361826,100.0,906.875,-2318.819593761784
看涨插针,4h,150,3,30,240,52,21.666666666666668,14.1527134624742,2.9569167018995,50.0,904.5,5401.222802746577
放量突破,1h,100,3,25,505,192,38.01980198019802,5.250383622903806,2.79732437268442,33.333333333333336,904.0099009900989,3312.7781736826855
看涨插针,1d,200,3,30,43,7,16.27906976744186,57.89442537054699,3.0000000000000036,66.66666666666667,901.3953488372093,8917.829327814865
放量突破,1h,200,5,10,439,203,46.24145785876993,4.966932391282194,3.8860528380090065,40.0,897.9498861047836,911.7880566015981
EMA7/25金叉,4h,200,3,20,174,41,23.563218390804597,15.895032502561449,2.980875838553391,66.66666666666667,896.6666666666666,5104.796921548369
趋势EMA交叉,1h,200,5,10,417,192,46.043165467625904,5.242733758790978,3.7553872593353956,40.0,893.884892086331,1616.4274833740376
RSI超卖,1h,100,3,30,573,182,31.762652705061083,5.696117515225116,2.844551400511498,33.333333333333336,891.4659685863874,-2265.7862948707384
趋势EMA交叉,1h,100,3,25,480,179,37.291666666666664,5.200964068594269,2.7201874221658993,33.333333333333336,885.2604166666666,2804.903855160956
RSI超卖,1h,200,7,10,397,183,46.095717884130984,5.480875037468783,4.759059499826934,28.571428571428573,884.1813602015113,-154.38601106176668
EMA7/25金叉,1d,150,2,30,29,6,20.689655172413794,60.51872464458819,2.0000000000000013,75.0,883.448275862069,9513.370436025873
趋势EMA交叉,1d,200,3,15,23,7,30.434782608695656,53.59722417849773,3.0000000000000044,66.66666666666667,881.7391304347827,4907.708538742261
EMA50/200黄金交叉,1h,100,2,25,156,57,36.53846153846153,5.490057465548701,1.9395910725696164,50.0,881.730769230769,3022.843983797098
EMA7/25金叉,1d,150,3,25,28,7,25.0,58.434117511538865,3.0000000000000036,50.0,881.25,8650.970564519299
放量突破,1d,200,15,5,9,8,88.88888888888889,44.15148643252354,15.0,13.333333333333334,880.5555555555555,1691.0594573009416
放量突破,1d,200,2,10,9,4,44.44444444444444,79.30920916989248,2.000000000000005,100.0,877.7777777777778,3072.368366795699
放量突破,4h,200,7,10,94,43,45.744680851063826,11.503831810075695,6.208437385993251,28.571428571428573,876.9148936170212,1780.3446114759915
趋势EMA交叉,4h,200,2,25,175,32,18.285714285714285,18.025733452676004,2.000000000000001,100.0,873.4285714285713,7270.586762140798
EMA50/200黄金交叉,4h,200,2,20,31,7,22.58064516129032,14.637636299660256,2.000000000000003,100.0,872.2580645161289,1089.2690819524344
放量突破,1d,200,3,10,9,4,44.44444444444444,79.30920916989248,3.0000000000000027,66.66666666666667,872.2222222222223,3022.368366795699
RSI超卖,1d,200,3,30,38,6,15.789473684210526,64.43702515457475,3.0000000000000018,66.66666666666667,871.578947368421,8718.664527823452
恐慌闪崩,1h,200,3,30,19,3,15.789473684210526,3.2665468912883036,2.863524003900972,66.66666666666667,871.578947368421,-1080.502301656519
趋势EMA交叉,1d,150,3,20,23,7,30.434782608695656,53.59722417849773,3.0000000000000044,50.0,871.3043478260871,6543.611384989681
EMA7/25金叉,1h,200,5,10,474,213,44.936708860759495,5.316209812814482,3.7584512605450207,40.0,871.2025316455696,1513.9691112723426
放量突破,1d,100,2,20,9,4,44.44444444444444,54.30920916989248,2.000000000000005,50.0,866.6666666666667,4144.736733591398
RSI超卖,1h,150,5,15,450,182,40.44444444444444,5.776925562450402,4.055101861953256,30.0,865.3333333333334,-530.5026995624836
突破买入,4h,200,3,20,229,52,22.707423580786028,15.236475486564416,2.986173399388042,66.66666666666667,861.9213973799127,5274.880672193322
放量突破,1d,200,5,10,9,4,44.44444444444444,79.30920916989248,5.000000000000004,40.0,861.1111111111111,2922.3683667956993
趋势EMA交叉,1d,200,5,15,23,7,30.434782608695656,53.59722417849773,5.000000000000002,40.0,860.8695652173915,4427.708538742261
突破买入,1d,150,3,30,29,6,20.689655172413794,51.23510893562037,3.0000000000000044,50.0,859.6551724137931,7152.319608411664
EMA7/25金叉,1h,100,3,25,571,207,36.25218914185639,5.418420147876413,2.740559193567844,33.333333333333336,858.4938704028021,3101.23560379306
放量突破,1d,100,3,20,9,4,44.44444444444444,54.30920916989248,3.0000000000000027,33.333333333333336,855.5555555555555,4044.7367335913978
突破买入,1h,200,5,10,561,247,44.02852049910874,5.5031763280034465,3.715975249981834,40.0,852.5846702317291,1924.6832452255553
突破买入,1d,150,2,30,30,6,20.0,51.23510893562037,2.0000000000000013,75.0,852.0,7782.319608411666
趋势EMA交叉,1d,100,3,30,23,7,30.434782608695656,53.59722417849773,3.0000000000000044,33.333333333333336,850.4347826086959,9815.417077484522
突破买入,1h,100,3,25,674,242,35.90504451038576,5.563037141106371,2.71763584609914,33.333333333333336,849.5548961424332,4305.907565822825
趋势EMA交叉,1h,200,2,15,571,165,28.896672504378284,5.710988576525867,1.9346730233739458,100.0,845.569176882662,2352.538014554194
EMA50/200黄金交叉,1h,200,3,10,151,65,43.04635761589404,5.117341182959109,2.6029406565636637,66.66666666666667,843.841059602649,1087.7428042786698
EMA50/200黄金交叉,4h,150,3,15,31,12,38.70967741935484,13.220674658487468,3.0000000000000027,50.0,843.3870967741935,1524.7214385277437
EMA50/200黄金交叉,4h,150,7,10,31,18,58.06451612903226,13.732210705500211,6.574938574938581,21.428571428571427,841.6129032258066,1617.055912248023
RSI超卖,1h,150,2,25,704,165,23.4375,5.716890501007958,1.9651723791361826,75.0,840.625,-2898.52449220223
突破买入,4h,200,5,15,178,53,29.775280898876407,15.897491640009516,4.793339486868901,40.0,840.5898876404494,3650.994315928374
看涨插针,4h,200,2,30,283,42,14.840989399293287,15.035045047411748,1.994706103498171,100.0,839.3639575971732,4522.431631447024
趋势EMA交叉,1h,150,2,20,571,165,28.896672504378284,5.710988576525867,1.9346730233739458,75.0,838.4588441330999,3136.717352738925
趋势EMA交叉,1d,200,2,20,23,5,21.73913043478261,64.62306488247118,2.0000000000000018,100.0,838.2608695652174,5742.306488247117
看涨插针,1h,200,5,10,567,245,43.20987654320987,5.578262046844789,3.837472483974583,40.0,835.8024691358024,1310.080616371573
看涨插针,1h,100,3,25,703,247,35.13513513513514,5.430006723035712,2.7945971910981684,33.333333333333336,829.7297297297298,1671.8835362264117
放量突破,1h,150,3,15,505,192,38.01980198019802,5.250383622903806,2.79732437268442,50.0,827.5544554455445,1987.6669042096112
EMA50/200黄金交叉,1h,100,3,20,151,65,43.04635761589404,5.117341182959109,2.6029406565636637,33.333333333333336,826.7549668874171,2175.4856085573397
EMA7/25金叉,4h,150,3,25,174,41,23.563218390804597,15.895032502561449,2.980875838553391,50.0,826.2931034482759,6380.996151935462
趋势EMA交叉,1h,100,2,30,571,165,28.896672504378284,5.710988576525867,1.9346730233739458,50.0,824.2381786339755,4705.076029108388
RSI超卖,4h,150,3,30,211,42,19.90521327014218,14.331294886724168,2.967633532364142,50.0,823.6492890995261,3011.529548186256
放量突破,4h,200,2,20,131,28,21.374045801526716,15.994410330544442,2.000000000000002,100.0,823.5114503816793,4836.869785104884
看涨插针,4h,200,3,20,240,52,21.666666666666668,14.1527134624742,2.9569167018995,66.66666666666667,819.6666666666667,3600.8152018310516
EMA7/25金叉,1h,200,2,15,686,192,27.988338192419825,5.886276420309713,1.9518614038072095,100.0,818.0466472303208,2489.1830882805475
EMA50/200黄金交叉,4h,75,3,30,31,12,38.70967741935484,13.220674658487468,3.0000000000000027,25.0,815.8064516129033,3049.4428770554873
EMA7/25金叉,1h,150,2,20,686,192,27.988338192419825,5.886276420309713,1.9518614038072095,75.0,810.8454810495627,3318.9107843740635
趋势EMA交叉,1h,150,3,15,480,179,37.291666666666664,5.200964068594269,2.7201874221658993,50.0,810.8437499999999,1682.9423130965736
RSI超卖,4h,200,5,15,167,48,28.74251497005988,12.579424014343116,4.810792100265235,40.0,808.8323353293414,469.9213913535975
EMA50/200黄金交叉,4h,150,2,25,31,7,22.58064516129032,14.637636299660256,2.000000000000003,75.0,808.0645161290321,1361.586352440543
放量突破,1d,75,2,25,9,4,44.44444444444444,48.059209169892476,2.000000000000005,37.5,805.5555555555554,4555.9209169892465
突破买入,4h,200,2,25,272,46,16.911764705882355,17.077840323618194,1.993595980936652,100.0,804.044117647059,8375.699079868838
EMA50/200黄金交叉,1h,150,2,15,156,57,36.53846153846153,5.490057465548701,1.9395910725696164,75.0,803.076923076923,1813.7063902782588
放量突破,1d,150,7,10,9,5,55.55555555555556,63.41721823305829,7.000000000000011,21.428571428571427,802.2222222222224,2890.8609116529133
EMA50/200黄金交叉,4h,150,5,10,31,17,54.83870967741935,13.09216689943906,5.000000000000004,30.0,799.9999999999999,1525.6683729046401
放量突破,1h,75,3,30,505,192,38.01980198019802,5.250383622903806,2.79732437268442,25.0,799.6633663366337,3975.3338084192224
EMA7/25金叉,1h,100,2,30,686,192,27.988338192419825,5.886276420309713,1.9518614038072095,50.0,796.4431486880467,4978.366176561095
EMA7/25金叉,1d,200,2,20,29,6,20.689655172413794,60.51872464458819,2.0000000000000013,100.0,795.8620689655172,6342.246957350581
放量突破,4h,200,3,15,116,32,27.586206896551722,15.712322801053569,2.974094970420479,66.66666666666667,794.9999999999999,3794.55528177591
突破买入,4h,150,3,25,229,52,22.707423580786028,15.236475486564416,2.986173399388042,50.0,793.5589519650656,6593.600840241654
EMA7/25金叉,4h,200,2,25,210,35,16.666666666666664,17.897385255699746,2.0000000000000013,100.0,791.6666666666666,6910.212098737272
放量突破,1d,75,3,25,9,4,44.44444444444444,48.059209169892476,3.0000000000000027,25.0,791.6666666666666,4430.9209169892465
EMA50/200黄金交叉,4h,100,5,15,31,17,54.83870967741935,13.09216689943906,5.000000000000004,20.0,788.7096774193548,2288.5025593569603
趋势EMA交叉,4h,200,7,10,111,46,41.44144144144144,13.65021079107146,6.059076346144772,28.571428571428573,787.8378378378378,2340.6973388987703
EMA7/25金叉,1h,150,3,15,571,207,36.25218914185639,5.418420147876413,2.740559193567844,50.0,786.9877408056042,1860.7413622758359
放量突破,4h,150,3,20,116,32,27.586206896551722,15.712322801053569,2.974094970420479,50.0,784.1379310344828,5059.4070423678795
EMA50/200黄金交叉,1h,75,2,30,156,57,36.53846153846153,5.490057465548701,1.9395910725696164,37.5,784.0384615384614,3627.4127805565176
趋势EMA交叉,1h,75,3,30,480,179,37.291666666666664,5.200964068594269,2.7201874221658993,25.0,782.6249999999999,3365.884626193147
突破买入,1d,200,3,20,29,6,20.689655172413794,51.23510893562037,3.0000000000000044,66.66666666666667,780.0,4768.213072274442
RSI超卖,1h,200,5,10,450,182,40.44444444444444,5.776925562450402,4.055101861953256,40.0,779.1111111111111,-353.66846637498907
突破买入,1h,150,3,15,674,242,35.90504451038576,5.563037141106371,2.71763584609914,50.0,779.0207715133531,2583.544539493695
放量突破,1h,200,2,15,592,158,26.68918918918919,5.368617395859407,1.9588564794472447,100.0,778.6824324324325,-28.532453014767967
趋势EMA交叉,1d,150,2,25,23,5,21.73913043478261,64.62306488247118,2.0000000000000018,75.0,776.0869565217391,7177.883110308896
趋势EMA交叉,4h,150,2,30,175,32,18.285714285714285,18.025733452676004,2.000000000000001,75.0,773.8285714285713,8724.704114568956
看涨插针,4h,200,7,10,157,64,40.76433121019109,11.805144655344057,6.181978025000047,28.571428571428573,773.8216560509554,1806.0530161701522
放量突破,1h,150,2,20,592,158,26.68918918918919,5.368617395859407,1.9588564794472447,75.0,771.3513513513512,-38.04327068635729
突破买入,1d,200,2,20,30,6,20.0,51.23510893562037,2.0000000000000013,100.0,768.0,5188.213072274444
突破买入,1h,200,2,15,831,218,26.233453670276774,6.116471737654331,1.9395129550441723,100.0,764.8736462093862,2167.0409604984975
EMA50/200黄金交叉,1h,75,3,25,151,65,43.04635761589404,5.117341182959109,2.6029406565636637,25.0,764.4039735099337,2719.3570106966745
放量突破,4h,100,3,30,116,32,27.586206896551722,15.712322801053569,2.974094970420479,33.333333333333336,762.4137931034481,7589.11056355182
放量突破,4h,150,2,25,131,28,21.374045801526716,15.994410330544442,2.000000000000002,75.0,762.2137404580154,6046.087231381105
看涨插针,1h,150,3,15,703,247,35.13513513513514,5.430006723035712,2.7945971910981684,50.0,761.3513513513515,1003.130121735847
看涨插针,1h,200,2,15,858,224,26.107226107226104,6.005519455162066,1.9593387807180902,100.0,761.0489510489509,1545.233564715503
EMA7/25金叉,1h,75,3,30,571,207,36.25218914185639,5.418420147876413,2.740559193567844,25.0,758.3012259194396,3721.4827245516717
突破买入,1h,150,2,20,831,218,26.233453670276774,6.116471737654331,1.9395129550441723,75.0,757.4969915764138,2889.38794733133
趋势EMA交叉,4h,200,3,15,148,39,26.351351351351347,15.155561364116926,3.0000000000000036,66.66666666666667,757.3986486486485,3961.003398008396
放量突破,1h,100,2,30,592,158,26.68918918918919,5.368617395859407,1.9588564794472447,50.0,756.6891891891893,-57.06490602953593
EMA50/200黄金交叉,4h,200,3,10,31,12,38.70967741935484,13.220674658487468,3.0000000000000027,66.66666666666667,755.8064516129033,1016.4809590184957
看涨插针,4h,150,3,25,240,52,21.666666666666668,14.1527134624742,2.9569167018995,50.0,753.75,4501.019002288815
看涨插针,1h,150,2,20,858,224,26.107226107226104,6.005519455162066,1.9593387807180902,75.0,753.6596736596736,2060.3114196206707
看涨插针,1d,200,3,25,43,7,16.27906976744186,57.89442537054699,3.0000000000000036,66.66666666666667,751.1627906976744,7431.524439845721
突破买入,1h,75,3,30,674,242,35.90504451038576,5.563037141106371,2.71763584609914,25.0,750.1780415430268,5167.08907898739
RSI超卖,4h,200,3,20,211,42,19.90521327014218,14.331294886724168,2.967633532364142,66.66666666666667,748.1516587677726,2007.6863654575038
趋势EMA交叉,4h,150,3,20,148,39,26.351351351351347,15.155561364116926,3.0000000000000036,50.0,746.3513513513514,5281.337864011194
RSI超卖,1h,100,3,25,573,182,31.762652705061083,5.696117515225116,2.844551400511498,33.333333333333336,742.8883071553229,-1888.1552457256153
突破买入,1h,100,2,30,831,218,26.233453670276774,6.116471737654331,1.9395129550441723,50.0,742.7436823104692,4334.081920996995
放量突破,1h,200,3,10,505,192,38.01980198019802,5.250383622903806,2.79732437268442,66.66666666666667,741.8019801980198,1325.1112694730741
恐慌闪崩,1d,200,3,30,22,3,13.636363636363635,70.24879934048242,3.0000000000000027,66.66666666666667,740.4545454545454,4612.391940643418
看涨插针,1h,100,2,30,858,224,26.107226107226104,6.005519455162066,1.9593387807180902,50.0,738.8811188811188,3090.467129431006
EMA7/25金叉,4h,200,7,10,123,48,39.02439024390244,13.961255993527283,6.069865192767653,28.571428571428573,737.8048780487804,2149.003982317356
EMA50/200黄金交叉,4h,100,3,20,31,12,38.70967741935484,13.220674658487468,3.0000000000000027,33.333333333333336,737.4193548387098,2032.9619180369914
EMA7/25金叉,1d,150,2,25,29,6,20.689655172413794,60.51872464458819,2.0000000000000013,75.0,736.2068965517241,7927.808696688227
恐慌闪崩,1h,200,7,10,18,7,38.88888888888889,6.774878728316835,5.915843780704659,28.571428571428573,735.0,-176.50130489533404
恐慌闪崩,1h,200,5,15,19,5,26.31578947368421,4.345546426940336,4.433877256267948,40.0,734.2105263157894,-605.1982417957438
看涨插针,1h,75,3,30,703,247,35.13513513513514,5.430006723035712,2.7945971910981684,25.0,732.1621621621623,2006.260243471694
趋势EMA交叉,1h,200,3,10,480,179,37.291666666666664,5.200964068594269,2.7201874221658993,66.66666666666667,727.0208333333333,1121.9615420643825
RSI超卖,1d,200,3,25,38,6,15.789473684210526,64.43702515457475,3.0000000000000018,66.66666666666667,726.3157894736842,7265.55377318621
恐慌闪崩,1h,200,3,25,19,3,15.789473684210526,3.2665468912883036,2.863524003900972,66.66666666666667,726.3157894736842,-900.4185847137658
EMA50/200黄金交叉,1h,150,7,10,142,72,50.70422535211267,4.882833452325194,4.452772996384771,21.428571428571427,726.056338028169,398.6989882048002
趋势EMA交叉,4h,150,5,15,119,41,34.45378151260504,14.349935275090486,4.719951705996335,30.0,726.0504201680673,3302.866698164936
趋势EMA交叉,4h,100,3,30,148,39,26.351351351351347,15.155561364116926,3.0000000000000036,33.333333333333336,724.2567567567567,7922.006796016792
放量突破,1h,100,3,20,505,192,38.01980198019802,5.250383622903806,2.79732437268442,33.333333333333336,723.2079207920792,2650.2225389461482
趋势EMA交叉,1d,200,7,10,21,8,38.095238095238095,54.76426494458062,7.000000000000006,28.571428571428573,718.5714285714286,3471.1411955664494
EMA50/200黄金交叉,1h,200,2,10,156,57,36.53846153846153,5.490057465548701,1.9395910725696164,100.0,718.076923076923,1209.1375935188394
放量突破,1h,150,7,10,411,206,50.121654501216554,4.962877840077413,4.416029748254245,21.428571428571427,716.9099756690998,1170.6673666382674
突破买入,1d,150,3,25,29,6,20.689655172413794,51.23510893562037,3.0000000000000044,50.0,716.3793103448276,5960.266340343053
EMA7/25金叉,1d,200,3,15,28,7,25.0,58.434117511538865,3.0000000000000036,66.66666666666667,716.25,5190.582338711579
趋势EMA交叉,1h,150,7,10,388,194,50.0,5.058021642980719,4.187845893056565,21.428571428571427,715.0,1688.1409548528607
RSI超卖,4h,200,2,30,259,33,12.741312741312742,15.596171026783209,1.9913460073550637,100.0,712.1235521235521,1938.883386648042
突破买入,4h,150,2,30,272,46,16.911764705882355,17.077840323618194,1.993595980936652,75.0,711.1764705882354,10050.838895842608
突破买入,4h,200,7,10,159,60,37.735849056603776,14.474440866441624,6.4142537371627935,28.571428571428573,711.1320754716982,2334.553320073808
突破买入,1d,150,2,25,30,6,20.0,51.23510893562037,2.0000000000000013,75.0,710.0,6485.266340343055
趋势EMA交叉,1d,100,3,25,23,7,30.434782608695656,53.59722417849773,3.0000000000000044,33.333333333333336,708.6956521739131,8179.514231237101
趋势EMA交叉,1h,100,3,20,480,179,37.291666666666664,5.200964068594269,2.7201874221658993,33.333333333333336,708.2083333333333,2243.923084128765
放量突破,4h,150,5,15,104,35,33.65384615384615,13.741117001477031,4.748468621068567,30.0,707.451923076923,2299.421402969474
EMA7/25金叉,1h,200,3,10,571,207,36.25218914185639,5.418420147876413,2.740559193567844,66.66666666666667,705.9194395796846,1240.4942415172238
EMA50/200黄金交叉,1h,100,2,20,156,57,36.53846153846153,5.490057465548701,1.9395910725696164,50.0,705.3846153846154,2418.2751870376787
EMA7/25金叉,1d,150,3,20,28,7,25.0,58.434117511538865,3.0000000000000036,50.0,705.0,6920.776451615438
EMA7/25金叉,1h,150,7,10,440,216,49.09090909090909,5.207874399151381,4.323517641931397,21.428571428571427,700.7272727272727,1564.3291842406538
EMA7/25金叉,4h,150,2,30,210,35,16.666666666666664,17.897385255699746,2.0000000000000013,75.0,699.9999999999998,8292.254518484726
看涨插针,4h,200,2,25,283,42,14.840989399293287,15.035045047411748,1.994706103498171,100.0,699.469964664311,3768.693026205854
突破买入,1h,200,3,10,674,242,35.90504451038576,5.563037141106371,2.71763584609914,66.66666666666667,698.8724035608309,1722.3630263291302
趋势EMA交叉,4h,200,2,20,175,32,18.285714285714285,18.025733452676004,2.000000000000001,100.0,698.742857142857,5816.469409712638
看涨插针,4h,150,5,15,181,60,33.14917127071823,12.219111595734104,4.7412114439221265,30.0,695.7182320441988,2391.9016654420357
看涨插针,1d,200,5,15,36,9,25.0,49.27817271485208,5.000000000000004,40.0,693.75,4627.553316505029
EMA7/25金叉,1d,200,5,15,28,7,25.0,58.434117511538865,5.0000000000000036,40.0,693.75,4560.58233871158
恐慌闪崩,1d,200,5,15,20,5,25.0,65.28134800368206,5.0000000000000036,40.0,693.75,3771.1011002761534
EMA50/200黄金交叉,1h,150,5,10,145,69,47.58620689655172,4.964917052098005,3.9231923777452193,30.0,687.5862068965516,444.1665588612575
趋势EMA交叉,1h,100,2,25,571,165,28.896672504378284,5.710988576525867,1.9346730233739458,50.0,686.8651488616463,3920.8966909236565
EMA7/25金叉,1h,100,3,20,571,207,36.25218914185639,5.418420147876413,2.740559193567844,33.333333333333336,686.7950963222416,2480.9884830344477
RSI超卖,4h,150,3,25,211,42,19.90521327014218,14.331294886724168,2.967633532364142,50.0,686.3744075829384,2509.6079568218797
RSI超卖,1h,150,3,15,573,182,31.762652705061083,5.696117515225116,2.844551400511498,50.0,683.9528795811519,-1132.8931474353692
看涨插针,1h,200,3,10,703,247,35.13513513513514,5.430006723035712,2.7945971910981684,66.66666666666667,683.2432432432432,668.7534144905646
EMA7/25金叉,1d,100,3,30,28,7,25.0,58.434117511538865,3.0000000000000036,33.333333333333336,682.5,10381.164677423158
RSI超卖,1h,200,2,15,704,165,23.4375,5.716890501007958,1.9651723791361826,100.0,680.15625,-1739.1146953213379
EMA50/200黄金交叉,4h,75,3,25,31,12,38.70967741935484,13.220674658487468,3.0000000000000027,25.0,679.8387096774193,2541.2023975462394
突破买入,1h,100,3,20,674,242,35.90504451038576,5.563037141106371,2.71763584609914,33.333333333333336,679.6439169139466,3444.7260526582604
EMA50/200黄金交叉,1h,100,5,15,145,69,47.58620689655172,4.964917052098005,3.9231923777452193,20.0,674.4827586206897,666.2498382918862
看涨插针,1h,150,7,10,513,243,47.368421052631575,5.443156769497422,4.32477079653725,21.428571428571427,673.6842105263158,1549.9897992281615
EMA7/25金叉,4h,200,3,15,174,41,23.563218390804597,15.895032502561449,2.980875838553391,66.66666666666667,672.5,3828.597691161277
RSI超卖,1h,150,2,20,704,165,23.4375,5.716890501007958,1.9651723791361826,75.0,672.5,-2318.819593761784
突破买入,1h,150,7,10,514,243,47.276264591439684,5.441552278205388,3.984756251041708,21.428571428571427,672.237354085603,2424.282595716064
EMA7/25金叉,4h,150,5,15,137,44,32.11678832116788,14.172494964681874,4.71565763468686,30.0,671.7153284671533,2775.504276301867
突破买入,1d,200,5,15,29,7,24.137931034482758,69.48897183746135,5.0000000000000036,40.0,667.2413793103449,5646.342042933441
放量突破,1h,150,5,10,439,203,46.24145785876993,4.966932391282194,3.8860528380090065,30.0,666.7425968109338,911.7880566015981
放量突破,1h,75,3,25,505,192,38.01980198019802,5.250383622903806,2.79732437268442,25.0,666.3861386138614,3312.7781736826855
看涨插针,1h,100,3,20,703,247,35.13513513513514,5.430006723035712,2.7945971910981684,33.333333333333336,663.7837837837837,1337.5068289811293
EMA7/25金叉,1h,100,2,25,686,192,27.988338192419825,5.886276420309713,1.9518614038072095,50.0,663.7026239067055,4148.638480467579
趋势EMA交叉,1h,150,5,10,417,192,46.043165467625904,5.242733758790978,3.7553872593353956,30.0,663.6690647482014,1616.4274833740376
EMA7/25金叉,4h,150,3,20,174,41,23.563218390804597,15.895032502561449,2.980875838553391,50.0,661.0344827586207,5104.796921548369
放量突破,1d,150,15,5,9,8,88.88888888888889,44.816821233476695,15.0,10.0,658.3333333333331,1717.672849339068
RSI超卖,1h,100,2,30,704,165,23.4375,5.716890501007958,1.9651723791361826,50.0,657.1875,-3478.2293906426758
趋势EMA交叉,4h,200,5,10,119,41,34.45378151260504,14.349935275090486,4.719951705996335,40.0,656.3025210084033,2201.9111321099576
放量突破,1d,150,2,10,9,4,44.44444444444444,66.80920916989248,2.000000000000005,75.0,655.5555555555554,2572.368366795699
EMA50/200黄金交叉,4h,200,2,15,31,7,22.58064516129032,14.637636299660256,2.000000000000003,100.0,654.1935483870967,816.9518114643257
RSI超卖,1h,150,7,10,397,183,46.095717884130984,5.480875037468783,4.759059499826934,21.428571428571427,653.7027707808564,-154.38601106176668
趋势EMA交叉,1d,150,3,15,23,7,30.434782608695656,53.59722417849773,3.0000000000000044,50.0,653.4782608695652,4907.708538742261
EMA50/200黄金交叉,1h,75,2,25,156,57,36.53846153846153,5.490057465548701,1.9395910725696164,37.5,653.3653846153844,3022.843983797098
放量突破,1h,100,5,15,439,203,46.24145785876993,4.966932391282194,3.8860528380090065,20.0,653.3029612756264,1367.682084902397
RSI超卖,1h,75,3,30,573,182,31.762652705061083,5.696117515225116,2.844551400511498,25.0,653.2460732984293,-2265.7862948707384
看涨插针,1d,200,2,30,51,6,11.76470588235294,61.808716063081626,2.000000000000002,100.0,652.9411764705883,8425.56889135469
趋势EMA交叉,1h,75,3,25,480,179,37.291666666666664,5.200964068594269,2.7201874221658993,25.0,652.1874999999999,2804.903855160956
趋势EMA交叉,1h,100,5,15,417,192,46.043165467625904,5.242733758790978,3.7553872593353956,20.0,650.1798561151079,2424.6412250610565
放量突破,1d,100,2,15,9,4,44.44444444444444,54.30920916989248,2.000000000000005,50.0,650.0,3108.552550193548
放量突破,1d,200,10,5,9,6,66.66666666666666,63.01846425768726,10.0,20.0,649.9999999999999,1740.553927730618
放量突破,1d,150,3,10,9,4,44.44444444444444,66.80920916989248,3.0000000000000027,50.0,649.9999999999999,2522.368366795699
放量突破,4h,150,7,10,94,43,45.744680851063826,11.503831810075695,6.208437385993251,21.428571428571427,648.191489361702,1780.3446114759915
EMA7/25金叉,1h,150,5,10,474,213,44.936708860759495,5.316209812814482,3.7584512605450207,30.0,646.5189873417721,1513.9691112723426
EMA50/200黄金交叉,4h,150,2,20,31,7,22.58064516129032,14.637636299660256,2.000000000000003,75.0,646.4516129032257,1089.2690819524344
突破买入,4h,200,3,15,229,52,22.707423580786028,15.236475486564416,2.986173399388042,66.66666666666667,646.4410480349345,3956.160504144992
趋势EMA交叉,4h,150,2,25,175,32,18.285714285714285,18.025733452676004,2.000000000000001,75.0,644.8571428571428,7270.586762140798
放量突破,1d,75,2,20,9,4,44.44444444444444,48.059209169892476,2.000000000000005,37.5,644.4444444444443,3644.7367335913978
突破买入,4h,200,2,20,272,46,16.911764705882355,17.077840323618194,1.993595980936652,100.0,643.2352941176471,6700.559263895071
放量突破,1d,100,3,15,9,4,44.44444444444444,54.30920916989248,3.0000000000000027,33.333333333333336,641.6666666666666,3033.552550193548
看涨插针,1d,150,3,30,44,7,15.909090909090908,50.75156822768985,3.0000000000000036,50.0,640.2272727272727,7327.829327814865
放量突破,4h,200,5,10,104,35,33.65384615384615,13.741117001477031,4.748468621068567,40.0,639.9038461538462,1532.9476019796493
RSI超卖,4h,200,7,10,140,48,34.285714285714285,12.450746023940331,6.425146535414908,28.571428571428573,639.7142857142857,65.22327890964259
放量突破,1d,150,5,10,9,4,44.44444444444444,66.80920916989248,5.000000000000004,30.0,638.8888888888887,2422.368366795699
EMA7/25金叉,4h,100,3,30,174,41,23.563218390804597,15.895032502561449,2.980875838553391,33.333333333333336,638.1034482758621,7657.195382322554
放量突破,4h,100,3,25,116,32,27.586206896551722,15.712322801053569,2.974094970420479,33.333333333333336,635.3448275862069,6324.258802959849
突破买入,4h,150,3,20,229,52,22.707423580786028,15.236475486564416,2.986173399388042,50.0,634.8471615720524,5274.880672193322
恐慌闪崩,1h,150,3,30,19,3,15.789473684210526,3.2665468912883036,2.863524003900972,50.0,634.7368421052631,-1080.502301656519
RSI超卖,1d,150,3,30,38,6,15.789473684210526,64.43702515457475,3.0000000000000018,50.0,634.7368421052631,8718.664527823452
恐慌闪崩,4h,200,5,15,26,6,23.076923076923077,6.622185540566041,4.78638610869624,40.0,634.6153846153845,-839.9191339579285
放量突破,1d,75,3,20,9,4,44.44444444444444,48.059209169892476,3.0000000000000027,25.0,633.3333333333331,3544.7367335913978
EMA7/25金叉,4h,200,2,20,210,35,16.666666666666664,17.897385255699746,2.0000000000000013,100.0,633.3333333333331,5528.169678989817
EMA7/25金叉,1h,100,5,15,474,213,44.936708860759495,5.316209812814482,3.7584512605450207,20.0,632.753164556962,2270.9536669085137
趋势EMA交叉,1d,150,5,15,23,7,30.434782608695656,53.59722417849773,5.000000000000002,30.0,632.608695652174,4427.708538742261
突破买入,1h,150,5,10,561,247,44.02852049910874,5.5031763280034465,3.715975249981834,30.0,632.4420677361854,1924.6832452255553
EMA7/25金叉,1h,75,3,25,571,207,36.25218914185639,5.418420147876413,2.740559193567844,25.0,631.9176882661997,3101.23560379306
EMA50/200黄金交叉,4h,100,2,30,31,7,22.58064516129032,14.637636299660256,2.000000000000003,50.0,630.9677419354838,1633.9036229286514
放量突破,1h,100,2,25,592,158,26.68918918918919,5.368617395859407,1.9588564794472447,50.0,630.5743243243243,-47.55408835794661
看涨插针,4h,200,5,10,181,60,33.14917127071823,12.219111595734104,4.7412114439221265,40.0,629.5580110497236,1594.6011102946904
趋势EMA交叉,1h,150,2,15,571,165,28.896672504378284,5.710988576525867,1.9346730233739458,75.0,628.8441330998248,2352.538014554194
趋势EMA交叉,1d,200,2,15,23,5,21.73913043478261,64.62306488247118,2.0000000000000018,100.0,628.695652173913,4306.729866185337
EMA50/200黄金交叉,1h,150,3,10,151,65,43.04635761589404,5.117341182959109,2.6029406565636637,50.0,628.6092715231788,1087.7428042786698
突破买入,1h,75,3,25,674,242,35.90504451038576,5.563037141106371,2.71763584609914,25.0,625.1483679525223,4305.907565822825
放量突破,1d,100,5,15,9,4,44.44444444444444,54.30920916989248,5.000000000000004,20.0,625.0,2883.5525501935485
趋势EMA交叉,1d,150,2,20,23,5,21.73913043478261,64.62306488247118,2.0000000000000018,75.0,620.8695652173913,5742.306488247117
EMA50/200黄金交叉,1h,100,3,15,151,65,43.04635761589404,5.117341182959109,2.6029406565636637,33.333333333333336,620.0662251655629,1631.6142064180049
看涨插针,1h,150,5,10,567,245,43.20987654320987,5.578262046844789,3.837472483974583,30.0,619.753086419753,1310.080616371573
突破买入,1h,100,2,25,831,218,26.233453670276774,6.116471737654331,1.9395129550441723,50.0,618.9530685920577,3611.734934164163
突破买入,1h,100,5,15,561,247,44.02852049910874,5.5031763280034465,3.715975249981834,20.0,618.4491978609626,2887.0248678383327
放量突破,4h,200,2,15,131,28,21.374045801526716,15.994410330544442,2.000000000000002,100.0,617.6335877862595,3627.6523388286632
突破买入,4h,150,5,15,178,53,29.775280898876407,15.897491640009516,4.793339486868901,30.0,617.2752808988763,3650.994315928374
恐慌闪崩,1d,200,3,25,22,3,13.636363636363635,70.24879934048242,3.0000000000000027,66.66666666666667,617.0454545454545,3843.659950536181
看涨插针,4h,150,2,30,283,42,14.840989399293287,15.035045047411748,1.994706103498171,75.0,616.7491166077738,4522.431631447024
看涨插针,1h,100,2,25,858,224,26.107226107226104,6.005519455162066,1.9593387807180902,50.0,615.7342657342657,2575.389274525838
RSI超卖,1h,200,3,10,573,182,31.762652705061083,5.696117515225116,2.844551400511498,66.66666666666667,614.78184991274,-755.2620982902461
看涨插针,4h,200,3,15,240,52,21.666666666666668,14.1527134624742,2.9569167018995,66.66666666666667,614.75,2700.6114013732886
突破买入,4h,100,3,30,229,52,22.707423580786028,15.236475486564416,2.986173399388042,33.333333333333336,611.6593886462882,7912.321008289984
EMA50/200黄金交叉,1h,75,3,20,151,65,43.04635761589404,5.117341182959109,2.6029406565636637,25.0,611.5231788079469,2175.4856085573397
看涨插针,1h,75,3,25,703,247,35.13513513513514,5.430006723035712,2.7945971910981684,25.0,610.1351351351352,1671.8835362264117
放量突破,4h,150,2,20,131,28,21.374045801526716,15.994410330544442,2.000000000000002,75.0,609.7709923664122,4836.869785104884
EMA7/25金叉,4h,200,5,10,137,44,32.11678832116788,14.172494964681874,4.71565763468686,40.0,608.3941605839416,1850.3361842012446
EMA7/25金叉,1h,150,2,15,686,192,27.988338192419825,5.886276420309713,1.9518614038072095,75.0,608.134110787172,2489.1830882805475
趋势EMA交叉,1h,75,2,30,571,165,28.896672504378284,5.710988576525867,1.9346730233739458,37.5,607.5131348511384,4705.076029108388
看涨插针,1h,100,5,15,567,245,43.20987654320987,5.578262046844789,3.837472483974583,20.0,605.5555555555554,1965.1209245573593
趋势EMA交叉,1d,100,2,30,23,5,21.73913043478261,64.62306488247118,2.0000000000000018,50.0,605.2173913043478,8613.459732370675
趋势EMA交叉,4h,100,3,25,148,39,26.351351351351347,15.155561364116926,3.0000000000000036,33.333333333333336,603.5472972972972,6601.672330013993
看涨插针,4h,150,3,20,240,52,21.666666666666668,14.1527134624742,2.9569167018995,50.0,603.0,3600.8152018310516
看涨插针,1d,200,3,20,43,7,16.27906976744186,57.89442537054699,3.0000000000000036,66.66666666666667,600.9302325581396,5945.219551876577
EMA7/25金叉,1d,200,2,15,29,6,20.689655172413794,60.51872464458819,2.0000000000000013,100.0,596.896551724138,4756.685218012936
EMA50/200黄金交叉,1h,50,3,30,151,65,43.04635761589404,5.117341182959109,2.6029406565636637,16.666666666666668,594.4370860927152,3263.2284128360097
RSI超卖,1h,100,3,20,573,182,31.762652705061083,5.696117515225116,2.844551400511498,33.333333333333336,594.3106457242583,-1510.5241965804921
放量突破,4h,100,2,30,131,28,21.374045801526716,15.994410330544442,2.000000000000002,50.0,594.0458015267175,7255.3046776573265
RSI超卖,4h,200,2,25,259,33,12.741312741312742,15.596171026783209,1.9913460073550637,100.0,593.4362934362935,1615.736155540035
RSI超卖,4h,150,5,15,167,48,28.74251497005988,12.579424014343116,4.810792100265235,30.0,593.2634730538922,469.9213913535975
突破买入,4h,150,2,25,272,46,16.911764705882355,17.077840323618194,1.993595980936652,75.0,592.6470588235295,8375.699079868838
趋势EMA交叉,1d,75,3,30,24,7,29.166666666666668,55.02144532412073,3.000000000000004,25.0,592.5,10024.50351806535
恐慌闪崩,4h,200,15,5,21,13,61.904761904761905,11.288072640876372,9.756902134732359,13.333333333333334,590.4761904761905,343.4486362676699
EMA7/25金叉,1d,150,2,20,29,6,20.689655172413794,60.51872464458819,2.0000000000000013,75.0,588.9655172413793,6342.246957350581
放量突破,4h,150,3,15,116,32,27.586206896551722,15.712322801053569,2.974094970420479,50.0,588.1034482758621,3794.55528177591
趋势EMA交叉,1d,200,3,10,23,7,30.434782608695656,53.59722417849773,3.0000000000000044,66.66666666666667,587.8260869565219,3271.8056924948405
恐慌闪崩,1d,200,15,5,13,8,61.53846153846154,40.63922559303451,13.44834554675928,13.333333333333334,586.5384615384615,1289.3603850523987
EMA7/25金叉,1h,75,2,30,686,192,27.988338192419825,5.886276420309713,1.9518614038072095,37.5,586.530612244898,4978.366176561095
突破买入,1d,200,3,15,29,6,20.689655172413794,51.23510893562037,3.0000000000000044,66.66666666666667,585.0,3576.159804205832
EMA7/25金叉,4h,150,2,25,210,35,16.666666666666664,17.897385255699746,2.0000000000000013,75.0,583.3333333333331,6910.212098737272
EMA50/200黄金交叉,4h,75,5,15,31,17,54.83870967741935,13.09216689943906,5.000000000000004,15.0,583.0645161290322,2288.5025593569603
RSI超卖,1d,200,3,20,38,6,15.789473684210526,64.43702515457475,3.0000000000000018,66.66666666666667,581.0526315789474,5812.443018548967
恐慌闪崩,1h,200,3,20,19,3,15.789473684210526,3.2665468912883036,2.863524003900972,66.66666666666667,581.0526315789474,-720.3348677710126
趋势EMA交叉,4h,150,7,10,111,46,41.44144144144144,13.65021079107146,6.059076346144772,21.428571428571427,580.6306306306307,2340.6973388987703
EMA50/200黄金交叉,4h,200,10,5,30,18,60.0,13.911420717303061,8.457214139720884,20.0,580.0,744.5950161740228
看涨插针,4h,100,3,30,240,52,21.666666666666668,14.1527134624742,2.9569167018995,33.333333333333336,579.5,5401.222802746577
放量突破,1h,150,2,15,592,158,26.68918918918919,5.368617395859407,1.9588564794472447,75.0,578.5135135135135,-28.532453014767967
EMA50/200黄金交叉,4h,200,15,5,28,17,60.71428571428571,13.08058379163377,9.717614022484684,13.333333333333334,577.6785714285714,577.3808510522132
RSI超卖,1d,200,5,15,33,7,21.21212121212121,61.41495450199898,5.000000000000004,40.0,577.2727272727273,4498.570222709891
RSI超卖,1h,150,5,10,450,182,40.44444444444444,5.776925562450402,4.055101861953256,30.0,576.8888888888888,-353.66846637498907
突破买入,1d,200,2,15,30,6,20.0,51.23510893562037,2.0000000000000013,100.0,576.0,3891.159804205833
放量突破,4h,200,15,5,81,49,60.49382716049383,11.40002762815499,6.868948253500102,13.333333333333334,575.3086419753087,1693.9750483379562
趋势EMA交叉,1d,200,5,10,23,7,30.434782608695656,53.59722417849773,5.000000000000002,40.0,573.913043478261,2951.8056924948405
EMA7/25金叉,1d,100,2,30,29,6,20.689655172413794,60.51872464458819,2.0000000000000013,50.0,573.1034482758621,9513.370436025873
突破买入,1d,150,3,20,29,6,20.689655172413794,51.23510893562037,3.0000000000000044,50.0,573.1034482758621,4768.213072274442
看涨插针,1d,200,7,10,29,9,31.03448275862069,57.131468215210504,7.000000000000007,28.571428571428573,572.4137931034484,3741.832139368944
看涨插针,4h,150,7,10,157,64,40.76433121019109,11.805144655344057,6.181978025000047,21.428571428571427,570.0000000000001,1806.0530161701522
EMA7/25金叉,1d,100,3,25,28,7,25.0,58.434117511538865,3.0000000000000036,33.333333333333336,568.75,8650.970564519299
突破买入,1h,150,2,15,831,218,26.233453670276774,6.116471737654331,1.9395129550441723,75.0,568.1227436823103,2167.0409604984975
突破买入,1d,150,2,20,30,6,20.0,51.23510893562037,2.0000000000000013,75.0,568.0,5188.213072274444
趋势EMA交叉,1d,100,3,20,23,7,30.434782608695656,53.59722417849773,3.0000000000000044,33.333333333333336,566.9565217391305,6543.611384989681
EMA7/25金叉,1d,200,7,10,26,8,30.76923076923077,58.996546610991615,7.000000000000006,28.571428571428573,566.9230769230769,3459.723728879328
EMA50/200黄金交叉,4h,200,7,5,31,18,58.06451612903226,13.732210705500211,6.574938574938581,28.571428571428573,565.967741935484,808.5279561240116
看涨插针,1h,150,2,15,858,224,26.107226107226104,6.005519455162066,1.9593387807180902,75.0,565.2447552447552,1545.233564715503
放量突破,1d,50,2,30,10,4,40.0,44.732478476420326,2.0000000000000053,25.0,564.0,5007.8974171704385
趋势EMA交叉,1h,200,2,10,571,165,28.896672504378284,5.710988576525867,1.9346730233739458,100.0,563.7127845884413,1568.3586763694625
EMA50/200黄金交叉,4h,150,3,10,31,12,38.70967741935484,13.220674658487468,3.0000000000000027,50.0,562.258064516129,1016.4809590184957
RSI超卖,1h,100,5,15,450,182,40.44444444444444,5.776925562450402,4.055101861953256,20.0,562.0,-530.5026995624836
RSI超卖,4h,200,3,15,211,42,19.90521327014218,14.331294886724168,2.967633532364142,66.66666666666667,561.1137440758295,1505.764774093128
突破买入,4h,200,5,10,178,53,29.775280898876407,15.897491640009516,4.793339486868901,40.0,560.3932584269663,2433.996210618916
恐慌闪崩,4h,200,7,10,23,7,30.434782608695656,5.965016570327146,6.6079826358703,28.571428571428573,560.0000000000001,-639.7260618163479
趋势EMA交叉,4h,150,3,15,148,39,26.351351351351347,15.155561364116926,3.0000000000000036,50.0,559.7635135135135,3961.003398008396
看涨插针,4h,200,2,20,283,42,14.840989399293287,15.035045047411748,1.994706103498171,100.0,559.5759717314488,3014.954420964683
放量突破,1h,75,2,30,592,158,26.68918918918919,5.368617395859407,1.9588564794472447,37.5,556.5202702702703,-57.06490602953593
放量突破,4h,75,3,30,116,32,27.586206896551722,15.712322801053569,2.974094970420479,25.0,555.5172413793103,7589.11056355182
EMA50/200黄金交叉,4h,100,3,15,31,12,38.70967741935484,13.220674658487468,3.0000000000000027,33.333333333333336,553.0645161290322,1524.7214385277437
突破买入,1d,100,2,30,30,6,20.0,51.23510893562037,2.0000000000000013,50.0,552.0,7782.319608411666
放量突破,1h,150,3,10,505,192,38.01980198019802,5.250383622903806,2.79732437268442,50.0,551.7029702970298,1325.1112694730741
EMA50/200黄金交叉,4h,100,7,10,31,18,58.06451612903226,13.732210705500211,6.574938574938581,14.285714285714286,551.2903225806452,1617.055912248023
趋势EMA交叉,1h,100,2,20,571,165,28.896672504378284,5.710988576525867,1.9346730233739458,50.0,549.492119089317,3136.717352738925
突破买入,1d,100,3,30,29,6,20.689655172413794,51.23510893562037,3.0000000000000044,33.333333333333336,549.3103448275863,7152.319608411664
RSI超卖,4h,150,3,20,211,42,19.90521327014218,14.331294886724168,2.967633532364142,50.0,549.0995260663507,2007.6863654575038
RSI超卖,1h,100,2,25,704,165,23.4375,5.716890501007958,1.9651723791361826,50.0,547.65625,-2898.52449220223
放量突破,1d,50,3,30,10,4,40.0,44.732478476420326,3.0000000000000036,16.666666666666668,546.0,4827.8974171704385
突破买入,1h,75,2,30,831,218,26.233453670276774,6.116471737654331,1.9395129550441723,37.5,545.9927797833934,4334.081920996995
EMA7/25金叉,1h,200,2,10,686,192,27.988338192419825,5.886276420309713,1.9518614038072095,100.0,545.3644314868804,1659.4553921870317
RSI超卖,1h,75,3,25,573,182,31.762652705061083,5.696117515225116,2.844551400511498,25.0,544.3717277486912,-1888.1552457256153
看涨插针,1d,200,2,25,51,6,11.76470588235294,61.808716063081626,2.000000000000002,100.0,544.1176470588234,7021.307409462242
EMA50/200黄金交叉,4h,75,3,20,31,12,38.70967741935484,13.220674658487468,3.0000000000000027,25.0,543.8709677419355,2032.9619180369914
看涨插针,1h,75,2,30,858,224,26.107226107226104,6.005519455162066,1.9593387807180902,37.5,543.0769230769231,3090.467129431006
EMA7/25金叉,4h,150,7,10,123,48,39.02439024390244,13.961255993527283,6.069865192767653,21.428571428571427,542.6829268292684,2149.003982317356
放量突破,1h,100,3,15,505,192,38.01980198019802,5.250383622903806,2.79732437268442,33.333333333333336,542.4059405940593,1987.6669042096112
趋势EMA交叉,1h,150,3,10,480,179,37.291666666666664,5.200964068594269,2.7201874221658993,50.0,540.5624999999999,1121.9615420643825
恐慌闪崩,1h,150,7,10,18,7,38.88888888888889,6.774878728316835,5.915843780704659,21.428571428571427,540.5555555555557,-176.50130489533404
放量突破,1d,200,7,5,9,5,55.55555555555556,73.41721823305829,7.000000000000011,28.571428571428573,540.0,1695.4304558264566
RSI超卖,4h,200,5,10,167,48,28.74251497005988,12.579424014343116,4.810792100265235,40.0,539.2215568862275,313.280927569065
EMA50/200黄金交叉,4h,200,5,5,31,17,54.83870967741935,13.09216689943906,5.000000000000004,40.0,537.0967741935484,762.8341864523201
恐慌闪崩,1h,150,5,15,19,5,26.31578947368421,4.345546426940336,4.433877256267948,30.0,536.8421052631578,-605.1982417957438
恐慌闪崩,1d,150,3,30,22,3,13.636363636363635,70.24879934048242,3.0000000000000027,50.0,535.9090909090909,4612.391940643418
EMA50/200黄金交叉,1h,150,2,10,156,57,36.53846153846153,5.490057465548701,1.9395910725696164,75.0,535.3846153846152,1209.1375935188394
看涨插针,1d,150,3,25,44,7,15.909090909090908,50.75156822768985,3.0000000000000036,50.0,533.5227272727273,6106.524439845721
放量突破,1h,75,3,20,505,192,38.01980198019802,5.250383622903806,2.79732437268442,25.0,533.1089108910892,2650.2225389461482
EMA7/25金叉,4h,100,3,25,174,41,23.563218390804597,15.895032502561449,2.980875838553391,33.333333333333336,531.7528735632184,6380.996151935462
趋势EMA交叉,1h,100,3,15,480,179,37.291666666666664,5.200964068594269,2.7201874221658993,33.333333333333336,531.15625,1682.9423130965736
EMA7/25金叉,1h,100,2,20,686,192,27.988338192419825,5.886276420309713,1.9518614038072095,50.0,530.9620991253645,3318.9107843740635
放量突破,4h,200,3,10,116,32,27.586206896551722,15.712322801053569,2.974094970420479,66.66666666666667,529.9999999999999,2529.7035211839398
EMA50/200黄金交叉,1h,100,2,15,156,57,36.53846153846153,5.490057465548701,1.9395910725696164,50.0,529.0384615384614,1813.7063902782588
恐慌闪崩,1h,150,3,25,19,3,15.789473684210526,3.2665468912883036,2.863524003900972,50.0,528.9473684210526,-900.4185847137658
RSI超卖,1d,150,3,25,38,6,15.789473684210526,64.43702515457475,3.0000000000000018,50.0,528.9473684210526,7265.55377318621
EMA7/25金叉,1d,150,3,15,28,7,25.0,58.434117511538865,3.0000000000000036,50.0,528.75,5190.582338711579
趋势EMA交叉,1d,150,7,10,21,8,38.095238095238095,54.76426494458062,7.000000000000006,21.428571428571427,528.095238095238,3471.1411955664494
趋势EMA交叉,4h,75,3,30,148,39,26.351351351351347,15.155561364116926,3.0000000000000036,25.0,526.6216216216217,7922.006796016792
EMA50/200黄金交叉,4h,100,5,10,31,17,54.83870967741935,13.09216689943906,5.000000000000004,20.0,525.8064516129032,1525.6683729046401
EMA50/200黄金交叉,4h,100,2,25,31,7,22.58064516129032,14.637636299660256,2.000000000000003,50.0,525.8064516129032,1361.586352440543
EMA50/200黄金交叉,4h,50,3,30,31,12,38.70967741935484,13.220674658487468,3.0000000000000027,16.666666666666668,525.483870967742,3049.4428770554873
RSI超卖,4h,100,3,30,211,42,19.90521327014218,14.331294886724168,2.967633532364142,33.333333333333336,525.0710900473935,3011.529548186256
EMA7/25金叉,1h,150,3,10,571,207,36.25218914185639,5.418420147876413,2.740559193567844,50.0,524.6584938704027,1240.4942415172238
放量突破,1d,100,7,10,9,5,55.55555555555556,53.41721823305829,7.000000000000011,14.285714285714286,524.4444444444445,2390.8609116529137
趋势EMA交叉,4h,200,2,15,175,32,18.285714285714285,18.025733452676004,2.000000000000001,100.0,524.0571428571428,4362.352057284478
EMA50/200黄金交叉,1h,75,2,20,156,57,36.53846153846153,5.490057465548701,1.9395910725696164,37.5,522.6923076923076,2418.2751870376787
突破买入,4h,150,7,10,159,60,37.735849056603776,14.474440866441624,6.4142537371627935,21.428571428571427,522.4528301886793,2334.553320073808
趋势EMA交叉,1h,75,3,20,480,179,37.291666666666664,5.200964068594269,2.7201874221658993,25.0,521.7499999999999,2243.923084128765
RSI超卖,4h,150,2,30,259,33,12.741312741312742,15.596171026783209,1.9913460073550637,75.0,521.003861003861,1938.883386648042
突破买入,1h,150,3,10,674,242,35.90504451038576,5.563037141106371,2.71763584609914,50.0,519.3471810089022,1722.3630263291302
放量突破,1h,200,2,10,592,158,26.68918918918919,5.368617395859407,1.9588564794472447,100.0,519.1216216216216,-19.021635343178644
趋势EMA交叉,4h,150,2,20,175,32,18.285714285714285,18.025733452676004,2.000000000000001,75.0,515.8857142857142,5816.469409712638
EMA7/25金叉,1h,100,3,15,571,207,36.25218914185639,5.418420147876413,2.740559193567844,33.333333333333336,515.0963222416812,1860.7413622758359
放量突破,1h,50,3,30,505,192,38.01980198019802,5.250383622903806,2.79732437268442,16.666666666666668,514.5148514851485,3975.3338084192224
看涨插针,4h,150,2,25,283,42,14.840989399293287,15.035045047411748,1.994706103498171,75.0,513.9575971731448,3768.693026205854
EMA50/200黄金交叉,1h,50,2,30,156,57,36.53846153846153,5.490057465548701,1.9395910725696164,25.0,509.9999999999999,3627.4127805565176
突破买入,1h,200,2,10,831,218,26.233453670276774,6.116471737654331,1.9395129550441723,100.0,509.91576413959086,1444.693973665665
突破买入,1h,100,3,15,674,242,35.90504451038576,5.563037141106371,2.71763584609914,33.333333333333336,509.73293768545994,2583.544539493695
突破买入,4h,100,3,25,229,52,22.707423580786028,15.236475486564416,2.986173399388042,33.333333333333336,509.71615720524017,6593.600840241654
放量突破,4h,100,3,20,116,32,27.586206896551722,15.712322801053569,2.974094970420479,33.333333333333336,508.27586206896547,5059.4070423678795
看涨插针,1h,150,3,10,703,247,35.13513513513514,5.430006723035712,2.7945971910981684,50.0,507.5675675675676,668.7534144905646
看涨插针,1h,200,2,10,858,224,26.107226107226104,6.005519455162066,1.9593387807180902,100.0,507.36596736596726,1030.1557098103353
趋势EMA交叉,1h,75,2,25,571,165,28.896672504378284,5.710988576525867,1.9346730233739458,37.5,506.26094570928194,3920.8966909236565
恐慌闪崩,1d,150,5,15,20,5,25.0,65.28134800368206,5.0000000000000036,30.0,506.25,3771.1011002761534
看涨插针,1d,150,5,15,36,9,25.0,49.27817271485208,5.000000000000004,30.0,506.25,4627.553316505029
EMA7/25金叉,1d,150,5,15,28,7,25.0,58.434117511538865,5.0000000000000036,30.0,506.25,4560.58233871158
放量突破,4h,200,10,5,85,45,52.94117647058824,11.106387265751207,6.820764570313726,20.0,505.8823529411766,1134.7842207312763
放量突破,1h,200,10,5,393,208,52.926208651399484,4.678942504948941,4.365553953534284,20.0,505.7251908396946,827.9627981276853
EMA7/25金叉,1h,75,3,20,571,207,36.25218914185639,5.418420147876413,2.740559193567844,25.0,505.53415061295965,2480.9884830344477
EMA7/25金叉,1h,200,10,5,420,222,52.85714285714286,5.010496366013721,4.420719580867139,20.0,505.0000000000001,1185.138581216763
趋势EMA交叉,4h,200,3,10,148,39,26.351351351351347,15.155561364116926,3.0000000000000036,66.66666666666667,504.9324324324324,2640.668932005597
放量突破,1h,100,2,20,592,158,26.68918918918919,5.368617395859407,1.9588564794472447,50.0,504.4594594594594,-38.04327068635729
RSI超卖,1h,150,2,15,704,165,23.4375,5.716890501007958,1.9651723791361826,75.0,504.375,-1739.1146953213379
趋势EMA交叉,1d,100,2,25,23,5,21.73913043478261,64.62306488247118,2.0000000000000018,50.0,504.34782608695656,7177.883110308896
趋势EMA交叉,1h,50,3,30,480,179,37.291666666666664,5.200964068594269,2.7201874221658993,16.666666666666668,502.9375,3365.884626193147
突破买入,1h,75,3,20,674,242,35.90504451038576,5.563037141106371,2.71763584609914,25.0,500.1186943620179,3444.7260526582604
趋势EMA交叉,4h,100,2,30,175,32,18.285714285714285,18.025733452676004,2.000000000000001,50.0,499.54285714285714,8724.704114568956
放量突破,1h,200,15,5,390,208,53.333333333333336,4.679639189985777,4.6740357633101,13.333333333333334,498.33333333333337,613.4522129730183
看涨插针,1h,100,3,15,703,247,35.13513513513514,5.430006723035712,2.7945971910981684,33.333333333333336,497.8378378378379,1003.130121735847
恐慌闪崩,4h,200,10,5,23,12,52.17391304347826,10.749087524104786,7.626864559827126,20.0,497.82608695652175,225.46770065579517
EMA50/200黄金交叉,1h,75,5,15,145,69,47.58620689655172,4.964917052098005,3.9231923777452193,15.0,496.03448275862064,666.2498382918862
EMA7/25金叉,4h,150,3,15,174,41,23.563218390804597,15.895032502561449,2.980875838553391,50.0,495.7758620689656,3828.597691161277
EMA50/200黄金交叉,1h,50,3,25,151,65,43.04635761589404,5.117341182959109,2.6029406565636637,16.666666666666668,495.36423841059604,2719.3570106966745
突破买入,1h,100,2,20,831,218,26.233453670276774,6.116471737654331,1.9395129550441723,50.0,495.16245487364625,2889.38794733133
放量突破,4h,100,2,25,131,28,21.374045801526716,15.994410330544442,2.000000000000002,50.0,495.0381679389313,6046.087231381105
恐慌闪崩,1h,200,15,5,17,9,52.94117647058824,10.454182518648677,8.671862622904168,13.333333333333334,494.1176470588236,123.56370842302368
趋势EMA交叉,1d,75,3,25,24,7,29.166666666666668,55.02144532412073,3.000000000000004,25.0,493.75,8353.752931721125
恐慌闪崩,1d,200,3,20,22,3,13.636363636363635,70.24879934048242,3.0000000000000027,66.66666666666667,493.63636363636357,3074.927960428945
趋势EMA交叉,1h,200,10,5,379,196,51.71503957783641,4.966922993348346,4.2966852997570815,20.0,493.0079155672823,936.1174842036495
看涨插针,1h,100,2,20,858,224,26.107226107226104,6.005519455162066,1.9593387807180902,50.0,492.5874125874125,2060.3114196206707
EMA7/25金叉,1h,200,15,5,413,218,52.78450363196126,4.899387704142578,4.714561914640944,13.333333333333334,492.43341404358347,743.634730740489
RSI超卖,1d,200,2,30,44,4,9.090909090909092,71.21398279933261,2.000000000000001,100.0,490.90909090909093,6145.677935919913
EMA50/200黄金交叉,1h,200,7,5,142,72,50.70422535211267,4.882833452325194,4.452772996384771,28.571428571428573,489.78873239436615,199.3494941024001
恐慌闪崩,1h,200,5,10,19,5,26.31578947368421,4.345546426940336,4.433877256267948,40.0,489.47368421052624,-403.4654945304959
EMA7/25金叉,1h,75,2,25,686,192,27.988338192419825,5.886276420309713,1.9518614038072095,37.5,488.7755102040817,4148.638480467579
看涨插针,1h,75,3,20,703,247,35.13513513513514,5.430006723035712,2.7945971910981684,25.0,488.1081081081082,1337.5068289811293
EMA7/25金叉,1h,50,3,30,571,207,36.25218914185639,5.418420147876413,2.740559193567844,16.666666666666668,486.4098073555166,3721.4827245516717
突破买入,1d,150,5,15,29,7,24.137931034482758,62.3461146946042,5.0000000000000036,30.0,486.20689655172407,4896.342042933441
趋势EMA交叉,1h,200,15,5,374,195,52.139037433155075,4.896023710682756,4.503279239460625,13.333333333333334,485.4946524064171,743.1881985984276
EMA50/200黄金交叉,4h,150,2,15,31,7,22.58064516129032,14.637636299660256,2.000000000000003,75.0,484.8387096774193,816.9518114643257
突破买入,4h,200,15,5,121,63,52.066115702479344,12.252378009840148,8.252073265653797,13.333333333333334,484.7107438016529,1466.3978260600459
趋势EMA交叉,4h,150,5,10,119,41,34.45378151260504,14.349935275090486,4.719951705996335,30.0,484.03361344537814,2201.9111321099576
放量突破,1h,200,7,5,411,206,50.121654501216554,4.962877840077413,4.416029748254245,28.571428571428573,483.7591240875913,585.3336833191337
放量突破,1d,75,2,15,9,4,44.44444444444444,48.059209169892476,2.000000000000005,37.5,483.33333333333326,2733.552550193548
放量突破,1d,150,10,5,9,6,66.66666666666666,54.68513092435393,10.0,15.0,483.3333333333332,1490.553927730618
看涨插针,4h,100,3,25,240,52,21.666666666666668,14.1527134624742,2.9569167018995,33.333333333333336,482.91666666666674,4501.019002288815
趋势EMA交叉,4h,100,3,20,148,39,26.351351351351347,15.155561364116926,3.0000000000000036,33.333333333333336,482.8378378378378,5281.337864011194
趋势EMA交叉,1h,200,7,5,388,194,50.0,5.058021642980719,4.187845893056565,28.571428571428573,482.5,844.0704774264303
EMA50/200黄金交叉,1h,200,10,5,140,71,50.71428571428571,4.777262468320289,4.694550415813078,20.0,482.49999999999994,76.30828279819049
突破买入,4h,200,2,15,272,46,16.911764705882355,17.077840323618194,1.993595980936652,100.0,482.42647058823536,5025.419447921304
RSI超卖,1d,200,7,10,30,8,26.666666666666668,54.98005843239417,7.000000000000006,28.571428571428573,482.00000000000006,2858.404674591532
RSI超卖,1h,75,2,30,704,165,23.4375,5.716890501007958,1.9651723791361826,37.5,481.40625,-3478.2293906426758
突破买入,1h,50,3,30,674,242,35.90504451038576,5.563037141106371,2.71763584609914,16.666666666666668,480.8902077151335,5167.08907898739
放量突破,1h,75,5,15,439,203,46.24145785876993,4.966932391282194,3.8860528380090065,15.0,479.89749430523904,1367.682084902397
EMA50/200黄金交叉,1h,200,15,5,138,71,51.449275362318836,4.76821499031325,4.492206397027964,13.333333333333334,478.0797101449275,187.82717855683592
EMA7/25金叉,1d,100,2,25,29,6,20.689655172413794,60.51872464458819,2.0000000000000013,50.0,477.5862068965518,7927.808696688227
趋势EMA交叉,1h,75,5,15,417,192,46.043165467625904,5.242733758790978,3.7553872593353956,15.0,477.5179856115108,2424.6412250610565
EMA7/25金叉,1d,200,3,10,28,7,25.0,58.434117511538865,3.0000000000000036,66.66666666666667,477.5,3460.388225807719
看涨插针,1h,200,10,5,478,240,50.2092050209205,5.1930522928862075,4.665500876596707,20.0,477.1966527196653,679.7167083133675
突破买入,4h,150,3,15,229,52,22.707423580786028,15.236475486564416,2.986173399388042,50.0,476.13537117903934,3956.160504144992
EMA7/25金叉,4h,200,2,15,210,35,16.666666666666664,17.897385255699746,2.0000000000000013,100.0,474.99999999999994,4146.127259242363
放量突破,1d,75,3,15,9,4,44.44444444444444,48.059209169892476,3.0000000000000027,25.0,474.99999999999994,2658.552550193548
EMA7/25金叉,1d,75,3,30,29,7,24.137931034482758,58.709854509182755,3.000000000000004,25.0,474.82758620689646,10349.069446928374
RSI超卖,4h,200,2,20,259,33,12.741312741312742,15.596171026783209,1.9913460073550637,100.0,474.74903474903476,1292.5889244320279
恐慌闪崩,1d,200,7,10,19,5,26.31578947368421,60.18245156764552,7.000000000000008,28.571428571428573,474.7368421052631,2029.1225783822754
突破买入,4h,150,2,20,272,46,16.911764705882355,17.077840323618194,1.993595980936652,75.0,474.1176470588236,6700.559263895071
EMA7/25金叉,1h,200,7,5,440,216,49.09090909090909,5.207874399151381,4.323517641931397,28.571428571428573,473.0909090909091,782.1645921203269
EMA50/200黄金交叉,1h,100,7,10,142,72,50.70422535211267,4.882833452325194,4.452772996384771,14.285714285714286,472.5352112676056,398.6989882048002
放量突破,4h,150,5,10,104,35,33.65384615384615,13.741117001477031,4.748468621068567,30.0,471.63461538461536,1532.9476019796493
看涨插针,1h,200,15,5,463,235,50.75593952483801,4.946881899204583,4.601677367446609,13.333333333333334,470.62634989200865,566.6740326762521
放量突破,1d,50,2,25,10,4,40.0,44.732478476420326,2.0000000000000053,25.0,470.0,4173.247847642032
看涨插针,1h,50,3,30,703,247,35.13513513513514,5.430006723035712,2.7945971910981684,16.666666666666668,468.6486486486487,2006.260243471694
RSI超卖,4h,150,7,10,140,48,34.285714285714285,12.450746023940331,6.425146535414908,21.428571428571427,468.28571428571433,65.22327890964259
趋势EMA交叉,4h,100,5,15,119,41,34.45378151260504,14.349935275090486,4.719951705996335,20.0,467.6470588235294,3302.866698164936
突破买入,1h,200,10,5,485,239,49.27835051546392,5.365966001002845,4.1167554711049155,20.0,467.42268041237116,1348.720141739353
看涨插针,4h,200,15,5,123,62,50.40650406504065,12.216265386171555,8.734397571469675,13.333333333333334,466.869918699187,1123.0510104149307
突破买入,1d,200,7,10,27,7,25.925925925925924,63.085077948218036,7.000000000000009,28.571428571428573,466.66666666666663,3015.955456375261
EMA7/25金叉,4h,150,2,20,210,35,16.666666666666664,17.897385255699746,2.0000000000000013,75.0,466.6666666666666,5528.169678989817
放量突破,1h,100,7,10,411,206,50.121654501216554,4.962877840077413,4.416029748254245,14.285714285714286,466.3017031630171,1170.6673666382674
看涨插针,1d,150,2,30,52,6,11.538461538461538,53.4753827297483,2.0000000000000013,75.0,466.1538461538461,6865.568891354689
趋势EMA交叉,1d,150,2,15,23,5,21.73913043478261,64.62306488247118,2.0000000000000018,75.0,465.6521739130435,4306.729866185337
趋势EMA交叉,1h,100,7,10,388,194,50.0,5.058021642980719,4.187845893056565,14.285714285714286,465.0,1688.1409548528607
EMA7/25金叉,1h,75,5,15,474,213,44.936708860759495,5.316209812814482,3.7584512605450207,15.0,464.24050632911394,2270.9536669085137
看涨插针,4h,150,5,10,181,60,33.14917127071823,12.219111595734104,4.7412114439221265,30.0,463.81215469613255,1594.6011102946904
放量突破,1h,75,2,25,592,158,26.68918918918919,5.368617395859407,1.9588564794472447,37.5,463.7668918918919,-47.55408835794661
看涨插针,4h,200,10,5,137,67,48.9051094890511,11.604828703039528,7.740371301013954,20.0,463.50364963503654,1178.4876601633578
放量突破,4h,75,3,25,116,32,27.586206896551722,15.712322801053569,2.974094970420479,25.0,462.93103448275866,6324.258802959849
EMA50/200黄金交叉,1h,200,5,5,145,69,47.58620689655172,4.964917052098005,3.9231923777452193,40.0,462.7586206896551,222.08327943062875
看涨插针,1d,200,5,10,36,9,25.0,49.27817271485208,5.000000000000004,40.0,462.5,3085.035544336686
恐慌闪崩,1d,200,5,10,20,5,25.0,65.28134800368206,5.0000000000000036,40.0,462.5,2514.0674001841026
EMA7/25金叉,1d,200,5,10,28,7,25.0,58.434117511538865,5.0000000000000036,40.0,462.5,3040.3882258077197
EMA50/200黄金交叉,4h,75,2,30,31,7,22.58064516129032,14.637636299660256,2.000000000000003,37.5,461.6129032258064,1633.9036229286514
恐慌闪崩,4h,150,5,15,26,6,23.076923076923077,6.622185540566041,4.78638610869624,30.0,461.5384615384615,-839.9191339579285
EMA7/25金叉,4h,75,3,30,174,41,23.563218390804597,15.895032502561449,2.980875838553391,25.0,461.3793103448276,7657.195382322554
突破买入,1d,100,2,25,30,6,20.0,51.23510893562037,2.0000000000000013,50.0,460.0,6485.266340343055
EMA50/200黄金交叉,1h,75,3,15,151,65,43.04635761589404,5.117341182959109,2.6029406565636637,25.0,458.6423841059602,1631.6142064180049
放量突破,1d,75,5,15,9,4,44.44444444444444,48.059209169892476,5.000000000000004,15.0,458.33333333333326,2508.552550193548
突破买入,1d,100,3,25,29,6,20.689655172413794,51.23510893562037,3.0000000000000044,33.333333333333336,457.75862068965523,5960.266340343053
RSI超卖,1h,200,10,5,362,175,48.34254143646409,5.773878774056079,4.95372108624661,20.0,457.59668508287297,420.4147116584893
突破买入,4h,100,2,30,272,46,16.911764705882355,17.077840323618194,1.993595980936652,50.0,457.50000000000006,10050.838895842608
放量突破,4h,150,2,15,131,28,21.374045801526716,15.994410330544442,2.000000000000002,75.0,457.3282442748092,3627.6523388286632
EMA7/25金叉,4h,200,15,5,101,50,49.504950495049506,12.502477175133102,8.378472694438374,13.333333333333334,457.1782178217822,989.1087567014904
突破买入,1h,200,15,5,477,236,49.47589098532495,5.389818001489289,4.360281711479749,13.333333333333334,456.86582809224325,1105.8457794242631
趋势EMA交叉,4h,200,15,5,93,46,49.46236559139785,12.880337629078333,8.441067743418358,13.333333333333334,456.7204301075269,978.8267349847034
RSI超卖,1h,150,3,10,573,182,31.762652705061083,5.696117515225116,2.844551400511498,50.0,455.9685863874346,-755.2620982902461
EMA7/25金叉,1h,100,7,10,440,216,49.09090909090909,5.207874399151381,4.323517641931397,14.285714285714286,455.2727272727273,1564.3291842406538
看涨插针,1h,200,7,5,513,243,47.368421052631575,5.443156769497422,4.32477079653725,28.571428571428573,455.26315789473676,774.9948996140807
放量突破,4h,100,5,15,104,35,33.65384615384615,13.741117001477031,4.748468621068567,20.0,455.0480769230769,2299.421402969474
放量突破,1d,50,3,25,10,4,40.0,44.732478476420326,3.0000000000000036,16.666666666666668,455.0,4023.247847642032
EMA7/25金叉,1d,100,3,20,28,7,25.0,58.434117511538865,3.0000000000000036,33.333333333333336,455.0,6920.776451615438
突破买入,1h,75,2,25,831,218,26.233453670276774,6.116471737654331,1.9395129550441723,37.5,454.99398315282787,3611.734934164163
RSI超卖,1h,200,15,5,341,168,49.266862170087975,5.473327773201102,5.008378314987641,13.333333333333334,454.6187683284457,265.3480870246164
突破买入,1h,200,7,5,514,243,47.276264591439684,5.441552278205388,3.984756251041708,28.571428571428573,454.3093385214007,1212.141297858032
RSI超卖,1h,200,2,10,704,165,23.4375,5.716890501007958,1.9651723791361826,100.0,453.4375,-1159.409796880892
突破买入,1h,75,5,15,561,247,44.02852049910874,5.5031763280034465,3.715975249981834,15.0,453.34224598930484,2887.0248678383327
看涨插针,1d,150,7,10,30,10,33.33333333333333,57.62863434311841,7.000000000000007,21.428571428571427,453.3333333333332,4362.863434311838
趋势EMA交叉,4h,200,10,5,96,46,47.91666666666667,12.714376962618374,6.88340579344253,20.0,453.12500000000006,1203.455253041594
看涨插针,1h,75,2,25,858,224,26.107226107226104,6.005519455162066,1.9593387807180902,37.5,452.56410256410254,2575.389274525838
看涨插针,4h,150,3,15,240,52,21.666666666666668,14.1527134624742,2.9569167018995,50.0,452.25,2700.6114013732886
RSI超卖,4h,200,15,5,100,49,49.0,11.49825867187357,9.559825626662496,13.333333333333334,451.75,379.3178398100887
看涨插针,1d,200,3,15,43,7,16.27906976744186,57.89442537054699,3.0000000000000036,66.66666666666667,450.69767441860466,4458.914663907432
EMA7/25金叉,4h,100,2,30,210,35,16.666666666666664,17.897385255699746,2.0000000000000013,50.0,449.99999999999994,8292.254518484726
EMA50/200黄金交叉,1h,100,5,10,145,69,47.58620689655172,4.964917052098005,3.9231923777452193,20.0,449.6551724137931,444.1665588612575
放量突破,1h,200,5,5,439,203,46.24145785876993,4.966932391282194,3.8860528380090065,40.0,448.9749430523918,455.89402830079905
EMA7/25金叉,4h,200,3,10,174,41,23.563218390804597,15.895032502561449,2.980875838553391,66.66666666666667,448.3333333333333,2552.3984607741845
EMA7/25金叉,4h,150,5,10,137,44,32.11678832116788,14.172494964681874,4.71565763468686,30.0,447.81021897810217,1850.3361842012446
趋势EMA交叉,1d,200,10,5,19,9,47.368421052631575,65.4176401398184,9.999999999999995,20.0,447.3684210526315,2443.7938062918283
看涨插针,4h,100,5,15,181,60,33.14917127071823,12.219111595734104,4.7412114439221265,20.0,447.0994475138121,2391.9016654420357
趋势EMA交叉,1h,200,5,5,417,192,46.043165467625904,5.242733758790978,3.7553872593353956,40.0,446.9424460431655,808.2137416870188
恐慌闪崩,1d,150,3,25,22,3,13.636363636363635,70.24879934048242,3.0000000000000027,50.0,446.59090909090907,3843.659950536181
RSI超卖,1h,100,3,15,573,182,31.762652705061083,5.696117515225116,2.844551400511498,33.333333333333336,445.7329842931937,-1132.8931474353692
EMA7/25金叉,4h,200,10,5,106,50,47.16981132075472,12.622413090901368,7.289100204895872,20.0,445.2830188679245,1114.655215354498
突破买入,1d,200,5,10,29,7,24.137931034482758,69.48897183746135,5.0000000000000036,40.0,444.82758620689657,3764.228028622294
恐慌闪崩,1h,200,10,5,17,8,47.05882352941176,8.038820350745796,8.008253509750134,20.0,444.1176470588235,-38.81859390892414
看涨插针,1h,75,5,15,567,245,43.20987654320987,5.578262046844789,3.837472483974583,15.0,443.5185185185185,1965.1209245573593
趋势EMA交叉,1d,75,2,30,23,5,21.73913043478261,63.38519332810114,2.0000000000000018,37.5,442.17391304347825,8427.77899921517
RSI超卖,1h,200,7,5,397,183,46.095717884130984,5.480875037468783,4.759059499826934,28.571428571428573,442.09068010075566,-77.19300553088334
EMA7/25金叉,1d,150,2,15,29,6,20.689655172413794,60.51872464458819,2.0000000000000013,75.0,441.7241379310345,4756.685218012936
突破买入,4h,75,3,30,229,52,22.707423580786028,15.236475486564416,2.986173399388042,25.0,441.35371179039305,7912.321008289984
恐慌闪崩,1d,200,10,5,15,7,46.666666666666664,44.9096995178106,9.999999999999996,20.0,439.99999999999994,1171.8394831233709
突破买入,4h,200,10,5,133,62,46.616541353383454,13.834177315213122,7.513983965157251,20.0,439.4736842105263,1621.130660085244
放量突破,1d,200,2,5,9,4,44.44444444444444,79.30920916989248,2.000000000000005,100.0,438.8888888888889,1536.1841833978494
趋势EMA交叉,4h,75,3,25,148,39,26.351351351351347,15.155561364116926,3.0000000000000036,25.0,438.8513513513513,6601.672330013993
放量突破,4h,200,7,5,94,43,45.744680851063826,11.503831810075695,6.208437385993251,28.571428571428573,438.4574468085106,890.1723057379958
RSI超卖,1h,100,2,20,704,165,23.4375,5.716890501007958,1.9651723791361826,50.0,438.125,-2318.819593761784
EMA50/200黄金交叉,4h,50,3,25,31,12,38.70967741935484,13.220674658487468,3.0000000000000027,16.666666666666668,437.9032258064516,2541.2023975462394
RSI超卖,4h,100,3,25,211,42,19.90521327014218,14.331294886724168,2.967633532364142,33.333333333333336,437.5592417061612,2509.6079568218797
看涨插针,1h,100,7,10,513,243,47.368421052631575,5.443156769497422,4.32477079653725,14.285714285714286,436.8421052631578,1549.9897992281615
EMA50/200黄金交叉,4h,200,2,10,31,7,22.58064516129032,14.637636299660256,2.000000000000003,100.0,436.12903225806446,544.6345409762172
放量突破,1d,200,3,5,9,4,44.44444444444444,79.30920916989248,3.0000000000000027,66.66666666666667,436.11111111111114,1511.1841833978494
放量突破,1d,100,15,5,9,8,88.88888888888889,38.56682123347669,15.0,6.666666666666667,436.11111111111114,1467.6728493390679
突破买入,1h,100,7,10,514,243,47.276264591439684,5.441552278205388,3.984756251041708,14.285714285714286,435.8560311284046,2424.282595716064
恐慌闪崩,1h,200,3,15,19,3,15.789473684210526,3.2665468912883036,2.863524003900972,66.66666666666667,435.7894736842105,-540.2511508282595
RSI超卖,1d,200,3,15,38,6,15.789473684210526,64.43702515457475,3.0000000000000018,66.66666666666667,435.7894736842105,4359.332263911726
恐慌闪崩,4h,150,15,5,21,13,61.904761904761905,11.288072640876372,9.756902134732359,10.0,435.7142857142858,343.4486362676699
趋势EMA交叉,1d,150,3,10,23,7,30.434782608695656,53.59722417849773,3.0000000000000044,50.0,435.65217391304355,3271.8056924948405
EMA7/25金叉,1h,200,5,5,474,213,44.936708860759495,5.316209812814482,3.7584512605450207,40.0,435.6012658227848,756.9845556361713
放量突破,1h,100,5,10,439,203,46.24145785876993,4.966932391282194,3.8860528380090065,20.0,435.5353075170842,911.7880566015981
RSI超卖,1h,75,3,20,573,182,31.762652705061083,5.696117515225116,2.844551400511498,25.0,435.49738219895295,-1510.5241965804921
看涨插针,1d,200,2,20,51,6,11.76470588235294,61.808716063081626,2.000000000000002,100.0,435.2941176470588,5617.045927569793
趋势EMA交叉,1d,200,15,5,19,9,47.368421052631575,63.667444533150075,13.952022933412513,13.333333333333334,434.2105263157894,2167.433857321127
RSI超卖,4h,150,2,25,259,33,12.741312741312742,15.596171026783209,1.9913460073550637,75.0,434.16988416988414,1615.736155540035
放量突破,4h,75,2,30,131,28,21.374045801526716,15.994410330544442,2.000000000000002,37.5,433.7404580152672,7255.3046776573265
趋势EMA交叉,1h,100,5,10,417,192,46.043165467625904,5.242733758790978,3.7553872593353956,20.0,433.453237410072,1616.4274833740376
放量突破,1d,100,2,10,9,4,44.44444444444444,54.30920916989248,2.000000000000005,50.0,433.33333333333337,2072.368366795699
恐慌闪崩,1d,150,15,5,13,8,61.53846153846154,40.63922559303451,13.44834554675928,10.0,432.69230769230774,1289.3603850523987
突破买入,4h,200,3,10,229,52,22.707423580786028,15.236475486564416,2.986173399388042,66.66666666666667,430.96069868995636,2637.440336096661
EMA7/25金叉,4h,100,5,15,137,44,32.11678832116788,14.172494964681874,4.71565763468686,20.0,430.83941605839414,2775.504276301867
放量突破,1d,200,5,5,9,4,44.44444444444444,79.30920916989248,5.000000000000004,40.0,430.55555555555554,1461.1841833978497
EMA50/200黄金交叉,4h,150,10,5,30,18,60.0,13.911420717303061,8.457214139720884,15.0,430.0,744.5950161740228
突破买入,1d,150,3,15,29,6,20.689655172413794,51.23510893562037,3.0000000000000044,50.0,429.82758620689657,3576.159804205832
放量突破,1h,50,3,25,505,192,38.01980198019802,5.250383622903806,2.79732437268442,16.666666666666668,428.76237623762376,3312.7781736826855
放量突破,1d,100,3,10,9,4,44.44444444444444,54.30920916989248,3.0000000000000027,33.333333333333336,427.77777777777777,2022.3683667956989
看涨插针,1d,150,3,20,44,7,15.909090909090908,50.75156822768985,3.0000000000000036,50.0,426.8181818181818,4885.219551876577
突破买入,1h,200,5,5,561,247,44.02852049910874,5.5031763280034465,3.715975249981834,40.0,426.29233511586455,962.3416226127777
突破买入,1d,150,2,15,30,6,20.0,51.23510893562037,2.0000000000000013,75.0,426.0,3891.159804205833
EMA50/200黄金交叉,4h,150,15,5,28,17,60.71428571428571,13.08058379163377,9.717614022484684,10.0,425.8928571428571,577.3808510522132
EMA7/25金叉,4h,100,3,20,174,41,23.563218390804597,15.895032502561449,2.980875838553391,33.333333333333336,425.40229885057465,5104.796921548369
趋势EMA交叉,1d,100,3,15,23,7,30.434782608695656,53.59722417849773,3.0000000000000044,33.333333333333336,425.2173913043479,4907.708538742261
EMA50/200黄金交叉,1h,50,2,25,156,57,36.53846153846153,5.490057465548701,1.9395910725696164,25.0,424.99999999999994,3022.843983797098
RSI超卖,4h,200,10,5,115,52,45.21739130434783,12.031803593737585,8.468970166685335,20.0,424.7826086956522,460.54333186589196
放量突破,4h,150,15,5,81,49,60.49382716049383,11.40002762815499,6.868948253500102,10.0,424.07407407407413,1693.9750483379562
RSI超卖,1h,100,7,10,397,183,46.095717884130984,5.480875037468783,4.759059499826934,14.285714285714286,423.2241813602015,-154.38601106176668
恐慌闪崩,1h,150,3,20,19,3,15.789473684210526,3.2665468912883036,2.863524003900972,50.0,423.157894736842,-720.3348677710126
RSI超卖,1d,150,3,20,38,6,15.789473684210526,64.43702515457475,3.0000000000000018,50.0,423.157894736842,5812.443018548967
恐慌闪崩,4h,200,5,10,26,6,23.076923076923077,6.622185540566041,4.78638610869624,40.0,423.0769230769231,-559.9460893052857
EMA50/200黄金交叉,1h,200,3,5,151,65,43.04635761589404,5.117341182959109,2.6029406565636637,66.66666666666667,421.9205298013245,543.8714021393349
EMA7/25金叉,1h,100,5,10,474,213,44.936708860759495,5.316209812814482,3.7584512605450207,20.0,421.8354430379747,1513.9691112723426
趋势EMA交叉,1d,150,5,10,23,7,30.434782608695656,53.59722417849773,5.000000000000002,30.0,421.7391304347827,2951.8056924948405
EMA50/200黄金交叉,4h,150,7,5,31,18,58.06451612903226,13.732210705500211,6.574938574938581,21.428571428571427,420.8064516129033,808.5279561240116
EMA50/200黄金交叉,4h,100,2,20,31,7,22.58064516129032,14.637636299660256,2.000000000000003,50.0,420.64516129032256,1089.2690819524344
看涨插针,4h,200,2,15,283,42,14.840989399293287,15.035045047411748,1.994706103498171,100.0,419.6819787985866,2261.215815723512
放量突破,4h,100,7,10,94,43,45.744680851063826,11.503831810075695,6.208437385993251,14.285714285714286,419.46808510638294,1780.3446114759915
趋势EMA交叉,1h,150,2,10,571,165,28.896672504378284,5.710988576525867,1.9346730233739458,75.0,419.22942206654994,1568.3586763694625
趋势EMA交叉,1d,200,2,10,23,5,21.73913043478261,64.62306488247118,2.0000000000000018,100.0,419.1304347826087,2871.1532441235586
趋势EMA交叉,1h,50,3,25,480,179,37.291666666666664,5.200964068594269,2.7201874221658993,16.666666666666668,419.1145833333333,2804.903855160956
RSI超卖,1d,150,5,15,33,7,21.21212121212121,61.41495450199898,5.000000000000004,30.0,418.18181818181813,4498.570222709891
EMA7/25金叉,1d,75,2,30,29,6,20.689655172413794,59.48716501594649,2.0000000000000013,37.5,417.9310344827586,9327.689702870368
看涨插针,1h,200,5,5,567,245,43.20987654320987,5.578262046844789,3.837472483974583,40.0,417.9012345679012,655.0403081857864
看涨插针,4h,75,3,30,240,52,21.666666666666668,14.158255754100505,2.9569167018995,25.0,417.0,5409.86877768361
放量突破,1d,100,5,10,9,4,44.44444444444444,54.30920916989248,5.000000000000004,20.0,416.6666666666667,1922.368366795699
趋势EMA交叉,4h,100,2,25,175,32,18.285714285714285,18.025733452676004,2.000000000000001,50.0,416.2857142857142,7270.586762140798
RSI超卖,1h,50,3,30,573,182,31.762652705061083,5.7223671282112045,2.844551400511498,16.666666666666668,415.0261780104712,-2122.463407966695
EMA50/200黄金交叉,1h,100,3,10,151,65,43.04635761589404,5.117341182959109,2.6029406565636637,33.333333333333336,413.37748344370857,1087.7428042786698
EMA7/25金叉,1d,150,7,10,26,8,30.76923076923077,58.996546610991615,7.000000000000006,21.428571428571427,413.0769230769231,3459.723728879328
突破买入,1h,100,5,10,561,247,44.02852049910874,5.5031763280034465,3.715975249981834,20.0,412.2994652406417,1924.6832452255553
趋势EMA交叉,1h,100,2,15,571,165,28.896672504378284,5.710988576525867,1.9346730233739458,50.0,412.11908931698775,2352.538014554194
RSI超卖,4h,150,3,15,211,42,19.90521327014218,14.331294886724168,2.967633532364142,50.0,411.82464454976304,1505.764774093128
放量突破,4h,200,2,10,131,28,21.374045801526716,15.994410330544442,2.000000000000002,100.0,411.75572519083966,2418.434892552442
突破买入,4h,150,5,10,178,53,29.775280898876407,15.897491640009516,4.793339486868901,30.0,411.51685393258424,2433.996210618916
看涨插针,4h,150,2,20,283,42,14.840989399293287,15.035045047411748,1.994706103498171,75.0,411.16607773851587,3014.954420964683
RSI超卖,1h,75,5,15,450,182,40.44444444444444,5.776925562450402,4.055101861953256,15.0,410.3333333333333,-530.5026995624836
看涨插针,4h,200,3,10,240,52,21.666666666666668,14.1527134624742,2.9569167018995,66.66666666666667,409.83333333333337,1800.4076009155258
RSI超卖,1d,200,2,25,44,4,9.090909090909092,71.21398279933261,2.000000000000001,100.0,409.0909090909091,5121.398279933261
EMA50/200黄金交叉,4h,75,3,15,31,12,38.70967741935484,13.220674658487468,3.0000000000000027,25.0,407.90322580645164,1524.7214385277437
恐慌闪崩,4h,150,7,10,23,7,30.434782608695656,5.965016570327146,6.6079826358703,21.428571428571427,407.8260869565218,-639.7260618163479
突破买入,4h,100,3,20,229,52,22.707423580786028,15.236475486564416,2.986173399388042,33.333333333333336,407.77292576419217,5274.880672193322
EMA50/200黄金交叉,4h,75,7,10,31,18,58.06451612903226,13.732210705500211,6.574938574938581,10.714285714285714,406.12903225806457,1617.055912248023
EMA7/25金叉,1h,150,2,10,686,192,27.988338192419825,5.886276420309713,1.9518614038072095,75.0,405.4227405247814,1659.4553921870317
EMA7/25金叉,1h,50,3,25,571,207,36.25218914185639,5.418420147876413,2.740559193567844,16.666666666666668,405.3415061295972,3101.23560379306
趋势EMA交叉,1h,75,2,20,571,165,28.896672504378284,5.710988576525867,1.9346730233739458,37.5,405.00875656742556,3136.717352738925
趋势EMA交叉,1d,100,5,15,23,7,30.434782608695656,53.59722417849773,5.000000000000002,20.0,404.3478260869566,4427.708538742261
看涨插针,1h,100,5,10,567,245,43.20987654320987,5.578262046844789,3.837472483974583,20.0,403.7037037037037,1310.080616371573
趋势EMA交叉,1d,100,2,20,23,5,21.73913043478261,64.62306488247118,2.0000000000000018,50.0,403.47826086956525,5742.306488247117
看涨插针,1d,100,3,30,44,7,15.909090909090908,43.608711084832706,3.0000000000000036,33.333333333333336,401.59090909090907,5827.829327814864
RSI超卖,1h,75,2,25,704,165,23.4375,5.716890501007958,1.9651723791361826,37.5,401.171875,-2898.52449220223
放量突破,1d,150,7,5,9,5,55.55555555555556,63.41721823305829,7.000000000000011,21.428571428571427,401.1111111111112,1445.4304558264566
突破买入,1h,50,3,25,674,242,35.90504451038576,5.563037141106371,2.71763584609914,16.666666666666668,400.7418397626113,4305.907565822825
EMA50/200黄金交叉,4h,150,5,5,31,17,54.83870967741935,13.09216689943906,5.000000000000004,30.0,399.99999999999994,762.8341864523201
放量突破,1h,75,3,15,505,192,38.01980198019802,5.250383622903806,2.79732437268442,25.0,399.83168316831683,1987.6669042096112
EMA7/25金叉,1h,100,2,15,686,192,27.988338192419825,5.886276420309713,1.9518614038072095,50.0,398.22157434402334,2489.1830882805475
EMA7/25金叉,1d,200,2,10,29,6,20.689655172413794,60.51872464458819,2.0000000000000013,100.0,397.9310344827586,3171.1234786752907
恐慌闪崩,1h,100,3,30,19,3,15.789473684210526,3.2665468912883036,2.863524003900972,33.333333333333336,397.89473684210526,-1080.502301656519
RSI超卖,1d,100,3,30,38,6,15.789473684210526,63.83797805048497,3.0000000000000018,33.333333333333336,397.89473684210526,8610.836049087293
EMA50/200黄金交叉,1h,50,3,20,151,65,43.04635761589404,5.117341182959109,2.6029406565636637,16.666666666666668,396.2913907284768,2175.4856085573397
放量突破,4h,100,2,20,131,28,21.374045801526716,15.994410330544442,2.000000000000002,50.0,396.03053435114504,4836.869785104884
EMA7/25金叉,1d,75,3,25,29,7,24.137931034482758,58.709854509182755,3.000000000000004,25.0,395.6896551724138,8624.22453910698
RSI超卖,4h,150,5,10,167,48,28.74251497005988,12.579424014343116,4.810792100265235,30.0,395.5089820359281,313.280927569065
趋势EMA交叉,1d,75,3,20,24,7,29.166666666666668,55.02144532412073,3.000000000000004,25.0,395.0,6683.0023453769
看涨插针,4h,100,2,30,283,42,14.840989399293287,15.035045047411748,1.994706103498171,50.0,394.1342756183746,4522.431631447024
突破买入,4h,100,5,15,178,53,29.775280898876407,15.897491640009516,4.793339486868901,20.0,393.9606741573034,3650.994315928374
趋势EMA交叉,4h,200,7,5,111,46,41.44144144144144,13.65021079107146,6.059076346144772,28.571428571428573,393.9189189189189,1170.3486694493852
看涨插针,1d,200,15,5,23,10,43.47826086956522,58.6269127080012,13.236820762360367,13.333333333333334,392.3913043478261,2070.952285846636
放量突破,4h,150,3,10,116,32,27.586206896551722,15.712322801053569,2.974094970420479,50.0,392.0689655172414,2529.7035211839398
EMA50/200黄金交叉,1h,75,2,15,156,57,36.53846153846153,5.490057465548701,1.9395910725696164,37.5,392.0192307692307,1813.7063902782588
趋势EMA交叉,1h,75,3,15,480,179,37.291666666666664,5.200964068594269,2.7201874221658993,25.0,391.31249999999994,1682.9423130965736
EMA7/25金叉,1h,75,2,20,686,192,27.988338192419825,5.886276420309713,1.9518614038072095,37.5,391.0204081632653,3318.9107843740635
趋势EMA交叉,1h,50,2,30,571,165,28.896672504378284,5.710988576525867,1.9346730233739458,25.0,390.78809106830124,4705.076029108388
看涨插针,1h,50,3,25,703,247,35.13513513513514,5.430006723035712,2.7945971910981684,16.666666666666668,390.5405405405406,1671.8835362264117
突破买入,1d,200,3,10,29,6,20.689655172413794,51.23510893562037,3.0000000000000044,66.66666666666667,390.0,2384.106536137221
RSI超卖,1h,200,5,5,450,182,40.44444444444444,5.776925562450402,4.055101861953256,40.0,389.55555555555554,-176.83423318749453
EMA50/200黄金交叉,4h,75,5,10,31,17,54.83870967741935,13.09216689943906,5.000000000000004,15.0,388.7096774193548,1525.6683729046401
看涨插针,1d,150,2,25,52,6,11.538461538461538,53.4753827297483,2.0000000000000013,75.0,388.46153846153845,5721.307409462242
看涨插针,1d,200,10,5,24,10,41.66666666666667,61.28674105342817,9.077047850763195,20.0,387.50000000000006,2428.943703117985
突破买入,1d,75,2,30,31,6,19.35483870967742,50.26588597648819,2.0000000000000013,37.5,387.0967741935484,7547.859475767874
趋势EMA交叉,4h,150,2,15,175,32,18.285714285714285,18.025733452676004,2.000000000000001,75.0,386.91428571428565,4362.352057284478
看涨插针,4h,200,7,5,157,64,40.76433121019109,11.805144655344057,6.181978025000047,28.571428571428573,386.9108280254777,903.0265080850761
看涨插针,4h,100,3,20,240,52,21.666666666666668,14.1527134624742,2.9569167018995,33.333333333333336,386.33333333333337,3600.8152018310516
放量突破,1h,150,2,10,592,158,26.68918918918919,5.368617395859407,1.9588564794472447,75.0,385.6756756756756,-19.021635343178644
放量突破,1d,75,7,10,9,5,55.55555555555556,48.41721823305828,7.000000000000011,10.714285714285714,385.55555555555566,2140.8609116529133
RSI超卖,1d,200,5,10,33,7,21.21212121212121,61.41495450199898,5.000000000000004,40.0,384.8484848484849,2999.0468151399273
EMA50/200黄金交叉,4h,75,2,25,31,7,22.58064516129032,14.637636299660256,2.000000000000003,37.5,384.67741935483866,1361.586352440543
EMA7/25金叉,4h,75,3,25,174,41,23.563218390804597,15.895032502561449,2.980875838553391,25.0,384.48275862068965,6380.996151935462
突破买入,1d,200,2,10,30,6,20.0,51.23510893562037,2.0000000000000013,100.0,384.0,2594.106536137222
EMA7/25金叉,1d,100,2,20,29,6,20.689655172413794,60.51872464458819,2.0000000000000013,50.0,382.0689655172414,6342.246957350581
突破买入,4h,100,2,25,272,46,16.911764705882355,17.077840323618194,1.993595980936652,50.0,381.25000000000006,8375.699079868838
放量突破,4h,100,3,15,116,32,27.586206896551722,15.712322801053569,2.974094970420479,33.333333333333336,381.20689655172407,3794.55528177591
EMA7/25金叉,1h,75,3,15,571,207,36.25218914185639,5.418420147876413,2.740559193567844,25.0,379.1506129597198,1860.7413622758359
突破买入,1h,150,2,10,831,218,26.233453670276774,6.116471737654331,1.9395129550441723,75.0,378.7484957882069,1444.693973665665
放量突破,1h,100,2,15,592,158,26.68918918918919,5.368617395859407,1.9588564794472447,50.0,378.34459459459464,-28.532453014767967
突破买入,1d,75,3,30,30,6,20.0,50.26588597648819,3.000000000000004,25.0,378.0,6887.859475767872
EMA50/200黄金交叉,4h,200,3,5,31,12,38.70967741935484,13.220674658487468,3.0000000000000027,66.66666666666667,377.90322580645164,508.24047950924785
RSI超卖,4h,100,5,15,167,48,28.74251497005988,12.579424014343116,4.810792100265235,20.0,377.6946107784431,469.9213913535975
EMA50/200黄金交叉,4h,50,5,15,31,17,54.83870967741935,13.09216689943906,5.000000000000004,10.0,377.41935483870964,2288.5025593569603
看涨插针,1h,150,2,10,858,224,26.107226107226104,6.005519455162066,1.9593387807180902,75.0,376.8298368298368,1030.1557098103353
EMA7/25金叉,1h,50,2,30,686,192,27.988338192419825,5.886276420309713,1.9518614038072095,25.0,376.6180758017493,4978.366176561095
放量突破,1d,50,2,20,10,4,40.0,44.732478476420326,2.0000000000000053,25.0,376.0,3338.5982781136254
RSI超卖,4h,75,3,30,211,42,19.90521327014218,14.331294886724168,2.967633532364142,25.0,375.781990521327,3011.529548186256
突破买入,1h,75,3,15,674,242,35.90504451038576,5.563037141106371,2.71763584609914,25.0,375.0890207715134,2583.544539493695
EMA7/25金叉,4h,100,2,25,210,35,16.666666666666664,17.897385255699746,2.0000000000000013,50.0,374.99999999999994,6910.212098737272
RSI超卖,1h,100,5,10,450,182,40.44444444444444,5.776925562450402,4.055101861953256,20.0,374.6666666666667,-353.66846637498907
RSI超卖,4h,200,3,10,211,42,19.90521327014218,14.331294886724168,2.967633532364142,66.66666666666667,374.0758293838863,1003.8431827287519
趋势EMA交叉,1d,50,3,30,24,7,29.166666666666668,43.74860883031241,3.000000000000004,16.666666666666668,373.75,7657.207854365604
放量突破,4h,150,10,5,85,45,52.94117647058824,11.106387265751207,6.820764570313726,15.0,373.52941176470586,1134.7842207312763
趋势EMA交叉,4h,100,7,10,111,46,41.44144144144144,13.65021079107146,6.059076346144772,14.285714285714286,373.4234234234234,2340.6973388987703
放量突破,1h,150,10,5,393,208,52.926208651399484,4.678942504948941,4.365553953534284,15.0,373.4096692111959,827.9627981276853
趋势EMA交叉,4h,150,3,10,148,39,26.351351351351347,15.155561364116926,3.0000000000000036,50.0,373.1756756756757,2640.668932005597
EMA7/25金叉,1h,150,10,5,420,222,52.85714285714286,5.010496366013721,4.420719580867139,15.0,372.8571428571429,1185.138581216763
突破买入,1h,100,2,15,831,218,26.233453670276774,6.116471737654331,1.9395129550441723,50.0,371.3718411552346,2167.0409604984975
放量突破,1h,75,2,20,592,158,26.68918918918919,5.368617395859407,1.9588564794472447,37.5,371.0135135135135,-38.04327068635729
放量突破,1h,200,3,5,505,192,38.01980198019802,5.250383622903806,2.79732437268442,66.66666666666667,370.9009900990099,662.5556347365371
放量突破,4h,75,3,20,116,32,27.586206896551722,15.712322801053569,2.974094970420479,25.0,370.3448275862069,5059.4070423678795
恐慌闪崩,1d,200,3,15,22,3,13.636363636363635,70.24879934048242,3.0000000000000027,66.66666666666667,370.2272727272727,2306.195970321709
看涨插针,1h,100,2,15,858,224,26.107226107226104,6.005519455162066,1.9593387807180902,50.0,369.4405594405594,1545.233564715503
EMA7/25金叉,4h,200,7,5,123,48,39.02439024390244,13.961255993527283,6.069865192767653,28.571428571428573,368.9024390243902,1074.501991158678
EMA50/200黄金交叉,4h,100,3,10,31,12,38.70967741935484,13.220674658487468,3.0000000000000027,33.333333333333336,368.7096774193549,1016.4809590184957
趋势EMA交叉,1d,75,2,25,23,5,21.73913043478261,63.38519332810114,2.0000000000000018,37.5,368.47826086956525,7023.149166012642
突破买入,1d,100,2,20,30,6,20.0,51.23510893562037,2.0000000000000013,50.0,368.0,5188.213072274444
突破买入,4h,75,3,25,229,52,22.707423580786028,15.236475486564416,2.986173399388042,25.0,367.79475982532756,6593.600840241654
恐慌闪崩,1h,200,7,5,18,7,38.88888888888889,6.774878728316835,5.915843780704659,28.571428571428573,367.5,-88.25065244766702
恐慌闪崩,4h,150,10,5,23,12,52.17391304347826,10.749087524104786,7.626864559827126,15.0,367.39130434782606,225.46770065579517
突破买入,1d,100,3,20,29,6,20.689655172413794,51.23510893562037,3.0000000000000044,33.333333333333336,366.2068965517241,4768.213072274442
看涨插针,4h,100,7,10,157,64,40.76433121019109,11.805144655344057,6.181978025000047,14.285714285714286,366.17834394904463,1806.0530161701522
看涨插针,1h,75,3,15,703,247,35.13513513513514,5.430006723035712,2.7945971910981684,25.0,366.08108108108115,1003.130121735847
放量突破,1h,150,15,5,390,208,53.333333333333336,4.679639189985777,4.6740357633101,10.0,365.0,613.4522129730183
EMA7/25金叉,1d,200,15,5,22,9,40.909090909090914,65.68851450794168,14.193863794932703,13.333333333333334,364.7727272727273,2033.3820061867495
放量突破,1d,50,3,20,10,4,40.0,44.732478476420326,3.0000000000000036,16.666666666666668,364.0,3218.5982781136254
突破买入,1h,75,2,20,831,218,26.233453670276774,6.116471737654331,1.9395129550441723,37.5,363.9951865222623,2889.38794733133
趋势EMA交叉,1h,150,10,5,379,196,51.71503957783641,4.966922993348346,4.2966852997570815,15.0,363.72031662269126,936.1174842036495
趋势EMA交叉,1h,200,3,5,480,179,37.291666666666664,5.200964068594269,2.7201874221658993,66.66666666666667,363.51041666666663,560.9807710321912
EMA50/200黄金交叉,1h,150,7,5,142,72,50.70422535211267,4.882833452325194,4.452772996384771,21.428571428571427,363.0281690140845,199.3494941024001
趋势EMA交叉,4h,75,2,30,175,32,18.285714285714285,18.025733452676004,2.000000000000001,37.5,362.4,8724.704114568956
趋势EMA交叉,4h,100,3,15,148,39,26.351351351351347,15.155561364116926,3.0000000000000036,33.333333333333336,362.12837837837833,3961.003398008396
看涨插针,1h,75,2,20,858,224,26.107226107226104,6.005519455162066,1.9593387807180902,37.5,362.051282051282,2060.3114196206707
恐慌闪崩,1h,150,15,5,17,9,52.94117647058824,10.454182518648677,8.671862622904168,10.0,361.76470588235287,123.56370842302368
放量突破,1h,100,3,10,505,192,38.01980198019802,5.250383622903806,2.79732437268442,33.333333333333336,361.6039603960396,1325.1112694730741
放量突破,4h,75,2,25,131,28,21.374045801526716,15.994410330544442,2.000000000000002,37.5,361.45038167938935,6046.087231381105
恐慌闪崩,4h,200,3,30,27,2,7.4074074074074066,5.282658475967096,3.0000000000000036,66.66666666666667,361.1111111111111,-1933.0404914419769
EMA7/25金叉,1h,150,15,5,413,218,52.78450363196126,4.899387704142578,4.714561914640944,10.0,360.4721549636804,743.634730740489
趋势EMA交叉,1d,200,7,5,21,8,38.095238095238095,54.76426494458062,7.000000000000006,28.571428571428573,359.2857142857143,1735.5705977832247
EMA50/200黄金交叉,1h,200,2,5,156,57,36.53846153846153,5.490057465548701,1.9395910725696164,100.0,359.0384615384615,604.5687967594197
放量突破,1h,150,7,5,411,206,50.121654501216554,4.962877840077413,4.416029748254245,21.428571428571427,358.4549878345499,585.3336833191337
恐慌闪崩,1h,150,5,10,19,5,26.31578947368421,4.345546426940336,4.433877256267948,30.0,357.8947368421052,-403.4654945304959
趋势EMA交叉,1h,150,7,5,388,194,50.0,5.058021642980719,4.187845893056565,21.428571428571427,357.5,844.0704774264303
恐慌闪崩,1d,150,3,20,22,3,13.636363636363635,70.24879934048242,3.0000000000000027,50.0,357.27272727272725,3074.927960428945
放量突破,1h,50,2,30,592,158,26.68918918918919,5.368617395859407,1.9588564794472447,25.0,356.35135135135135,-57.06490602953593
RSI超卖,4h,200,2,15,259,33,12.741312741312742,15.596171026783209,1.9913460073550637,100.0,356.0617760617761,969.441693324021
EMA50/200黄金交叉,1h,150,10,5,140,71,50.71428571428571,4.777262468320289,4.694550415813078,15.0,355.71428571428567,76.30828279819049
突破买入,4h,150,2,15,272,46,16.911764705882355,17.077840323618194,1.993595980936652,75.0,355.5882352941177,5025.419447921304
突破买入,4h,200,7,5,159,60,37.735849056603776,14.474440866441624,6.4142537371627935,28.571428571428573,355.5660377358491,1167.276660036904
趋势EMA交叉,1h,150,15,5,374,195,52.139037433155075,4.896023710682756,4.503279239460625,10.0,355.1470588235294,743.1881985984276
突破买入,4h,150,15,5,121,63,52.066115702479344,12.252378009840148,8.252073265653797,10.0,354.54545454545456,1466.3978260600459
RSI超卖,1d,150,2,30,44,4,9.090909090909092,71.21398279933261,2.000000000000001,75.0,354.54545454545456,6145.677935919913
趋势EMA交叉,1h,100,3,10,480,179,37.291666666666664,5.200964068594269,2.7201874221658993,33.333333333333336,354.10416666666663,1121.9615420643825
EMA7/25金叉,1h,200,3,5,571,207,36.25218914185639,5.418420147876413,2.740559193567844,66.66666666666667,352.9597197898423,620.2471207586119
EMA50/200黄金交叉,1h,100,2,10,156,57,36.53846153846153,5.490057465548701,1.9395910725696164,50.0,352.6923076923077,1209.1375935188394
EMA7/25金叉,1d,150,3,10,28,7,25.0,58.434117511538865,3.0000000000000036,50.0,352.5,3460.388225807719
看涨插针,1h,150,10,5,478,240,50.2092050209205,5.1930522928862075,4.665500876596707,15.0,351.673640167364,679.7167083133675
趋势EMA交叉,4h,75,3,20,148,39,26.351351351351347,15.155561364116926,3.0000000000000036,25.0,351.08108108108104,5281.337864011194
EMA7/25金叉,1h,150,7,5,440,216,49.09090909090909,5.207874399151381,4.323517641931397,21.428571428571427,350.3636363636364,782.1645921203269
EMA50/200黄金交叉,4h,50,3,20,31,12,38.70967741935484,13.220674658487468,3.0000000000000027,16.666666666666668,350.32258064516134,2032.9619180369914
RSI超卖,4h,100,3,20,211,42,19.90521327014218,14.331294886724168,2.967633532364142,33.333333333333336,350.04739336492895,2007.6863654575038
EMA7/25金叉,4h,150,2,15,210,35,16.666666666666664,17.897385255699746,2.0000000000000013,75.0,349.9999999999999,4146.127259242363
EMA50/200黄金交叉,1h,150,15,5,138,71,51.449275362318836,4.76821499031325,4.492206397027964,10.0,349.4565217391304,187.82717855683592
突破买入,1h,200,3,5,674,242,35.90504451038576,5.563037141106371,2.71763584609914,66.66666666666667,349.43620178041544,861.1815131645651
趋势EMA交叉,4h,200,2,10,175,32,18.285714285714285,18.025733452676004,2.000000000000001,100.0,349.3714285714285,2908.234704856319
突破买入,1h,50,2,30,831,218,26.233453670276774,6.116471737654331,1.9395129550441723,25.0,349.24187725631765,4334.081920996995
RSI超卖,1d,150,7,10,30,8,26.666666666666668,54.98005843239417,7.000000000000006,21.428571428571427,348.6666666666667,2858.404674591532
放量突破,4h,50,3,30,116,32,27.586206896551722,15.712322801053569,2.974094970420479,16.666666666666668,348.6206896551723,7589.11056355182
EMA7/25金叉,1d,75,2,25,29,6,20.689655172413794,59.48716501594649,2.0000000000000013,37.5,348.2758620689655,7773.074752391974
EMA7/25金叉,4h,100,7,10,123,48,39.02439024390244,13.961255993527283,6.069865192767653,14.285714285714286,347.5609756097561,2149.003982317356
看涨插针,4h,75,3,25,240,52,21.666666666666668,14.158255754100505,2.9569167018995,25.0,347.5,4508.223981403008
RSI超卖,4h,150,2,20,259,33,12.741312741312742,15.596171026783209,1.9913460073550637,75.0,347.3359073359073,1292.5889244320279
看涨插针,1h,50,2,30,858,224,26.107226107226104,6.005519455162066,1.9593387807180902,25.0,347.27272727272725,3090.467129431006
恐慌闪崩,1h,100,7,10,18,7,38.88888888888889,6.774878728316835,5.915843780704659,14.285714285714286,346.11111111111114,-176.50130489533404
RSI超卖,1h,50,3,25,573,182,31.762652705061083,5.7223671282112045,2.844551400511498,16.666666666666668,345.85514834205935,-1768.7195066389122
EMA50/200黄金交叉,1h,75,7,10,142,72,50.70422535211267,4.882833452325194,4.452772996384771,10.714285714285714,345.7746478873239,398.6989882048002
突破买入,1h,150,10,5,485,239,49.27835051546392,5.365966001002845,4.1167554711049155,15.0,344.2268041237113,1348.720141739353
EMA50/200黄金交叉,1h,150,5,5,145,69,47.58620689655172,4.964917052098005,3.9231923777452193,30.0,343.7931034482758,222.08327943062875
EMA7/25金叉,1d,200,10,5,24,9,37.5,69.17966828773928,9.999999999999998,20.0,343.75,2363.085072948268
看涨插针,1h,150,15,5,463,235,50.75593952483801,4.946881899204583,4.601677367446609,10.0,343.7365010799135,566.6740326762521
EMA7/25金叉,1h,100,3,10,571,207,36.25218914185639,5.418420147876413,2.740559193567844,33.333333333333336,343.3975481611208,1240.4942415172238
恐慌闪崩,1d,150,7,10,19,5,26.31578947368421,60.18245156764552,7.000000000000008,21.428571428571427,343.1578947368421,2029.1225783822754
放量突破,1h,50,3,20,505,192,38.01980198019802,5.250383622903806,2.79732437268442,16.666666666666668,343.009900990099,2650.2225389461482
看涨插针,1d,100,5,15,34,9,26.47058823529412,47.933380548819926,5.0000000000000036,20.0,341.9117647058824,4596.006374090687
看涨插针,1h,200,3,5,703,247,35.13513513513514,5.430006723035712,2.7945971910981684,66.66666666666667,341.6216216216216,334.3767072452823
EMA7/25金叉,1d,100,3,15,28,7,25.0,58.434117511538865,3.0000000000000036,33.333333333333336,341.25,5190.582338711579
看涨插针,4h,150,10,5,137,67,48.9051094890511,11.604828703039528,7.740371301013954,15.0,341.24087591240885,1178.4876601633578
放量突破,1h,75,7,10,411,206,50.121654501216554,4.962877840077413,4.416029748254245,10.714285714285714,340.9975669099757,1170.6673666382674
看涨插针,4h,150,15,5,123,62,50.40650406504065,12.216265386171555,8.734397571469675,10.0,340.8536585365854,1123.0510104149307
EMA50/200黄金交叉,1h,50,2,20,156,57,36.53846153846153,5.490057465548701,1.9395910725696164,25.0,340.0,2418.2751870376787
趋势EMA交叉,1h,75,7,10,388,194,50.0,5.058021642980719,4.187845893056565,10.714285714285714,340.0,1688.1409548528607
突破买入,1h,100,3,10,674,242,35.90504451038576,5.563037141106371,2.71763584609914,33.333333333333336,339.8219584569733,1722.3630263291302
恐慌闪崩,1h,100,5,15,19,5,26.31578947368421,4.345546426940336,4.433877256267948,20.0,339.47368421052624,-605.1982417957438
趋势EMA交叉,4h,75,5,15,119,41,34.45378151260504,14.349935275090486,4.719951705996335,15.0,338.4453781512605,3302.866698164936
趋势EMA交叉,1d,100,7,10,21,8,38.095238095238095,54.76426494458062,7.000000000000006,14.285714285714286,337.6190476190476,3471.1411955664494
放量突破,1d,50,5,15,10,5,50.0,45.78598278113626,5.000000000000004,10.0,337.5,3058.948708585219
看涨插针,1d,150,5,10,36,9,25.0,49.27817271485208,5.000000000000004,30.0,337.5,3085.035544336686
恐慌闪崩,1d,150,5,10,20,5,25.0,65.28134800368206,5.0000000000000036,30.0,337.5,2514.0674001841026
EMA7/25金叉,1d,150,5,10,28,7,25.0,58.434117511538865,5.0000000000000036,30.0,337.5,3040.3882258077197
突破买入,1d,150,7,10,27,7,25.925925925925924,55.94222080536089,7.000000000000009,21.428571428571427,337.037037037037,2515.955456375261
看涨插针,1h,150,7,5,513,243,47.368421052631575,5.443156769497422,4.32477079653725,21.428571428571427,336.8421052631579,774.9948996140807
RSI超卖,1h,150,10,5,362,175,48.34254143646409,5.773878774056079,4.95372108624661,15.0,336.74033149171265,420.4147116584893
RSI超卖,1h,150,2,10,704,165,23.4375,5.716890501007958,1.9651723791361826,75.0,336.25,-1159.409796880892
EMA50/200黄金交叉,1h,30,3,30,151,65,43.04635761589404,5.330061258215654,2.6029406565636637,10.0,336.15894039735093,3678.032559586273
突破买入,1h,150,7,5,514,243,47.276264591439684,5.441552278205388,3.984756251041708,21.428571428571427,336.1186770428015,1212.141297858032
趋势EMA交叉,1h,50,3,20,480,179,37.291666666666664,5.200964068594269,2.7201874221658993,16.666666666666668,335.29166666666663,2243.923084128765
看涨插针,1d,100,3,25,44,7,15.909090909090908,43.608711084832706,3.0000000000000036,33.333333333333336,334.6590909090909,4856.524439845721
RSI超卖,1d,200,15,5,21,8,38.095238095238095,49.15119565703007,14.405041472372078,13.333333333333334,334.5238095238095,1029.720130577018
突破买入,1d,200,15,5,21,8,38.095238095238095,52.84788136630441,14.193863794932703,13.333333333333334,334.5238095238095,1191.3141079815503
突破买入,4h,100,7,10,159,60,37.735849056603776,14.474440866441624,6.4142537371627935,14.285714285714286,333.7735849056604,2334.553320073808
EMA7/25金叉,4h,150,15,5,101,50,49.504950495049506,12.502477175133102,8.378472694438374,10.0,333.4158415841584,989.1087567014904
放量突破,1h,150,5,5,439,203,46.24145785876993,4.966932391282194,3.8860528380090065,30.0,333.3712984054669,455.89402830079905
趋势EMA交叉,4h,150,10,5,96,46,47.91666666666667,12.714376962618374,6.88340579344253,15.0,333.33333333333337,1203.455253041594
突破买入,1h,150,15,5,477,236,49.47589098532495,5.389818001489289,4.360281711479749,10.0,333.1761006289309,1105.8457794242631
趋势EMA交叉,4h,150,15,5,93,46,49.46236559139785,12.880337629078333,8.441067743418358,10.0,333.06451612903226,978.8267349847034
趋势EMA交叉,4h,100,2,20,175,32,18.285714285714285,18.025733452676004,2.000000000000001,50.0,333.02857142857135,5816.469409712638
EMA7/25金叉,1h,75,7,10,440,216,49.09090909090909,5.207874399151381,4.323517641931397,10.714285714285714,332.54545454545456,1564.3291842406538
看涨插针,1h,100,3,10,703,247,35.13513513513514,5.430006723035712,2.7945971910981684,33.333333333333336,331.8918918918919,668.7534144905646
趋势EMA交叉,1h,150,5,5,417,192,46.043165467625904,5.242733758790978,3.7553872593353956,30.0,331.8345323741007,808.2137416870188
RSI超卖,1d,100,3,25,38,6,15.789473684210526,63.83797805048497,3.0000000000000018,33.333333333333336,331.57894736842104,7175.696707572744
恐慌闪崩,1h,100,3,25,19,3,15.789473684210526,3.2665468912883036,2.863524003900972,33.333333333333336,331.57894736842104,-900.4185847137658
RSI超卖,1h,150,15,5,341,168,49.266862170087975,5.473327773201102,5.008378314987641,10.0,331.4516129032258,265.3480870246164
恐慌闪崩,1d,100,3,30,22,3,13.636363636363635,73.99148447129647,3.0000000000000027,33.333333333333336,331.3636363636364,4949.233602416681
EMA50/200黄金交叉,1h,75,5,10,145,69,47.58620689655172,4.964917052098005,3.9231923777452193,15.0,330.6896551724138,444.1665588612575
突破买入,4h,75,2,30,272,46,16.911764705882355,17.077840323618194,1.993595980936652,37.5,330.6617647058824,10050.838895842608
EMA7/25金叉,4h,150,3,10,174,41,23.563218390804597,15.895032502561449,2.980875838553391,50.0,330.51724137931035,2552.3984607741845
RSI超卖,4h,100,2,30,259,33,12.741312741312742,15.596171026783209,1.9913460073550637,50.0,329.88416988416986,1938.883386648042
RSI超卖,4h,150,15,5,100,49,49.0,11.49825867187357,9.559825626662496,10.0,329.25,379.3178398100887
趋势EMA交叉,1d,150,10,5,19,9,47.368421052631575,59.86208458426285,9.999999999999995,15.0,328.94736842105266,2193.7938062918283
放量突破,4h,75,5,15,104,35,33.65384615384615,13.741117001477031,4.748468621068567,15.0,328.8461538461538,2299.421402969474
RSI超卖,1h,100,2,15,704,165,23.4375,5.716890501007958,1.9651723791361826,50.0,328.59375,-1739.1146953213379
看涨插针,4h,100,2,25,283,42,14.840989399293287,15.035045047411748,1.994706103498171,50.0,328.44522968197884,3768.693026205854
趋势EMA交叉,4h,200,5,5,119,41,34.45378151260504,14.349935275090486,4.719951705996335,40.0,328.1512605042017,1100.9555660549788
放量突破,1d,150,2,5,9,4,44.44444444444444,66.80920916989248,2.000000000000005,75.0,327.7777777777777,1286.1841833978494
EMA7/25金叉,4h,150,10,5,106,50,47.16981132075472,12.622413090901368,7.289100204895872,15.0,327.35849056603774,1114.655215354498
RSI超卖,1d,200,2,20,44,4,9.090909090909092,71.21398279933261,2.000000000000001,100.0,327.2727272727273,4097.118623946609
RSI超卖,1h,150,7,5,397,183,46.095717884130984,5.480875037468783,4.759059499826934,21.428571428571427,326.8513853904282,-77.19300553088334
RSI超卖,1h,75,3,15,573,182,31.762652705061083,5.696117515225116,2.844551400511498,25.0,326.62303664921467,-1132.8931474353692
看涨插针,1d,200,2,15,51,6,11.76470588235294,61.808716063081626,2.000000000000002,100.0,326.47058823529414,4212.784445677345
恐慌闪崩,1h,150,10,5,17,8,47.05882352941176,8.038820350745796,8.008253509750134,15.0,326.47058823529403,-38.81859390892414
趋势EMA交叉,4h,50,3,30,149,39,26.174496644295303,15.65190382061624,3.0000000000000036,16.666666666666668,326.17449664429535,8412.72747012099
趋势EMA交叉,1h,50,2,25,571,165,28.896672504378284,5.710988576525867,1.9346730233739458,25.0,325.6567425569177,3920.8966909236565
放量突破,1d,75,15,5,9,8,88.88888888888889,35.441821233476695,15.0,5.0,324.99999999999994,1342.6728493390679
放量突破,1d,150,3,5,9,4,44.44444444444444,66.80920916989248,3.0000000000000027,50.0,324.99999999999994,1261.1841833978494
EMA7/25金叉,4h,75,2,30,210,35,16.666666666666664,17.897385255699746,2.0000000000000013,37.5,324.9999999999999,8292.254518484726
EMA7/25金叉,1h,50,3,20,571,207,36.25218914185639,5.418420147876413,2.740559193567844,16.666666666666668,324.2732049036777,2480.9884830344477
突破买入,1d,150,5,10,29,7,24.137931034482758,62.3461146946042,5.0000000000000036,30.0,324.13793103448273,3264.228028622294
放量突破,4h,150,7,5,94,43,45.744680851063826,11.503831810075695,6.208437385993251,21.428571428571427,324.095744680851,890.1723057379958
恐慌闪崩,1d,150,10,5,15,7,46.666666666666664,44.9096995178106,9.999999999999996,15.0,323.33333333333326,1171.8394831233709
EMA7/25金叉,1h,150,5,5,474,213,44.936708860759495,5.316209812814482,3.7584512605450207,30.0,323.25949367088606,756.9845556361713
EMA50/200黄金交叉,4h,150,2,10,31,7,22.58064516129032,14.637636299660256,2.000000000000003,75.0,323.22580645161287,544.6345409762172
突破买入,4h,150,10,5,133,62,46.616541353383454,13.834177315213122,7.513983965157251,15.0,322.9323308270677,1621.130660085244
看涨插针,4h,75,5,15,181,60,33.14917127071823,12.223914915143569,4.7412114439221265,15.0,322.7900552486187,2396.2246529105514
突破买入,1d,75,2,25,31,6,19.35483870967742,50.26588597648819,2.0000000000000013,37.5,322.5806451612903,6289.882896473228
放量突破,1d,75,2,10,9,4,44.44444444444444,48.059209169892476,2.000000000000005,37.5,322.2222222222222,1822.3683667956989
突破买入,4h,200,2,10,272,46,16.911764705882355,17.077840323618194,1.993595980936652,100.0,321.61764705882354,3350.2796319475356
RSI超卖,1h,75,2,20,704,165,23.4375,5.716890501007958,1.9651723791361826,37.5,320.9375,-2318.819593761784
突破买入,1h,50,3,20,674,242,35.90504451038576,5.563037141106371,2.71763584609914,16.666666666666668,320.593471810089,3444.7260526582604
看涨插针,1d,150,3,15,44,7,15.909090909090908,50.75156822768985,3.0000000000000036,50.0,320.1136363636364,3663.9146639074324
放量突破,4h,200,5,5,104,35,33.65384615384615,13.741117001477031,4.748468621068567,40.0,319.9519230769231,766.4738009898247
放量突破,1h,75,5,10,439,203,46.24145785876993,4.966932391282194,3.8860528380090065,15.0,319.93166287015936,911.7880566015981
RSI超卖,4h,200,7,5,140,48,34.285714285714285,12.450746023940331,6.425146535414908,28.571428571428573,319.85714285714283,32.611639454821294
放量突破,1d,150,5,5,9,4,44.44444444444444,66.80920916989248,5.000000000000004,30.0,319.44444444444434,1211.1841833978494
EMA7/25金叉,4h,100,3,15,174,41,23.563218390804597,15.895032502561449,2.980875838553391,33.333333333333336,319.05172413793105,3828.597691161277
恐慌闪崩,1d,100,5,15,20,5,25.0,67.52695908217049,5.0000000000000036,20.0,318.75,3939.521931162786
EMA7/25金叉,1d,100,5,15,28,7,25.0,58.434117511538865,5.0000000000000036,20.0,318.75,4560.58233871158
看涨插针,1h,75,7,10,513,243,47.368421052631575,5.443156769497422,4.32477079653725,10.714285714285714,318.42105263157896,1549.9897992281615
趋势EMA交叉,1h,75,5,10,417,192,46.043165467625904,5.242733758790978,3.7553872593353956,15.0,318.3453237410072,1616.4274833740376
突破买入,1h,75,7,10,514,243,47.276264591439684,5.441552278205388,3.984756251041708,10.714285714285714,317.66536964980537,2424.282595716064
EMA50/200黄金交叉,1h,50,5,15,145,69,47.58620689655172,4.964917052098005,3.9231923777452193,10.0,317.5862068965517,666.2498382918862
突破买入,4h,150,3,10,229,52,22.707423580786028,15.236475486564416,2.986173399388042,50.0,317.4235807860262,2637.440336096661
恐慌闪崩,1h,150,3,15,19,3,15.789473684210526,3.2665468912883036,2.863524003900972,50.0,317.36842105263156,-540.2511508282595
RSI超卖,1d,150,3,15,38,6,15.789473684210526,64.43702515457475,3.0000000000000018,50.0,317.36842105263156,4359.332263911726
放量突破,1d,75,3,10,9,4,44.44444444444444,48.059209169892476,3.0000000000000027,25.0,316.6666666666666,1772.3683667956989
EMA7/25金叉,4h,200,2,10,210,35,16.666666666666664,17.897385255699746,2.0000000000000013,100.0,316.6666666666666,2764.0848394949085
放量突破,1d,100,10,5,9,6,66.66666666666666,46.35179759102059,10.0,10.0,316.6666666666666,1240.5539277306177
EMA7/25金叉,1d,75,3,20,29,7,24.137931034482758,58.709854509182755,3.000000000000004,25.0,316.551724137931,6899.379631285583
突破买入,1h,150,5,5,561,247,44.02852049910874,5.5031763280034465,3.715975249981834,30.0,316.2210338680927,962.3416226127777
趋势EMA交叉,1d,150,15,5,19,9,47.368421052631575,58.11188897759452,13.952022933412513,10.0,315.7894736842106,1917.4338573211273
EMA50/200黄金交叉,4h,100,2,15,31,7,22.58064516129032,14.637636299660256,2.000000000000003,50.0,315.4838709677419,816.9518114643257
突破买入,1d,75,3,25,30,6,20.0,50.26588597648819,3.000000000000004,25.0,315.0,5739.8828964732265
看涨插针,4h,200,5,5,181,60,33.14917127071823,12.219111595734104,4.7412114439221265,40.0,314.7790055248618,797.3005551473452
EMA50/200黄金交叉,1h,150,3,5,151,65,43.04635761589404,5.117341182959109,2.6029406565636637,50.0,314.3046357615894,543.8714021393349
EMA7/25金叉,1h,50,2,25,686,192,27.988338192419825,5.886276420309713,1.9518614038072095,25.0,313.8483965014577,4148.638480467579
RSI超卖,4h,75,3,25,211,42,19.90521327014218,14.331294886724168,2.967633532364142,25.0,313.1516587677725,2509.6079568218797
看涨插针,1h,50,3,20,703,247,35.13513513513514,5.430006723035712,2.7945971910981684,16.666666666666668,312.43243243243245,1337.5068289811293
看涨插针,1d,100,7,10,28,10,35.714285714285715,51.41832139368946,7.000000000000006,14.285714285714286,312.14285714285717,3881.8321393689444
趋势EMA交叉,4h,100,5,10,119,41,34.45378151260504,14.349935275090486,4.719951705996335,20.0,311.7647058823529,2201.9111321099576
RSI超卖,4h,150,10,5,115,52,45.21739130434783,12.031803593737585,8.468970166685335,15.0,311.7391304347826,460.54333186589196
趋势EMA交叉,1d,50,3,25,24,7,29.166666666666668,43.74860883031241,3.000000000000004,16.666666666666668,311.45833333333337,6381.00654530467
看涨插针,1d,150,2,20,52,6,11.538461538461538,53.4753827297483,2.0000000000000013,75.0,310.7692307692307,4577.045927569793
趋势EMA交叉,1d,150,2,10,23,5,21.73913043478261,64.62306488247118,2.0000000000000018,75.0,310.4347826086956,2871.1532441235586
EMA7/25金叉,4h,75,5,15,137,44,32.11678832116788,14.172494964681874,4.71565763468686,15.0,310.4014598540146,2775.504276301867
看涨插针,1h,150,5,5,567,245,43.20987654320987,5.578262046844789,3.837472483974583,30.0,309.8765432098765,655.0403081857864
EMA7/25金叉,1h,75,5,10,474,213,44.936708860759495,5.316209812814482,3.7584512605450207,15.0,309.49367088607596,1513.9691112723426
看涨插针,4h,150,2,15,283,42,14.840989399293287,15.035045047411748,1.994706103498171,75.0,308.3745583038869,2261.215815723512
RSI超卖,1h,75,7,10,397,183,46.095717884130984,5.480875037468783,4.759059499826934,10.714285714285714,307.98488664987406,-154.38601106176668
EMA50/200黄金交叉,4h,75,2,20,31,7,22.58064516129032,14.637636299660256,2.000000000000003,37.5,307.741935483871,1089.2690819524344
恐慌闪崩,4h,150,5,10,26,6,23.076923076923077,6.622185540566041,4.78638610869624,30.0,307.6923076923077,-559.9460893052857
EMA7/25金叉,4h,75,3,20,174,41,23.563218390804597,15.895032502561449,2.980875838553391,25.0,307.58620689655174,5104.796921548369
RSI超卖,1h,200,3,5,573,182,31.762652705061083,5.696117515225116,2.844551400511498,66.66666666666667,307.39092495637,-377.63104914512303
放量突破,1h,50,5,15,439,203,46.24145785876993,4.966932391282194,3.8860528380090065,10.0,306.4920273348519,1367.682084902397
突破买入,4h,100,3,15,229,52,22.707423580786028,15.236475486564416,2.986173399388042,33.333333333333336,305.8296943231441,3956.160504144992
EMA50/200黄金交叉,1h,75,3,10,151,65,43.04635761589404,5.117341182959109,2.6029406565636637,25.0,305.76158940397346,1087.7428042786698
RSI超卖,1h,50,2,30,704,165,23.4375,5.745844619574432,1.9651723791361826,25.0,305.625,-3334.9065037386326
放量突破,1d,75,5,10,9,4,44.44444444444444,48.059209169892476,5.000000000000004,15.0,305.5555555555555,1672.3683667956989
突破买入,1d,100,5,15,29,7,24.137931034482758,55.203257551747065,5.0000000000000036,20.0,305.1724137931035,4146.34204293344
放量突破,4h,75,7,10,94,43,45.744680851063826,11.503831810075695,6.208437385993251,10.714285714285714,305.10638297872333,1780.3446114759915
突破买入,4h,100,2,20,272,46,16.911764705882355,17.077840323618194,1.993595980936652,50.0,305.0,6700.559263895071
放量突破,4h,150,2,10,131,28,21.374045801526716,15.994410330544442,2.000000000000002,75.0,304.8854961832061,2418.434892552442
趋势EMA交叉,1h,50,5,15,417,192,46.043165467625904,5.242733758790978,3.7553872593353956,10.0,304.8561151079137,2424.6412250610565
EMA7/25金叉,4h,200,5,5,137,44,32.11678832116788,14.172494964681874,4.71565763468686,40.0,304.1970802919708,925.1680921006223
趋势EMA交叉,1h,75,2,15,571,165,28.896672504378284,5.710988576525867,1.9346730233739458,37.5,303.7565674255692,2352.538014554194
放量突破,4h,100,5,10,104,35,33.65384615384615,13.741117001477031,4.748468621068567,20.0,303.36538461538464,1532.9476019796493
趋势EMA交叉,1d,100,2,15,23,5,21.73913043478261,64.62306488247118,2.0000000000000018,50.0,302.6086956521739,4306.729866185337
突破买入,1h,75,5,10,561,247,44.02852049910874,5.5031763280034465,3.715975249981834,15.0,302.2281639928699,1924.6832452255553
趋势EMA交叉,4h,75,2,25,175,32,18.285714285714285,18.025733452676004,2.000000000000001,37.5,302.0,7270.586762140798
看涨插针,4h,150,3,10,240,52,21.666666666666668,14.1527134624742,2.9569167018995,50.0,301.5,1800.4076009155258
恐慌闪崩,4h,200,3,25,27,2,7.4074074074074066,5.282658475967096,3.0000000000000036,66.66666666666667,300.92592592592587,-1610.8670762016473
看涨插针,1d,200,3,10,43,7,16.27906976744186,57.89442537054699,3.0000000000000036,66.66666666666667,300.4651162790698,2972.6097759382883
EMA7/25金叉,4h,100,2,20,210,35,16.666666666666664,17.897385255699746,2.0000000000000013,50.0,299.99999999999994,5528.169678989817
看涨插针,4h,100,5,10,181,60,33.14917127071823,12.219111595734104,4.7412114439221265,20.0,298.06629834254136,1594.6011102946904
EMA50/200黄金交叉,1h,50,3,15,151,65,43.04635761589404,5.117341182959109,2.6029406565636637,16.666666666666668,297.2185430463576,1631.6142064180049
RSI超卖,1h,100,3,10,573,182,31.762652705061083,5.696117515225116,2.844551400511498,33.333333333333336,297.15532286212914,-755.2620982902461
放量突破,4h,100,2,15,131,28,21.374045801526716,15.994410330544442,2.000000000000002,50.0,297.02290076335873,3627.6523388286632
放量突破,1h,50,2,25,592,158,26.68918918918919,5.368617395859407,1.9588564794472447,25.0,296.9594594594594,-47.55408835794661
RSI超卖,4h,100,7,10,140,48,34.285714285714285,12.450746023940331,6.425146535414908,14.285714285714286,296.85714285714283,65.22327890964259
趋势EMA交叉,1d,75,3,15,24,7,29.166666666666668,55.02144532412073,3.000000000000004,25.0,296.25,5012.251759032675
EMA7/25金叉,1h,50,5,15,474,213,44.936708860759495,5.316209812814482,3.7584512605450207,10.0,295.7278481012658,2270.9536669085137
看涨插针,1h,75,5,10,567,245,43.20987654320987,5.578262046844789,3.837472483974583,15.0,295.679012345679,1310.080616371573
RSI超卖,1d,150,2,25,44,4,9.090909090909092,71.21398279933261,2.000000000000001,75.0,295.4545454545455,5121.398279933261
趋势EMA交叉,1d,75,2,20,23,5,21.73913043478261,63.38519332810114,2.0000000000000018,37.5,294.7826086956522,5618.519332810114
EMA7/25金叉,1d,150,2,10,29,6,20.689655172413794,60.51872464458819,2.0000000000000013,75.0,294.48275862068965,3171.1234786752907
突破买入,4h,75,3,20,229,52,22.707423580786028,15.236475486564416,2.986173399388042,25.0,294.235807860262,5274.880672193322
趋势EMA交叉,1d,200,3,5,23,7,30.434782608695656,53.59722417849773,3.0000000000000044,66.66666666666667,293.91304347826093,1635.9028462474203
EMA7/25金叉,1d,50,3,30,29,7,24.137931034482758,47.47798279999254,3.000000000000004,16.666666666666668,293.7931034482759,7990.376387998431
EMA7/25金叉,1h,75,2,15,686,192,27.988338192419825,5.886276420309713,1.9518614038072095,37.5,293.265306122449,2489.1830882805475
EMA50/200黄金交叉,4h,30,3,30,31,12,38.70967741935484,12.879815118606423,3.0000000000000027,10.0,293.22580645161287,2926.733442698311
看涨插针,1d,100,2,30,52,6,11.538461538461538,45.14204939641496,2.0000000000000013,50.0,293.07692307692304,5365.568891354689
EMA50/200黄金交叉,4h,50,2,30,31,7,22.58064516129032,14.637636299660256,2.000000000000003,25.0,292.258064516129,1633.9036229286514
突破买入,1h,50,2,25,831,218,26.233453670276774,6.116471737654331,1.9395129550441723,25.0,291.034897713598,3611.734934164163
EMA50/200黄金交叉,1h,30,2,30,156,57,36.53846153846153,5.732632989964061,1.9395910725696164,15.0,290.7692307692307,4042.2169273067816
RSI超卖,1d,200,3,10,38,6,15.789473684210526,64.43702515457475,3.0000000000000018,66.66666666666667,290.5263157894737,2906.2215092744837
恐慌闪崩,1h,200,3,10,19,3,15.789473684210526,3.2665468912883036,2.863524003900972,66.66666666666667,290.5263157894737,-360.1674338855063
放量突破,4h,50,3,25,116,32,27.586206896551722,15.712322801053569,2.974094970420479,16.666666666666668,290.5172413793103,6324.258802959849
趋势EMA交叉,4h,150,7,5,111,46,41.44144144144144,13.65021079107146,6.059076346144772,21.428571428571427,290.31531531531533,1170.3486694493852
看涨插针,4h,100,3,15,240,52,21.666666666666668,14.1527134624742,2.9569167018995,33.333333333333336,289.75,2700.6114013732886
看涨插针,1h,50,2,25,858,224,26.107226107226104,6.005519455162066,1.9593387807180902,25.0,289.3939393939394,2575.389274525838
放量突破,4h,75,2,20,131,28,21.374045801526716,15.994410330544442,2.000000000000002,37.5,289.1603053435115,4836.869785104884
放量突破,1d,30,2,30,11,4,36.36363636363637,30.000000000000007,2.000000000000005,15.0,289.0909090909091,3180.0
恐慌闪崩,4h,100,5,15,26,6,23.076923076923077,6.622185540566041,4.78638610869624,20.0,288.46153846153845,-839.9191339579285
RSI超卖,1h,150,5,5,450,182,40.44444444444444,5.776925562450402,4.055101861953256,30.0,288.4444444444444,-176.83423318749453
突破买入,1h,50,5,15,561,247,44.02852049910874,5.5031763280034465,3.715975249981834,10.0,288.2352941176471,2887.0248678383327
EMA7/25金叉,4h,100,5,10,137,44,32.11678832116788,14.172494964681874,4.71565763468686,20.0,287.22627737226276,1850.3361842012446
趋势EMA交叉,1d,200,5,5,23,7,30.434782608695656,53.59722417849773,5.000000000000002,40.0,286.9565217391305,1475.9028462474203
突破买入,1d,150,3,10,29,6,20.689655172413794,51.23510893562037,3.0000000000000044,50.0,286.55172413793105,2384.106536137221
EMA7/25金叉,1d,100,2,15,29,6,20.689655172413794,60.51872464458819,2.0000000000000013,50.0,286.55172413793105,4756.685218012936
看涨插针,1d,200,7,5,29,9,31.03448275862069,57.131468215210504,7.000000000000007,28.571428571428573,286.2068965517242,1870.916069684472
RSI超卖,1d,200,10,5,25,8,32.0,54.98005843239417,10.0,20.0,286.0,1349.202337295767
放量突破,1h,30,3,30,506,192,37.94466403162055,5.371336930140241,2.7979698364656795,10.0,285.65217391304344,4582.024858101085
看涨插针,4h,150,7,5,157,64,40.76433121019109,11.805144655344057,6.181978025000047,21.428571428571427,285.00000000000006,903.0265080850761
突破买入,1d,150,2,10,30,6,20.0,51.23510893562037,2.0000000000000013,75.0,284.0,2594.106536137222
看涨插针,1d,150,15,5,23,10,43.47826086956522,55.162859487333435,13.236820762360367,10.0,283.695652173913,1897.7496248132477
趋势EMA交叉,1d,100,3,10,23,7,30.434782608695656,53.59722417849773,3.0000000000000044,33.333333333333336,283.47826086956525,3271.8056924948405
EMA7/25金叉,1d,200,7,5,26,8,30.76923076923077,58.996546610991615,7.000000000000006,28.571428571428573,283.46153846153845,1729.861864439664
看涨插针,1d,150,10,5,24,10,41.66666666666667,57.822687832760415,9.077047850763195,15.0,283.33333333333337,2255.7410420845968
看涨插针,4h,75,2,30,283,42,14.840989399293287,15.035045047411748,1.994706103498171,37.5,282.8268551236749,4522.431631447024
EMA7/25金叉,4h,50,3,30,175,41,23.42857142857143,16.367163131914456,2.981018556176127,16.666666666666668,282.51428571428573,8147.916056426753
突破买入,4h,75,5,15,178,53,29.775280898876407,15.897491640009516,4.793339486868901,15.0,282.30337078651684,3650.994315928374
放量突破,1d,50,2,15,10,4,40.0,44.732478476420326,2.0000000000000053,25.0,282.0,2503.9487085852193
趋势EMA交叉,1h,200,2,5,571,165,28.896672504378284,5.710988576525867,1.9346730233739458,100.0,281.85639229422065,784.1793381847313
看涨插针,1h,50,5,15,567,245,43.20987654320987,5.578262046844789,3.837472483974583,10.0,281.4814814814814,1965.1209245573593
EMA50/200黄金交叉,4h,150,3,5,31,12,38.70967741935484,13.220674658487468,3.0000000000000027,50.0,281.1290322580645,508.24047950924785
恐慌闪崩,4h,100,15,5,21,13,61.904761904761905,11.288072640876372,9.756902134732359,6.666666666666667,280.95238095238096,343.4486362676699
突破买入,4h,200,5,5,178,53,29.775280898876407,15.897491640009516,4.793339486868901,40.0,280.19662921348316,1216.998105309458
EMA50/200黄金交叉,1h,30,3,25,151,65,43.04635761589404,5.330061258215654,2.6029406565636637,10.0,280.1324503311258,3065.0271329885604
恐慌闪崩,4h,200,7,5,23,7,30.434782608695656,5.965016570327146,6.6079826358703,28.571428571428573,280.00000000000006,-319.8630309081739
EMA50/200黄金交叉,4h,100,10,5,30,18,60.0,13.911420717303061,8.457214139720884,10.0,280.0,744.5950161740228
看涨插针,4h,200,2,10,283,42,14.840989399293287,15.035045047411748,1.994706103498171,100.0,279.7879858657244,1507.4772104823414
RSI超卖,1d,75,3,30,38,6,15.789473684210526,61.15985276887537,3.0000000000000018,25.0,279.4736842105263,8128.773498397562
恐慌闪崩,1h,75,3,30,19,3,15.789473684210526,3.2665468912883036,2.863524003900972,25.0,279.4736842105263,-1080.502301656519
恐慌闪崩,1d,100,15,5,13,8,61.53846153846154,42.04273251708979,13.44834554675928,6.666666666666667,278.8461538461538,1345.5006620146094
RSI超卖,1d,150,5,10,33,7,21.21212121212121,61.41495450199898,5.000000000000004,30.0,278.7878787878788,2999.0468151399273
EMA7/25金叉,1d,75,2,20,29,6,20.689655172413794,59.48716501594649,2.0000000000000013,37.5,278.62068965517244,6218.459801913578
放量突破,1h,75,2,15,592,158,26.68918918918919,5.368617395859407,1.9588564794472447,37.5,278.26013513513516,-28.532453014767967
看涨插针,4h,75,3,20,240,52,21.666666666666668,14.158255754100505,2.9569167018995,25.0,278.0,3606.5791851224067
放量突破,4h,75,3,15,116,32,27.586206896551722,15.712322801053569,2.974094970420479,25.0,277.7586206896552,3794.55528177591
趋势EMA交叉,1h,30,3,30,483,179,37.060041407867494,5.368449885290901,2.722948730499789,10.0,276.8944099378882,3995.2834618540655
RSI超卖,1h,50,3,20,573,182,31.762652705061083,5.7223671282112045,2.844551400511498,16.666666666666668,276.6841186736475,-1414.9756053111298
恐慌闪崩,1d,100,3,25,22,3,13.636363636363635,73.99148447129647,3.0000000000000027,33.333333333333336,276.1363636363636,4124.361335347234
突破买入,1d,100,2,15,30,6,20.0,51.23510893562037,2.0000000000000013,50.0,276.0,3891.159804205833
放量突破,1h,150,3,5,505,192,38.01980198019802,5.250383622903806,2.79732437268442,50.0,275.8514851485149,662.5556347365371
EMA50/200黄金交叉,4h,100,7,5,31,18,58.06451612903226,13.732210705500211,6.574938574938581,14.285714285714286,275.6451612903226,808.5279561240116
突破买入,4h,75,2,25,272,46,16.911764705882355,17.077840323618194,1.993595980936652,37.5,275.5514705882353,8375.699079868838
趋势EMA交叉,1d,75,5,15,24,7,29.166666666666668,55.02144532412073,5.000000000000002,15.0,275.0,4502.251759032676
RSI超卖,4h,100,2,25,259,33,12.741312741312742,15.596171026783209,1.9913460073550637,50.0,274.90347490347494,1615.736155540035
趋势EMA交叉,1h,100,2,10,571,165,28.896672504378284,5.710988576525867,1.9346730233739458,50.0,274.7460595446585,1568.3586763694625
突破买入,1d,100,3,15,29,6,20.689655172413794,51.23510893562037,3.0000000000000044,33.333333333333336,274.65517241379314,3576.159804205832
RSI超卖,4h,150,3,10,211,42,19.90521327014218,14.331294886724168,2.967633532364142,50.0,274.54976303317534,1003.8431827287519
EMA50/200黄金交叉,4h,100,15,5,28,17,60.71428571428571,13.08058379163377,9.717614022484684,6.666666666666667,274.10714285714283,577.3808510522132
看涨插针,1d,75,3,30,45,7,15.555555555555555,40.913694778060794,3.0000000000000036,25.0,274.0,5171.875903392764
RSI超卖,1h,75,5,10,450,182,40.44444444444444,5.776925562450402,4.055101861953256,15.0,273.55555555555554,-353.66846637498907
放量突破,4h,50,2,30,131,28,21.374045801526716,15.994410330544442,2.000000000000002,25.0,273.43511450381675,7255.3046776573265
放量突破,1d,50,3,15,10,4,40.0,44.732478476420326,3.0000000000000036,16.666666666666668,273.0,2413.9487085852193
突破买入,1h,75,2,15,831,218,26.233453670276774,6.116471737654331,1.9395129550441723,37.5,272.9963898916967,2167.0409604984975
放量突破,4h,100,15,5,81,49,60.49382716049383,11.40002762815499,6.868948253500102,6.666666666666667,272.83950617283955,1693.9750483379562
EMA7/25金叉,1h,200,2,5,686,192,27.988338192419825,5.886276420309713,1.9518614038072095,100.0,272.6822157434402,829.7276960935159
放量突破,1d,50,7,10,10,6,60.0,46.48831898428022,7.000000000000011,7.142857142857143,272.0,2509.2991390568122
EMA50/200黄金交叉,4h,75,3,10,31,12,38.70967741935484,13.220674658487468,3.0000000000000027,25.0,271.93548387096774,1016.4809590184957
趋势EMA交叉,4h,50,3,25,149,39,26.174496644295303,15.65190382061624,3.0000000000000036,16.666666666666668,271.8120805369128,7010.606225100825
看涨插针,1h,75,2,15,858,224,26.107226107226104,6.005519455162066,1.9593387807180902,37.5,271.53846153846155,1545.233564715503
EMA7/25金叉,4h,150,7,5,123,48,39.02439024390244,13.961255993527283,6.069865192767653,21.428571428571427,271.3414634146342,1074.501991158678
EMA7/25金叉,4h,75,2,25,210,35,16.666666666666664,17.897385255699746,2.0000000000000013,37.5,270.8333333333332,6910.212098737272
趋势EMA交叉,1h,150,3,5,480,179,37.291666666666664,5.200964068594269,2.7201874221658993,50.0,270.28124999999994,560.9807710321912
恐慌闪崩,1h,150,7,5,18,7,38.88888888888889,6.774878728316835,5.915843780704659,21.428571428571427,270.2777777777778,-88.25065244766702
放量突破,1d,30,3,30,11,4,36.36363636363637,30.000000000000007,3.000000000000003,10.0,270.00000000000006,2970.0
RSI超卖,4h,75,5,15,167,48,28.74251497005988,12.579424014343116,4.810792100265235,15.0,269.9101796407185,469.9213913535975
趋势EMA交叉,4h,75,7,10,111,46,41.44144144144144,13.65021079107146,6.059076346144772,10.714285714285714,269.8198198198198,2340.6973388987703
RSI超卖,4h,200,5,5,167,48,28.74251497005988,12.579424014343116,4.810792100265235,40.0,269.61077844311376,156.6404637845325
趋势EMA交叉,1d,100,5,10,23,7,30.434782608695656,53.59722417849773,5.000000000000002,20.0,269.5652173913044,2951.8056924948405
恐慌闪崩,1d,150,3,15,22,3,13.636363636363635,70.24879934048242,3.0000000000000027,50.0,267.95454545454544,2306.195970321709
看涨插针,1d,100,3,20,44,7,15.909090909090908,43.608711084832706,3.0000000000000036,33.333333333333336,267.72727272727275,3885.219551876576
EMA50/200黄金交叉,1h,150,2,5,156,57,36.53846153846153,5.490057465548701,1.9395910725696164,75.0,267.6923076923076,604.5687967594197
放量突破,1h,75,3,10,505,192,38.01980198019802,5.250383622903806,2.79732437268442,25.0,266.5544554455446,1325.1112694730741
突破买入,1h,30,3,30,675,243,36.0,5.696596631269763,2.71763584609914,10.0,266.4,6307.62887651171
EMA7/25金叉,1h,30,3,30,575,207,36.0,5.6106995273445515,2.7433792023334114,10.0,266.4,4555.537671048811
突破买入,4h,50,3,30,232,52,22.413793103448278,15.681104596521466,2.9864038427315753,16.666666666666668,266.3793103448277,8335.942419822984
EMA7/25金叉,1h,100,2,10,686,192,27.988338192419825,5.886276420309713,1.9518614038072095,50.0,265.48104956268224,1659.4553921870317
RSI超卖,1d,100,3,20,38,6,15.789473684210526,63.83797805048497,3.0000000000000018,33.333333333333336,265.2631578947368,5740.557366058196
恐慌闪崩,1h,100,3,20,19,3,15.789473684210526,3.2665468912883036,2.863524003900972,33.333333333333336,265.2631578947368,-720.3348677710126
放量突破,4h,200,3,5,116,32,27.586206896551722,15.712322801053569,2.974094970420479,66.66666666666667,264.99999999999994,1264.8517605919699
看涨插针,4h,75,7,10,157,64,40.76433121019109,11.809647767290429,6.181978025000047,10.714285714285714,264.267515923567,1808.93500781583
趋势EMA交叉,1d,150,7,5,21,8,38.095238095238095,54.76426494458062,7.000000000000006,21.428571428571427,264.047619047619,1735.5705977832247
趋势EMA交叉,4h,75,3,15,148,39,26.351351351351347,15.155561364116926,3.0000000000000036,25.0,263.31081081081084,3961.003398008396
EMA50/200黄金交叉,4h,100,5,5,31,17,54.83870967741935,13.09216689943906,5.000000000000004,20.0,262.9032258064516,762.8341864523201
看涨插针,4h,100,2,20,283,42,14.840989399293287,15.035045047411748,1.994706103498171,50.0,262.75618374558303,3014.954420964683
EMA50/200黄金交叉,4h,50,3,15,31,12,38.70967741935484,13.220674658487468,3.0000000000000027,16.666666666666668,262.741935483871,1524.7214385277437
突破买入,4h,100,5,10,178,53,29.775280898876407,15.897491640009516,4.793339486868901,20.0,262.64044943820227,2433.996210618916
RSI超卖,4h,100,3,15,211,42,19.90521327014218,14.331294886724168,2.967633532364142,33.333333333333336,262.5355450236967,1505.764774093128
EMA7/25金叉,1d,150,15,5,22,9,40.909090909090914,60.132958952386126,14.193863794932703,10.0,262.5,1783.3820061867495
EMA7/25金叉,1h,150,3,5,571,207,36.25218914185639,5.418420147876413,2.740559193567844,50.0,262.32924693520135,620.2471207586119
放量突破,1d,100,7,5,9,5,55.55555555555556,53.41721823305829,7.000000000000011,14.285714285714286,262.22222222222223,1195.4304558264569
EMA50/200黄金交叉,1h,75,2,10,156,57,36.53846153846153,5.490057465548701,1.9395910725696164,37.5,261.3461538461538,1209.1375935188394
突破买入,4h,150,7,5,159,60,37.735849056603776,14.474440866441624,6.4142537371627935,21.428571428571427,261.22641509433964,1167.276660036904
EMA50/200黄金交叉,4h,50,7,10,31,18,58.06451612903226,13.732210705500211,6.574938574938581,7.142857142857143,260.9677419354839,1617.055912248023
趋势EMA交叉,1h,75,3,10,480,179,37.291666666666664,5.200964068594269,2.7201874221658993,25.0,260.87499999999994,1121.9615420643825
趋势EMA交叉,1h,50,2,20,571,165,28.896672504378284,5.710988576525867,1.9346730233739458,25.0,260.52539404553414,3136.717352738925
RSI超卖,4h,150,2,15,259,33,12.741312741312742,15.596171026783209,1.9913460073550637,75.0,260.5019305019305,969.441693324021
突破买入,1h,150,3,5,674,242,35.90504451038576,5.563037141106371,2.71763584609914,50.0,259.6735905044511,861.1815131645651
放量突破,1h,200,2,5,592,158,26.68918918918919,5.368617395859407,1.9588564794472447,100.0,259.5608108108108,-9.510817671589322
EMA7/25金叉,1d,100,7,10,26,8,30.76923076923077,58.996546610991615,7.000000000000006,14.285714285714286,259.2307692307692,3459.723728879328
RSI超卖,1d,100,5,15,33,7,21.21212121212121,60.90148555563632,5.000000000000004,20.0,259.0909090909091,4444.655983341811
恐慌闪崩,1h,200,2,30,19,1,5.263157894736842,1.4053077357425119,2.0000000000000018,100.0,258.9473684210526,-1037.8407679277254
RSI超卖,1h,50,5,15,450,182,40.44444444444444,5.803175175436491,4.055101861953256,10.0,258.66666666666663,-458.8412561104621
突破买入,1d,75,2,20,31,6,19.35483870967742,50.26588597648819,2.0000000000000013,37.5,258.06451612903226,5031.906317178583
趋势EMA交叉,4h,150,2,10,175,32,18.285714285714285,18.025733452676004,2.000000000000001,75.0,257.9428571428571,2908.234704856319
看涨插针,1h,30,3,30,704,247,35.08522727272727,5.4802485554518885,2.79504665019861,10.0,257.34375,2288.5522216755544
放量突破,1h,50,3,15,505,192,38.01980198019802,5.250383622903806,2.79732437268442,16.666666666666668,257.25742574257424,1987.6669042096112
恐慌闪崩,4h,100,7,10,23,7,30.434782608695656,5.965016570327146,6.6079826358703,14.285714285714286,255.6521739130435,-639.7260618163479
EMA50/200黄金交叉,1h,50,2,15,156,57,36.53846153846153,5.490057465548701,1.9395910725696164,25.0,254.99999999999994,1813.7063902782588
突破买入,1h,200,2,5,831,218,26.233453670276774,6.116471737654331,1.9395129550441723,100.0,254.95788206979543,722.3469868328325
RSI超卖,1h,50,2,25,704,165,23.4375,5.745844619574432,1.9651723791361826,25.0,254.6875,-2779.088753115527
放量突破,4h,100,3,10,116,32,27.586206896551722,15.712322801053569,2.974094970420479,33.333333333333336,254.13793103448273,2529.7035211839398
看涨插针,1h,150,3,5,703,247,35.13513513513514,5.430006723035712,2.7945971910981684,50.0,253.7837837837838,334.3767072452823
看涨插针,1h,200,2,5,858,224,26.107226107226104,6.005519455162066,1.9593387807180902,100.0,253.68298368298363,515.0778549051677
看涨插针,4h,50,3,30,241,52,21.57676348547718,13.95521422592585,2.9571446558577037,16.666666666666668,253.0705394190872,5003.12399373115
EMA7/25金叉,1h,75,3,10,571,207,36.25218914185639,5.418420147876413,2.740559193567844,25.0,252.76707530647982,1240.4942415172238
趋势EMA交叉,4h,200,3,5,148,39,26.351351351351347,15.155561364116926,3.0000000000000036,66.66666666666667,252.4662162162162,1320.3344660027985
放量突破,1h,100,2,10,592,158,26.68918918918919,5.368617395859407,1.9588564794472447,50.0,252.2297297297297,-19.021635343178644
突破买入,1d,75,3,20,30,6,20.0,50.26588597648819,3.000000000000004,25.0,252.0,4591.906317178581
RSI超卖,4h,100,5,10,167,48,28.74251497005988,12.579424014343116,4.810792100265235,20.0,251.79640718562877,313.280927569065
EMA50/200黄金交叉,4h,50,5,10,31,17,54.83870967741935,13.09216689943906,5.000000000000004,10.0,251.61290322580643,1525.6683729046401
趋势EMA交叉,1h,50,3,15,480,179,37.291666666666664,5.200964068594269,2.7201874221658993,16.666666666666668,251.46875,1682.9423130965736
EMA7/25金叉,1h,50,2,20,686,192,27.988338192419825,5.886276420309713,1.9518614038072095,25.0,251.0787172011662,3318.9107843740635
RSI超卖,4h,75,3,20,211,42,19.90521327014218,14.331294886724168,2.967633532364142,25.0,250.521327014218,2007.6863654575038
突破买入,1h,75,3,10,674,242,35.90504451038576,5.563037141106371,2.71763584609914,25.0,250.05934718100895,1722.3630263291302
EMA7/25金叉,1d,150,10,5,24,9,37.5,63.624112732183725,9.999999999999998,15.0,250.0,2113.085072948268
EMA7/25金叉,4h,75,7,10,123,48,39.02439024390244,13.961255993527283,6.069865192767653,10.714285714285714,250.0,2149.003982317356
恐慌闪崩,4h,150,3,30,27,2,7.4074074074074066,5.282658475967096,3.0000000000000036,50.0,250.0,-1933.0404914419769
趋势EMA交叉,4h,100,2,15,175,32,18.285714285714285,18.025733452676004,2.000000000000001,50.0,249.77142857142857,4362.352057284478
趋势EMA交叉,1d,50,3,20,24,7,29.166666666666668,43.74860883031241,3.000000000000004,16.666666666666668,249.16666666666669,5104.8052362437365
恐慌闪崩,1h,75,7,10,18,7,38.88888888888889,6.774878728316835,5.915843780704659,10.714285714285714,248.88888888888897,-176.50130489533404
突破买入,1h,100,2,10,831,218,26.233453670276774,6.116471737654331,1.9395129550441723,50.0,247.58122743682313,1444.693973665665
恐慌闪崩,1d,200,3,10,22,3,13.636363636363635,70.24879934048242,3.0000000000000027,66.66666666666667,246.81818181818178,1537.4639802144725
看涨插针,1h,100,2,10,858,224,26.107226107226104,6.005519455162066,1.9593387807180902,50.0,246.29370629370624,1030.1557098103353
RSI超卖,1d,200,2,15,44,4,9.090909090909092,71.21398279933261,2.000000000000001,100.0,245.45454545454547,3072.8389679599563
EMA7/25金叉,1d,50,3,25,29,7,24.137931034482758,47.47798279999254,3.000000000000004,16.666666666666668,244.82758620689657,6658.646989998692
恐慌闪崩,1h,200,5,5,19,5,26.31578947368421,4.345546426940336,4.433877256267948,40.0,244.73684210526312,-201.73274726524795
EMA50/200黄金交叉,4h,30,3,25,31,12,38.70967741935484,12.879815118606423,3.0000000000000027,10.0,244.3548387096774,2438.9445355819257
看涨插针,1d,100,2,25,52,6,11.538461538461538,45.14204939641496,2.0000000000000013,50.0,244.23076923076923,4471.307409462242
看涨插针,1h,75,3,10,703,247,35.13513513513514,5.430006723035712,2.7945971910981684,25.0,244.0540540540541,668.7534144905646
突破买入,1d,200,10,5,25,7,28.000000000000004,61.50889244543606,9.999999999999996,20.0,244.00000000000006,1252.8112355902624
EMA50/200黄金交叉,4h,50,2,25,31,7,22.58064516129032,14.637636299660256,2.000000000000003,25.0,243.54838709677418,1361.586352440543
EMA7/25金叉,1h,50,3,15,571,207,36.25218914185639,5.418420147876413,2.740559193567844,16.666666666666668,243.2049036777583,1860.7413622758359
EMA50/200黄金交叉,1h,30,2,25,156,57,36.53846153846153,5.732632989964061,1.9395910725696164,15.0,242.30769230769226,3368.5141060889846
趋势EMA交叉,4h,150,5,5,119,41,34.45378151260504,14.349935275090486,4.719951705996335,30.0,242.01680672268907,1100.9555660549788
趋势EMA交叉,4h,75,2,20,175,32,18.285714285714285,18.025733452676004,2.000000000000001,37.5,241.6,5816.469409712638
趋势EMA交叉,4h,100,3,10,148,39,26.351351351351347,15.155561364116926,3.0000000000000036,33.333333333333336,241.4189189189189,2640.668932005597
放量突破,4h,100,10,5,85,45,52.94117647058824,11.106387265751207,6.820764570313726,10.0,241.17647058823533,1134.7842207312763
放量突破,1h,100,10,5,393,208,52.926208651399484,4.678942504948941,4.365553953534284,10.0,241.09414758269716,827.9627981276853
RSI超卖,1d,200,7,5,30,8,26.666666666666668,54.98005843239417,7.000000000000006,28.571428571428573,241.00000000000003,1429.202337295766
放量突破,1d,30,2,25,11,4,36.36363636363637,30.000000000000007,2.000000000000005,15.0,240.90909090909093,2650.0
恐慌闪崩,1h,75,5,15,19,5,26.31578947368421,4.345546426940336,4.433877256267948,15.0,240.7894736842105,-605.1982417957438
恐慌闪崩,4h,200,3,20,27,2,7.4074074074074066,5.282658475967096,3.0000000000000036,66.66666666666667,240.7407407407407,-1288.6936609613178
EMA7/25金叉,1h,100,10,5,420,222,52.85714285714286,5.010496366013721,4.420719580867139,10.0,240.71428571428575,1185.138581216763
RSI超卖,1h,75,2,15,704,165,23.4375,5.716890501007958,1.9651723791361826,37.5,240.703125,-1739.1146953213379
突破买入,1h,50,3,15,674,242,35.90504451038576,5.563037141106371,2.71763584609914,16.666666666666668,240.44510385756675,2583.544539493695
趋势EMA交叉,1d,50,2,30,26,5,19.230769230769234,48.469771228954905,2.000000000000002,25.0,240.00000000000006,6010.465684343236
突破买入,4h,75,7,10,159,60,37.735849056603776,14.474440866441624,6.4142537371627935,10.714285714285714,239.43396226415095,2334.553320073808
突破买入,1d,150,15,5,21,8,38.095238095238095,46.59788136630441,14.193863794932703,10.0,239.28571428571422,941.3141079815506
RSI超卖,1d,150,15,5,21,8,38.095238095238095,49.15119565703007,14.405041472372078,10.0,239.28571428571422,1029.720130577018
EMA7/25金叉,1d,200,3,5,28,7,25.0,58.434117511538865,3.0000000000000036,66.66666666666667,238.75,1730.1941129038596
放量突破,1h,30,3,25,506,192,37.94466403162055,5.371336930140241,2.7979698364656795,10.0,238.04347826086953,3818.354048417571
放量突破,1h,50,2,20,592,158,26.68918918918919,5.368617395859407,1.9588564794472447,25.0,237.56756756756755,-38.04327068635729
EMA7/25金叉,1d,75,3,15,29,7,24.137931034482758,58.709854509182755,3.000000000000004,25.0,237.41379310344823,5174.534723464187
RSI超卖,4h,200,2,10,259,33,12.741312741312742,15.596171026783209,1.9913460073550637,100.0,237.37451737451738,646.2944622160139
恐慌闪崩,1d,200,7,5,19,5,26.31578947368421,60.18245156764552,7.000000000000008,28.571428571428573,237.36842105263156,1014.5612891911377
突破买入,4h,150,2,10,272,46,16.911764705882355,17.077840323618194,1.993595980936652,75.0,237.0588235294118,3350.2796319475356
恐慌闪崩,4h,100,10,5,23,12,52.17391304347826,10.749087524104786,7.626864559827126,10.0,236.95652173913044,225.46770065579517
RSI超卖,1d,150,2,20,44,4,9.090909090909092,71.21398279933261,2.000000000000001,75.0,236.36363636363637,4097.118623946609
EMA50/200黄金交叉,1h,100,7,5,142,72,50.70422535211267,4.882833452325194,4.452772996384771,14.285714285714286,236.2676056338028,199.3494941024001
放量突破,4h,150,5,5,104,35,33.65384615384615,13.741117001477031,4.748468621068567,30.0,235.81730769230768,766.4738009898247
看涨插针,4h,75,2,25,283,42,14.840989399293287,15.035045047411748,1.994706103498171,37.5,235.68904593639573,3768.693026205854
EMA7/25金叉,4h,50,3,25,175,41,23.42857142857143,16.367163131914456,2.981018556176127,16.666666666666668,235.42857142857144,6789.930047022294
趋势EMA交叉,1h,100,10,5,379,196,51.71503957783641,4.966922993348346,4.2966852997570815,10.0,234.43271767810026,936.1174842036495
看涨插针,1h,50,3,15,703,247,35.13513513513514,5.430006723035712,2.7945971910981684,16.666666666666668,234.32432432432435,1003.130121735847
RSI超卖,4h,75,2,30,259,33,12.741312741312742,15.596171026783209,1.9913460073550637,37.5,234.32432432432427,1938.883386648042
RSI超卖,4h,150,7,5,140,48,34.285714285714285,12.450746023940331,6.425146535414908,21.428571428571427,234.14285714285717,32.611639454821294
突破买入,1d,200,7,5,27,7,25.925925925925924,63.085077948218036,7.000000000000009,28.571428571428573,233.33333333333331,1507.9777281876304
EMA7/25金叉,4h,150,2,10,210,35,16.666666666666664,17.897385255699746,2.0000000000000013,75.0,233.3333333333333,2764.0848394949085
放量突破,1d,75,10,5,9,6,66.66666666666666,42.18513092435392,10.0,7.5,233.33333333333326,1115.5539277306175
放量突破,1h,100,7,5,411,206,50.121654501216554,4.962877840077413,4.416029748254245,14.285714285714286,233.15085158150856,585.3336833191337
看涨插针,1d,150,2,15,52,6,11.538461538461538,53.4753827297483,2.0000000000000013,75.0,233.07692307692304,3432.7844456773446
恐慌闪崩,1h,75,3,25,19,3,15.789473684210526,3.2665468912883036,2.863524003900972,25.0,232.89473684210523,-900.4185847137658
RSI超卖,1d,75,3,25,38,6,15.789473684210526,61.15985276887537,3.0000000000000018,25.0,232.89473684210523,6773.977915331302
突破买入,1h,50,2,20,831,218,26.233453670276774,6.116471737654331,1.9395129550441723,25.0,232.82791817087846,2889.38794733133
EMA7/25金叉,1d,50,2,30,32,6,18.75,47.057646599991294,2.0000000000000013,25.0,232.5,6910.376387998432
趋势EMA交叉,1h,100,7,5,388,194,50.0,5.058021642980719,4.187845893056565,14.285714285714286,232.5,844.0704774264303
放量突破,4h,50,3,20,116,32,27.586206896551722,15.712322801053569,2.974094970420479,16.666666666666668,232.41379310344826,5059.4070423678795
看涨插针,4h,150,5,5,181,60,33.14917127071823,12.219111595734104,4.7412114439221265,30.0,231.90607734806628,797.3005551473452
放量突破,1h,100,15,5,390,208,53.333333333333336,4.679639189985777,4.6740357633101,6.666666666666667,231.66666666666669,613.4522129730183
看涨插针,1h,50,2,20,858,224,26.107226107226104,6.005519455162066,1.9593387807180902,25.0,231.51515151515147,2060.3114196206707
恐慌闪崩,1d,200,5,5,20,5,25.0,65.28134800368206,5.0000000000000036,40.0,231.25,1257.0337000920513
EMA7/25金叉,1d,200,5,5,28,7,25.0,58.434117511538865,5.0000000000000036,40.0,231.25,1520.1941129038598
看涨插针,1d,200,5,5,36,9,25.0,49.27817271485208,5.000000000000004,40.0,231.25,1542.517772168343
EMA50/200黄金交叉,4h,75,2,15,31,7,22.58064516129032,14.637636299660256,2.000000000000003,37.5,230.8064516129032,816.9518114643257
趋势EMA交叉,1h,30,3,25,483,179,37.060041407867494,5.368449885290901,2.722948730499789,10.0,230.7453416149068,3329.4028848783882
EMA7/25金叉,4h,75,3,15,174,41,23.563218390804597,15.895032502561449,2.980875838553391,25.0,230.6896551724138,3828.597691161277
恐慌闪崩,1h,100,15,5,17,9,52.94117647058824,10.454182518648677,8.671862622904168,6.666666666666667,229.41176470588238,123.56370842302368
恐慌闪崩,1d,75,3,30,22,3,13.636363636363635,65.65815113796315,3.0000000000000027,25.0,229.0909090909091,4199.233602416681
EMA50/200黄金交叉,1h,100,10,5,140,71,50.71428571428571,4.777262468320289,4.694550415813078,10.0,228.92857142857142,76.30828279819049
突破买入,4h,100,2,15,272,46,16.911764705882355,17.077840323618194,1.993595980936652,50.0,228.75000000000003,5025.419447921304
EMA7/25金叉,1h,100,15,5,413,218,52.78450363196126,4.899387704142578,4.714561914640944,6.666666666666667,228.5108958837772,743.634730740489
看涨插针,1d,75,3,25,45,7,15.555555555555555,40.913694778060794,3.0000000000000036,25.0,228.33333333333331,4309.896586160636
RSI超卖,1h,150,3,5,573,182,31.762652705061083,5.696117515225116,2.844551400511498,50.0,227.9842931937173,-377.63104914512303
看涨插针,1d,100,5,10,34,9,26.47058823529412,47.933380548819926,5.0000000000000036,20.0,227.9411764705883,3064.0042493937917
放量突破,4h,50,2,25,131,28,21.374045801526716,15.994410330544442,2.000000000000002,25.0,227.86259541984734,6046.087231381105
EMA7/25金叉,1h,100,7,5,440,216,49.09090909090909,5.207874399151381,4.323517641931397,14.285714285714286,227.63636363636365,782.1645921203269
EMA7/25金叉,1d,100,3,10,28,7,25.0,58.434117511538865,3.0000000000000036,33.333333333333336,227.5,3460.388225807719
RSI超卖,1h,200,2,5,704,165,23.4375,5.716890501007958,1.9651723791361826,100.0,226.71875,-579.704898440446
看涨插针,1d,150,7,5,30,10,33.33333333333333,57.62863434311841,7.000000000000007,21.428571428571427,226.6666666666666,2181.431717155919
恐慌闪崩,1h,100,5,10,19,5,26.31578947368421,4.345546426940336,4.433877256267948,20.0,226.3157894736842,-403.4654945304959
看涨插针,1h,100,10,5,478,240,50.2092050209205,5.1930522928862075,4.665500876596707,10.0,226.15062761506275,679.7167083133675
趋势EMA交叉,4h,75,5,10,119,41,34.45378151260504,14.349935275090486,4.719951705996335,15.0,225.63025210084032,2201.9111321099576
放量突破,1d,30,3,25,11,4,36.36363636363637,30.000000000000007,3.000000000000003,10.0,225.00000000000003,2475.0
RSI超卖,4h,50,3,30,212,42,19.81132075471698,14.5532246032317,2.9678239233502346,16.666666666666668,225.0,3201.160990985745
放量突破,1d,50,5,10,10,5,50.0,45.78598278113626,5.000000000000004,10.0,225.0,2039.2991390568125
恐慌闪崩,1d,75,5,15,20,5,25.0,60.450040253012254,5.0000000000000036,15.0,225.0,3408.753018975918
EMA7/25金叉,4h,100,2,15,210,35,16.666666666666664,17.897385255699746,2.0000000000000013,50.0,224.99999999999997,4146.127259242363
EMA50/200黄金交叉,1h,100,5,5,145,69,47.58620689655172,4.964917052098005,3.9231923777452193,20.0,224.82758620689654,222.08327943062875
趋势EMA交叉,1h,100,15,5,374,195,52.139037433155075,4.896023710682756,4.503279239460625,6.666666666666667,224.7994652406417,743.1881985984276
RSI超卖,1h,30,3,30,573,182,31.762652705061083,5.5950778294782735,2.844551400511498,10.0,224.4502617801047,-2817.4629790484973
突破买入,4h,100,15,5,121,63,52.066115702479344,12.252378009840148,8.252073265653797,6.666666666666667,224.3801652892562,1466.3978260600459
EMA7/25金叉,4h,200,3,5,174,41,23.563218390804597,15.895032502561449,2.980875838553391,66.66666666666667,224.16666666666666,1276.1992303870923
EMA50/200黄金交叉,1h,30,3,20,151,65,43.04635761589404,5.330061258215654,2.6029406565636637,10.0,224.10596026490066,2452.0217063908485
EMA7/25金叉,4h,150,5,5,137,44,32.11678832116788,14.172494964681874,4.71565763468686,30.0,223.90510948905109,925.1680921006223
趋势EMA交叉,4h,50,2,30,176,32,18.181818181818183,18.425892358395757,2.0000000000000013,25.0,223.63636363636365,9048.856664059922
突破买入,1d,200,5,5,29,7,24.137931034482758,69.48897183746135,5.0000000000000036,40.0,222.41379310344828,1882.114014311147
EMA7/25金叉,1h,30,3,25,575,207,36.0,5.6106995273445515,2.7433792023334114,10.0,222.0,3796.281392540676
突破买入,1h,30,3,25,675,243,36.0,5.696596631269763,2.71763584609914,10.0,222.0,5256.357397093092
突破买入,4h,50,3,25,232,52,22.413793103448278,15.681104596521466,2.9864038427315753,16.666666666666668,221.9827586206897,6946.618683185821
趋势EMA交叉,1d,75,2,15,23,5,21.73913043478261,63.38519332810114,2.0000000000000018,37.5,221.08695652173913,4213.889499607585
突破买入,1h,100,10,5,485,239,49.27835051546392,5.365966001002845,4.1167554711049155,10.0,221.03092783505156,1348.720141739353
恐慌闪崩,1d,100,3,20,22,3,13.636363636363635,73.99148447129647,3.0000000000000027,33.333333333333336,220.90909090909088,3299.4890682777873
EMA50/200黄金交叉,1h,100,15,5,138,71,51.449275362318836,4.76821499031325,4.492206397027964,6.666666666666667,220.83333333333331,187.82717855683592
突破买入,4h,75,3,15,229,52,22.707423580786028,15.236475486564416,2.986173399388042,25.0,220.67685589519652,3956.160504144992
突破买入,4h,75,2,20,272,46,16.911764705882355,17.077840323618194,1.993595980936652,37.5,220.4411764705883,6700.559263895071
RSI超卖,4h,100,2,20,259,33,12.741312741312742,15.596171026783209,1.9913460073550637,50.0,219.9227799227799,1292.5889244320279
放量突破,4h,75,5,10,104,35,33.65384615384615,13.741117001477031,4.748468621068567,15.0,219.2307692307692,1532.9476019796493
RSI超卖,1h,100,2,10,704,165,23.4375,5.716890501007958,1.9651723791361826,50.0,219.0625,-1159.409796880892
EMA50/200黄金交叉,1h,50,7,10,142,72,50.70422535211267,4.882833452325194,4.452772996384771,7.142857142857143,219.01408450704224,398.6989882048002
看涨插针,4h,100,10,5,137,67,48.9051094890511,11.604828703039528,7.740371301013954,10.0,218.97810218978103,1178.4876601633578
看涨插针,1h,100,7,5,513,243,47.368421052631575,5.443156769497422,4.32477079653725,14.285714285714286,218.4210526315789,774.9948996140807
RSI超卖,1d,100,2,30,44,4,9.090909090909092,70.31541214319796,2.000000000000001,50.0,218.1818181818182,6037.849457183754
EMA50/200黄金交叉,4h,200,2,5,31,7,22.58064516129032,14.637636299660256,2.000000000000003,100.0,218.06451612903223,272.3172704881086
突破买入,1h,100,7,5,514,243,47.276264591439684,5.441552278205388,3.984756251041708,14.285714285714286,217.9280155642023,1212.141297858032
趋势EMA交叉,1d,150,3,5,23,7,30.434782608695656,53.59722417849773,3.0000000000000044,50.0,217.82608695652178,1635.9028462474203
放量突破,1h,100,5,5,439,203,46.24145785876993,4.966932391282194,3.8860528380090065,20.0,217.7676537585421,455.89402830079905
RSI超卖,1h,75,3,10,573,182,31.762652705061083,5.696117515225116,2.844551400511498,25.0,217.74869109947647,-755.2620982902461
看涨插针,1d,200,2,10,51,6,11.76470588235294,61.808716063081626,2.000000000000002,100.0,217.6470588235294,2808.5229637848965
趋势EMA交叉,4h,50,3,20,149,39,26.174496644295303,15.65190382061624,3.0000000000000036,16.666666666666668,217.44966442953017,5608.4849800806605
趋势EMA交叉,1d,30,3,30,29,9,31.03448275862069,28.210156185268048,3.0000000000000044,10.0,217.24137931034477,5816.74217002237
放量突破,4h,75,2,15,131,28,21.374045801526716,15.994410330544442,2.000000000000002,37.5,216.8702290076336,3627.6523388286632
看涨插针,1h,100,15,5,463,235,50.75593952483801,4.946881899204583,4.601677367446609,6.666666666666667,216.84665226781857,566.6740326762521
趋势EMA交叉,1h,100,5,5,417,192,46.043165467625904,5.242733758790978,3.7553872593353956,20.0,216.726618705036,808.2137416870188
放量突破,1d,100,2,5,9,4,44.44444444444444,54.30920916989248,2.000000000000005,50.0,216.66666666666669,1036.1841833978494
EMA7/25金叉,4h,75,2,20,210,35,16.666666666666664,17.897385255699746,2.0000000000000013,37.5,216.6666666666666,5528.169678989817
趋势EMA交叉,1h,30,2,30,574,165,28.745644599303137,5.892685311002821,1.9351521943516425,15.0,215.9581881533101,5424.474864769306
RSI超卖,1h,100,10,5,362,175,48.34254143646409,5.773878774056079,4.95372108624661,10.0,215.8839779005525,420.4147116584893
恐慌闪崩,1h,200,2,25,19,1,5.263157894736842,1.4053077357425119,2.0000000000000018,100.0,215.7894736842105,-864.867306606438
放量突破,1h,50,7,10,411,206,50.121654501216554,4.962877840077413,4.416029748254245,7.142857142857143,215.69343065693434,1170.6673666382674
突破买入,4h,200,3,5,229,52,22.707423580786028,15.236475486564416,2.986173399388042,66.66666666666667,215.48034934497818,1318.7201680483306
RSI超卖,1d,100,7,10,30,8,26.666666666666668,54.53077310432684,7.000000000000006,14.285714285714286,215.33333333333334,2822.4618483461463
看涨插针,4h,75,5,10,181,60,33.14917127071823,12.223914915143569,4.7412114439221265,15.0,215.19337016574582,1597.4831019403678
趋势EMA交叉,1h,50,7,10,388,194,50.0,5.058021642980719,4.187845893056565,7.142857142857143,215.0,1688.1409548528607
看涨插针,4h,100,15,5,123,62,50.40650406504065,12.216265386171555,8.734397571469675,6.666666666666667,214.83739837398375,1123.0510104149307
EMA7/25金叉,1d,75,5,15,29,7,24.137931034482758,58.709854509182755,5.0000000000000036,15.0,214.65517241379305,4514.534723464189
看涨插针,1h,30,3,25,704,247,35.08522727272727,5.4802485554518885,2.79504665019861,10.0,214.453125,1907.1268513962953
放量突破,1d,100,3,5,9,4,44.44444444444444,54.30920916989248,3.0000000000000027,33.333333333333336,213.88888888888889,1011.1841833978494
放量突破,1d,50,15,5,9,8,88.88888888888889,33.797299076025425,15.0,3.3333333333333335,213.88888888888889,1276.8919630410173
趋势EMA交叉,4h,100,10,5,96,46,47.91666666666667,12.714376962618374,6.88340579344253,10.0,213.5416666666667,1203.455253041594
看涨插针,1d,150,3,10,44,7,15.909090909090908,50.75156822768985,3.0000000000000036,50.0,213.4090909090909,2442.6097759382883
EMA50/200黄金交叉,4h,30,5,15,31,17,54.83870967741935,12.797269477126948,5.000000000000004,6.0,212.9032258064516,2213.303716667371
EMA7/25金叉,4h,100,3,10,174,41,23.563218390804597,15.895032502561449,2.980875838553391,33.333333333333336,212.70114942528733,2552.3984607741845
EMA7/25金叉,1d,100,5,10,28,7,25.0,58.434117511538865,5.0000000000000036,20.0,212.5,3040.3882258077197
恐慌闪崩,1d,100,5,10,20,5,25.0,67.52695908217049,5.0000000000000036,20.0,212.5,2626.347954108524
EMA50/200黄金交叉,1h,50,5,10,145,69,47.58620689655172,4.964917052098005,3.9231923777452193,10.0,211.72413793103448,444.1665588612575
RSI超卖,1h,100,7,5,397,183,46.095717884130984,5.480875037468783,4.759059499826934,14.285714285714286,211.61209068010075,-77.19300553088334
恐慌闪崩,1h,150,3,10,19,3,15.789473684210526,3.2665468912883036,2.863524003900972,50.0,211.578947368421,-360.1674338855063
恐慌闪崩,1d,100,7,10,19,5,26.31578947368421,62.42806264613396,7.000000000000008,14.285714285714286,211.578947368421,2141.4031323066965
RSI超卖,1d,150,3,10,38,6,15.789473684210526,64.43702515457475,3.0000000000000018,50.0,211.578947368421,2906.2215092744837
恐慌闪崩,4h,200,5,5,26,6,23.076923076923077,6.622185540566041,4.78638610869624,40.0,211.53846153846155,-279.97304465264284
RSI超卖,4h,75,7,10,140,48,34.285714285714285,12.450746023940331,6.425146535414908,10.714285714285714,211.14285714285717,65.22327890964259
EMA7/25金叉,1h,100,5,5,474,213,44.936708860759495,5.316209812814482,3.7584512605450207,20.0,210.91772151898735,756.9845556361713
看涨插针,4h,50,3,25,241,52,21.57676348547718,13.95521422592585,2.9571446558577037,16.666666666666668,210.89211618257264,4169.269994775958
趋势EMA交叉,1d,150,5,5,23,7,30.434782608695656,53.59722417849773,5.000000000000002,30.0,210.86956521739134,1475.9028462474203
趋势EMA交叉,1d,100,10,5,19,9,47.368421052631575,54.30652902870729,9.999999999999995,10.0,210.52631578947364,1943.7938062918283
EMA50/200黄金交叉,4h,100,2,10,31,7,22.58064516129032,14.637636299660256,2.000000000000003,50.0,210.32258064516128,544.6345409762172
EMA7/25金叉,1h,50,7,10,440,216,49.09090909090909,5.207874399151381,4.323517641931397,7.142857142857143,209.81818181818184,1564.3291842406538
放量突破,4h,100,7,5,94,43,45.744680851063826,11.503831810075695,6.208437385993251,14.285714285714286,209.73404255319147,890.1723057379958
EMA7/25金叉,4h,100,15,5,101,50,49.504950495049506,12.502477175133102,8.378472694438374,6.666666666666667,209.65346534653466,989.1087567014904
趋势EMA交叉,1h,150,2,5,571,165,28.896672504378284,5.710988576525867,1.9346730233739458,75.0,209.61471103327497,784.1793381847313
趋势EMA交叉,1d,200,2,5,23,5,21.73913043478261,64.62306488247118,2.0000000000000018,100.0,209.56521739130434,1435.5766220617793
突破买入,1h,100,15,5,477,236,49.47589098532495,5.389818001489289,4.360281711479749,6.666666666666667,209.48637316561846,1105.8457794242631
EMA7/25金叉,4h,100,10,5,106,50,47.16981132075472,12.622413090901368,7.289100204895872,10.0,209.43396226415095,1114.655215354498
趋势EMA交叉,4h,100,15,5,93,46,49.46236559139785,12.880337629078333,8.441067743418358,6.666666666666667,209.40860215053763,978.8267349847034
看涨插针,1d,75,5,15,38,9,23.684210526315788,48.83739602655057,5.0000000000000036,15.0,209.2105263157895,4418.048463584324
EMA7/25金叉,1d,75,2,15,29,6,20.689655172413794,59.48716501594649,2.0000000000000013,37.5,208.9655172413793,4663.844851435184
恐慌闪崩,1h,100,10,5,17,8,47.05882352941176,8.038820350745796,8.008253509750134,10.0,208.8235294117647,-38.81859390892414
看涨插针,4h,75,3,15,240,52,21.666666666666668,14.158255754100505,2.9569167018995,25.0,208.5,2704.934388841805
放量突破,1d,100,5,5,9,4,44.44444444444444,54.30920916989248,5.000000000000004,20.0,208.33333333333334,961.1841833978496
恐慌闪崩,4h,150,3,25,27,2,7.4074074074074066,5.282658475967096,3.0000000000000036,50.0,208.33333333333331,-1610.8670762016473
RSI超卖,1h,100,15,5,341,168,49.266862170087975,5.473327773201102,5.008378314987641,6.666666666666667,208.28445747800583,265.3480870246164
RSI超卖,1h,50,3,15,573,182,31.762652705061083,5.7223671282112045,2.844551400511498,16.666666666666668,207.5130890052356,-1061.2317039833474
突破买入,1d,100,7,10,27,7,25.925925925925924,48.799363662503744,7.000000000000009,14.285714285714286,207.4074074074074,2015.9554563752608
EMA7/25金叉,1h,30,2,30,690,192,27.82608695652174,6.093577626298798,1.9522480591983162,15.0,207.1304347826087,5932.421123058232
EMA50/200黄金交叉,1h,20,3,30,151,65,43.04635761589404,5.1981987061677835,2.6029406565636637,6.666666666666667,207.01986754966887,3420.9005830929254
EMA7/25金叉,4h,75,5,10,137,44,32.11678832116788,14.172494964681874,4.71565763468686,15.0,206.93430656934305,1850.3361842012446
趋势EMA交叉,4h,50,5,15,120,41,34.166666666666664,14.995627642016707,4.723496621110305,10.0,206.875,3624.9675038245637
RSI超卖,4h,100,15,5,100,49,49.0,11.49825867187357,9.559825626662496,6.666666666666667,206.75,379.3178398100887
EMA50/200黄金交叉,1h,100,3,5,151,65,43.04635761589404,5.117341182959109,2.6029406565636637,33.333333333333336,206.68874172185429,543.8714021393349
恐慌闪崩,1d,100,10,5,15,7,46.666666666666664,46.51370743101662,9.999999999999996,10.0,206.66666666666663,1227.9797600855816
EMA7/25金叉,1d,150,7,5,26,8,30.76923076923077,58.996546610991615,7.000000000000006,21.428571428571427,206.53846153846155,1729.861864439664
突破买入,4h,100,10,5,133,62,46.616541353383454,13.834177315213122,7.513983965157251,10.0,206.39097744360902,1621.130660085244
突破买入,1h,100,5,5,561,247,44.02852049910874,5.5031763280034465,3.715975249981834,20.0,206.14973262032086,962.3416226127777
RSI超卖,1d,150,10,5,25,8,32.0,54.98005843239417,10.0,15.0,206.0,1349.202337295767
放量突破,4h,200,2,5,131,28,21.374045801526716,15.994410330544442,2.000000000000002,100.0,205.87786259541983,1209.217446276221
突破买入,4h,150,5,5,178,53,29.775280898876407,15.897491640009516,4.793339486868901,30.0,205.75842696629212,1216.998105309458
看涨插针,4h,150,2,10,283,42,14.840989399293287,15.035045047411748,1.994706103498171,75.0,205.58303886925793,1507.4772104823414
EMA50/200黄金交叉,4h,75,10,5,30,18,60.0,13.911420717303061,8.457214139720884,7.5,205.0,744.5950161740228
突破买入,1d,75,5,15,30,7,23.333333333333332,50.80106644391948,5.0000000000000036,15.0,204.99999999999994,3609.111976611544
看涨插针,4h,200,3,5,240,52,21.666666666666668,14.1527134624742,2.9569167018995,66.66666666666667,204.91666666666669,900.2038004577629
放量突破,1h,50,5,10,439,203,46.24145785876993,4.966932391282194,3.8860528380090065,10.0,204.3280182232346,911.7880566015981
恐慌闪崩,4h,150,7,5,23,7,30.434782608695656,5.965016570327146,6.6079826358703,21.428571428571427,203.9130434782609,-319.8630309081739
突破买入,4h,100,3,10,229,52,22.707423580786028,15.236475486564416,2.986173399388042,33.333333333333336,203.88646288209608,2637.440336096661
RSI超卖,1h,50,2,20,704,165,23.4375,5.745844619574432,1.9651723791361826,25.0,203.75,-2223.2710024924218
恐慌闪崩,4h,75,15,5,21,13,61.904761904761905,11.288072640876372,9.756902134732359,5.0,203.5714285714286,343.4486362676699
恐慌闪崩,1d,200,2,30,23,1,4.3478260869565215,88.77194460755786,1.9999999999999998,100.0,203.47826086956522,1343.158338226736
突破买入,1d,100,5,10,29,7,24.137931034482758,55.203257551747065,5.0000000000000036,20.0,203.44827586206895,2764.228028622293
趋势EMA交叉,1d,75,7,10,24,8,33.33333333333333,57.51876465860563,7.000000000000007,10.714285714285714,203.33333333333326,3481.50117268845
趋势EMA交叉,1h,50,5,10,417,192,46.043165467625904,5.242733758790978,3.7553872593353956,10.0,203.23741007194246,1616.4274833740376
EMA50/200黄金交叉,4h,75,7,5,31,18,58.06451612903226,13.732210705500211,6.574938574938581,10.714285714285714,203.06451612903228,808.5279561240116
EMA7/25金叉,1h,150,2,5,686,192,27.988338192419825,5.886276420309713,1.9518614038072095,75.0,202.7113702623907,829.7276960935159
放量突破,4h,50,5,15,104,35,33.65384615384615,13.741117001477031,4.748468621068567,10.0,202.64423076923077,2299.421402969474
趋势EMA交叉,1h,75,2,10,571,165,28.896672504378284,5.710988576525867,1.9346730233739458,37.5,202.50437828371278,1568.3586763694625
恐慌闪崩,1d,75,15,5,13,8,61.53846153846154,37.61965824886589,13.44834554675928,5.0,201.92307692307693,1168.5776912856534
恐慌闪崩,4h,75,5,15,26,6,23.076923076923077,6.622185540566041,4.78638610869624,15.0,201.9230769230769,-839.9191339579285
看涨插针,1h,100,5,5,567,245,43.20987654320987,5.578262046844789,3.837472483974583,20.0,201.85185185185185,655.0403081857864
趋势EMA交叉,1d,100,2,10,23,5,21.73913043478261,64.62306488247118,2.0000000000000018,50.0,201.73913043478262,2871.1532441235586
看涨插针,1d,75,2,30,53,6,11.320754716981133,41.99786370518106,2.0000000000000018,37.5,201.5094339622642,4739.61546693259
EMA7/25金叉,1d,30,3,30,34,10,29.411764705882355,28.38914056674124,3.0000000000000036,10.0,201.17647058823536,6356.7421700223695
看涨插针,1d,100,3,15,44,7,15.909090909090908,43.608711084832706,3.0000000000000036,33.333333333333336,200.79545454545453,2913.914663907432
趋势EMA交叉,1d,50,2,25,26,5,19.230769230769234,48.469771228954905,2.000000000000002,25.0,200.00000000000003,5008.721403619363
看涨插针,1h,50,7,10,513,243,47.368421052631575,5.443156769497422,4.32477079653725,7.142857142857143,199.99999999999994,1549.9897992281615
突破买入,1h,50,7,10,514,243,47.276264591439684,5.441552278205388,3.984756251041708,7.142857142857143,199.4747081712062,2424.282595716064
EMA7/25金叉,1d,200,2,5,29,6,20.689655172413794,60.51872464458819,2.0000000000000013,100.0,198.9655172413793,1585.5617393376453
RSI超卖,1d,100,3,15,38,6,15.789473684210526,63.83797805048497,3.0000000000000018,33.333333333333336,198.94736842105263,4305.418024543646
恐慌闪崩,1h,100,3,15,19,3,15.789473684210526,3.2665468912883036,2.863524003900972,33.333333333333336,198.94736842105263,-540.2511508282595
EMA7/25金叉,4h,50,2,30,211,35,16.587677725118482,18.263244826643522,2.0000000000000013,25.0,198.7677725118483,8616.407067975691
RSI超卖,4h,100,10,5,115,52,45.21739130434783,12.031803593737585,8.468970166685335,10.0,198.69565217391303,460.54333186589196
EMA50/200黄金交叉,4h,75,15,5,28,17,60.71428571428571,13.08058379163377,9.717614022484684,5.0,198.2142857142857,577.3808510522132
EMA50/200黄金交叉,1h,50,3,10,151,65,43.04635761589404,5.117341182959109,2.6029406565636637,16.666666666666668,198.1456953642384,1087.7428042786698
放量突破,4h,100,2,10,131,28,21.374045801526716,15.994410330544442,2.000000000000002,50.0,198.01526717557252,2418.434892552442
RSI超卖,4h,150,5,5,167,48,28.74251497005988,12.579424014343116,4.810792100265235,30.0,197.75449101796406,156.6404637845325
趋势EMA交叉,1d,75,3,10,24,7,29.166666666666668,55.02144532412073,3.000000000000004,25.0,197.5,3341.50117268845
趋势EMA交叉,1d,100,15,5,19,9,47.368421052631575,52.55633342203895,13.952022933412513,6.666666666666667,197.36842105263153,1667.4338573211273
放量突破,4h,75,15,5,81,49,60.49382716049383,11.40002762815499,6.868948253500102,5.0,197.22222222222226,1693.9750483379562
突破买入,4h,50,2,30,279,46,16.48745519713262,17.290934311214905,1.9937883763591562,25.0,197.20430107526886,9924.908598726071
EMA7/25金叉,1h,50,5,10,474,213,44.936708860759495,5.316209812814482,3.7584512605450207,10.0,197.15189873417722,1513.9691112723426
看涨插针,4h,100,2,15,283,42,14.840989399293287,15.035045047411748,1.994706103498171,50.0,197.0671378091873,2261.215815723512
看涨插针,4h,50,5,15,182,60,32.967032967032964,12.047945590725535,4.743332661594897,10.0,196.97802197802193,2162.852260934322
放量突破,4h,150,3,5,116,32,27.586206896551722,15.712322801053569,2.974094970420479,50.0,196.0344827586207,1264.8517605919699
EMA7/25金叉,1d,50,3,20,29,7,24.137931034482758,47.47798279999254,3.000000000000004,16.666666666666668,195.86206896551727,5326.917591998954
放量突破,1h,30,2,30,593,158,26.644182124789207,5.515598629969504,1.9589510622531132,15.0,195.78414839797637,579.626143652327
EMA7/25金叉,1h,75,2,10,686,192,27.988338192419825,5.886276420309713,1.9518614038072095,37.5,195.51020408163265,1659.4553921870317
EMA50/200黄金交叉,4h,30,3,20,31,12,38.70967741935484,12.879815118606423,3.0000000000000027,10.0,195.48387096774192,1951.1556284655408
趋势EMA交叉,1h,50,2,15,571,165,28.896672504378284,5.710988576525867,1.9346730233739458,25.0,195.39404553415062,2352.538014554194
看涨插针,1d,100,2,20,52,6,11.538461538461538,45.14204939641496,2.0000000000000013,50.0,195.3846153846154,3577.045927569793
RSI超卖,4h,75,2,25,259,33,12.741312741312742,15.596171026783209,1.9913460073550637,37.5,195.27027027027026,1615.736155540035
突破买入,1d,200,3,5,29,6,20.689655172413794,51.23510893562037,3.0000000000000044,66.66666666666667,195.0,1192.0532680686106
EMA50/200黄金交叉,4h,50,2,20,31,7,22.58064516129032,14.637636299660256,2.000000000000003,25.0,194.83870967741933,1089.2690819524344
EMA50/200黄金交叉,4h,75,5,5,31,17,54.83870967741935,13.09216689943906,5.000000000000004,15.0,194.3548387096774,762.8341864523201
EMA50/200黄金交叉,1h,30,2,20,156,57,36.53846153846153,5.732632989964061,1.9395910725696164,15.0,193.8461538461538,2694.811284871188
EMA7/25金叉,1d,50,2,25,32,6,18.75,47.057646599991294,2.0000000000000013,25.0,193.75,5758.646989998693
突破买入,1d,75,2,15,31,6,19.35483870967742,50.26588597648819,2.0000000000000013,37.5,193.5483870967742,3773.929737883937
看涨插针,4h,100,3,10,240,52,21.666666666666668,14.1527134624742,2.9569167018995,33.333333333333336,193.16666666666669,1800.4076009155258
突破买入,1d,50,2,30,37,6,16.216216216216218,46.31331902045224,2.000000000000001,25.0,192.972972972973,6476.397423681402
放量突破,1h,150,2,5,592,158,26.68918918918919,5.368617395859407,1.9588564794472447,75.0,192.8378378378378,-9.510817671589322
放量突破,1d,75,7,5,9,5,55.55555555555556,48.41721823305828,7.000000000000011,10.714285714285714,192.77777777777783,1070.4304558264566
RSI超卖,1h,50,7,10,397,183,46.095717884130984,5.50698120994675,4.759059499826934,7.142857142857143,192.7455919395466,-106.61171542708537
放量突破,1d,30,2,20,11,4,36.36363636363637,30.000000000000007,2.000000000000005,15.0,192.72727272727275,2120.0
RSI超卖,1d,200,5,5,33,7,21.21212121212121,61.41495450199898,5.000000000000004,40.0,192.42424242424244,1499.5234075699636
恐慌闪崩,4h,100,5,10,26,6,23.076923076923077,6.622185540566041,4.78638610869624,20.0,192.30769230769232,-559.9460893052857
突破买入,1h,50,5,10,561,247,44.02852049910874,5.5031763280034465,3.715975249981834,10.0,192.15686274509807,1924.6832452255553
突破买入,1h,30,2,30,834,219,26.258992805755394,6.291593086283545,1.939709660881427,15.0,192.08633093525177,5548.12333362056
突破买入,1d,200,2,5,30,6,20.0,51.23510893562037,2.0000000000000013,100.0,192.0,1297.053268068611
EMA7/25金叉,1d,100,2,10,29,6,20.689655172413794,60.51872464458819,2.0000000000000013,50.0,191.0344827586207,3171.1234786752907
恐慌闪崩,1d,75,3,25,22,3,13.636363636363635,65.65815113796315,3.0000000000000027,25.0,190.90909090909088,3499.361335347234
放量突破,4h,50,7,10,94,43,45.744680851063826,11.503831810075695,6.208437385993251,7.142857142857143,190.74468085106383,1780.3446114759915
放量突破,1h,30,3,20,506,192,37.94466403162055,5.371336930140241,2.7979698364656795,10.0,190.43478260869563,3054.6832387340564
突破买入,1h,150,2,5,831,218,26.233453670276774,6.116471737654331,1.9395129550441723,75.0,189.37424789410346,722.3469868328325
看涨插针,1h,30,2,30,859,223,25.960419091967402,6.169235394379462,1.9594666461875303,15.0,189.22002328288704,3885.5611791405254
看涨插针,1d,100,10,5,23,10,43.47826086956522,51.61237488333146,9.006051531591133,10.0,189.1304347826087,1995.2253946131495
突破买入,1d,75,3,15,30,6,20.0,50.26588597648819,3.000000000000004,25.0,189.0,3443.929737883936
看涨插针,4h,75,2,20,283,42,14.840989399293287,15.035045047411748,1.994706103498171,37.5,188.55123674911658,3014.954420964683
看涨插针,1h,150,2,5,858,224,26.107226107226104,6.005519455162066,1.9593387807180902,75.0,188.4149184149184,515.0778549051677
EMA7/25金叉,4h,50,3,20,175,41,23.42857142857143,16.367163131914456,2.981018556176127,16.666666666666668,188.34285714285716,5431.944037617835
EMA7/25金叉,1h,50,2,15,686,192,27.988338192419825,5.886276420309713,1.9518614038072095,25.0,188.30903790087464,2489.1830882805475
突破买入,4h,75,5,10,178,53,29.775280898876407,15.897491640009516,4.793339486868901,15.0,188.20224719101122,2433.996210618916
EMA7/25金叉,4h,50,5,15,138,44,31.88405797101449,14.774162852044945,4.7186825534667864,10.0,188.04347826086953,3097.6050819614934
放量突破,1d,50,2,10,10,4,40.0,44.732478476420326,2.0000000000000053,25.0,188.0,1669.2991390568127
RSI超卖,4h,75,3,15,211,42,19.90521327014218,14.331294886724168,2.967633532364142,25.0,187.8909952606635,1505.764774093128
看涨插针,1h,50,5,10,567,245,43.20987654320987,5.578262046844789,3.837472483974583,10.0,187.6543209876543,1310.080616371573
RSI超卖,4h,50,3,25,212,42,19.81132075471698,14.5532246032317,2.9678239233502346,16.666666666666668,187.5,2667.6341591547875
RSI超卖,1h,100,5,5,450,182,40.44444444444444,5.776925562450402,4.055101861953256,20.0,187.33333333333334,-176.83423318749453
RSI超卖,1h,30,3,25,573,182,31.762652705061083,5.5950778294782735,2.844551400511498,10.0,187.04188481675396,-2347.8858158737476
RSI超卖,4h,200,3,5,211,42,19.90521327014218,14.331294886724168,2.967633532364142,66.66666666666667,187.03791469194314,501.92159136437596
趋势EMA交叉,1d,50,3,15,24,7,29.166666666666668,43.74860883031241,3.000000000000004,16.666666666666668,186.875,3828.603927182802
趋势EMA交叉,4h,100,7,5,111,46,41.44144144144144,13.65021079107146,6.059076346144772,14.285714285714286,186.7117117117117,1170.3486694493852
趋势EMA交叉,4h,150,3,5,148,39,26.351351351351347,15.155561364116926,3.0000000000000036,50.0,186.58783783783784,1320.3344660027985
趋势EMA交叉,4h,50,2,25,176,32,18.181818181818183,18.425892358395757,2.0000000000000013,25.0,186.36363636363637,7540.713886716601
看涨插针,1d,100,15,5,22,10,45.45454545454545,48.95254653790448,13.08988915922373,6.666666666666667,186.36363636363635,1662.2339773418003
RSI超卖,1d,75,3,20,38,6,15.789473684210526,61.15985276887537,3.0000000000000018,25.0,186.31578947368416,5419.182332265042
恐慌闪崩,1h,75,3,20,19,3,15.789473684210526,3.2665468912883036,2.863524003900972,25.0,186.31578947368416,-720.3348677710126
放量突破,1h,75,2,10,592,158,26.68918918918919,5.368617395859407,1.9588564794472447,37.5,185.50675675675674,-19.021635343178644
放量突破,4h,75,3,10,116,32,27.586206896551722,15.712322801053569,2.974094970420479,25.0,185.17241379310346,2529.7035211839398
趋势EMA交叉,1h,30,3,20,483,179,37.060041407867494,5.368449885290901,2.722948730499789,10.0,184.59627329192548,2663.5223079027105
EMA50/200黄金交叉,4h,100,3,5,31,12,38.70967741935484,13.220674658487468,3.0000000000000027,33.333333333333336,184.35483870967744,508.24047950924785
突破买入,1d,100,2,10,30,6,20.0,51.23510893562037,2.0000000000000013,50.0,184.0,2594.106536137222
趋势EMA交叉,1d,75,5,10,24,7,29.166666666666668,55.02144532412073,5.000000000000002,15.0,183.33333333333334,3001.5011726884504
突破买入,1d,100,3,10,29,6,20.689655172413794,51.23510893562037,3.0000000000000044,33.333333333333336,183.10344827586206,2384.106536137221
看涨插针,4h,100,7,5,157,64,40.76433121019109,11.805144655344057,6.181978025000047,14.285714285714286,183.08917197452232,903.0265080850761
看涨插针,1d,75,3,20,45,7,15.555555555555555,40.913694778060794,3.0000000000000036,25.0,182.66666666666666,3447.9172689285087
突破买入,1d,50,3,30,35,6,17.142857142857142,46.31331902045224,3.0000000000000036,16.666666666666668,182.57142857142856,5726.3974236814
放量突破,4h,50,2,20,131,28,21.374045801526716,15.994410330544442,2.000000000000002,25.0,182.29007633587784,4836.869785104884
放量突破,1d,50,3,10,10,4,40.0,44.732478476420326,3.0000000000000036,16.666666666666668,182.0,1609.2991390568127
突破买入,1h,75,2,10,831,218,26.233453670276774,6.116471737654331,1.9395129550441723,37.5,181.99759326113116,1444.693973665665
RSI超卖,1d,100,2,25,44,4,9.090909090909092,70.31541214319796,2.000000000000001,50.0,181.8181818181818,5031.541214319795
趋势EMA交叉,4h,75,2,15,175,32,18.285714285714285,18.025733452676004,2.000000000000001,37.5,181.2,4362.352057284478
EMA50/200黄金交叉,1h,20,2,30,156,57,36.53846153846153,5.582263413067366,1.9395910725696164,10.0,181.15384615384613,3785.0849508134347
趋势EMA交叉,1d,30,3,25,29,9,31.03448275862069,28.210156185268048,3.0000000000000044,10.0,181.0344827586207,4847.285141685309
看涨插针,1h,75,2,10,858,224,26.107226107226104,6.005519455162066,1.9593387807180902,37.5,181.025641025641,1030.1557098103353
放量突破,1h,100,3,5,505,192,38.01980198019802,5.250383622903806,2.79732437268442,33.333333333333336,180.8019801980198,662.5556347365371
恐慌闪崩,4h,200,3,15,27,2,7.4074074074074066,5.282658475967096,3.0000000000000036,66.66666666666667,180.55555555555554,-966.5202457209884
放量突破,1d,30,3,20,11,4,36.36363636363637,30.000000000000007,3.000000000000003,10.0,180.0,1980.0
恐慌闪崩,1h,150,2,30,19,1,5.263157894736842,1.4053077357425119,2.0000000000000018,75.0,180.0,-1037.8407679277254
放量突破,1d,20,2,30,11,4,36.36363636363637,19.999999999999996,2.000000000000005,10.0,180.0,1979.9999999999986
趋势EMA交叉,1h,30,2,25,574,165,28.745644599303137,5.892685311002821,1.9351521943516425,15.0,179.9651567944251,4520.395720641089
RSI超卖,4h,75,5,10,167,48,28.74251497005988,12.579424014343116,4.810792100265235,15.0,179.94011976047904,313.280927569065
恐慌闪崩,4h,75,7,10,23,7,30.434782608695656,5.965016570327146,6.6079826358703,10.714285714285714,179.56521739130437,-639.7260618163479
RSI超卖,1d,75,5,15,33,7,21.21212121212121,58.60594959997094,5.000000000000004,15.0,179.54545454545453,4203.624707996947
恐慌闪崩,1h,150,5,5,19,5,26.31578947368421,4.345546426940336,4.433877256267948,30.0,178.9473684210526,-201.73274726524795
恐慌闪崩,1d,150,3,10,22,3,13.636363636363635,70.24879934048242,3.0000000000000027,50.0,178.63636363636363,1537.4639802144725
放量突破,1h,50,2,15,592,158,26.68918918918919,5.368617395859407,1.9588564794472447,25.0,178.17567567567568,-28.532453014767967
突破买入,1h,30,3,20,675,243,36.0,5.696596631269763,2.71763584609914,10.0,177.59999999999997,4205.085917674473
EMA7/25金叉,1h,30,3,20,575,207,36.0,5.6106995273445515,2.7433792023334114,10.0,177.59999999999997,3037.0251140325404
突破买入,4h,50,3,20,232,52,22.413793103448278,15.681104596521466,2.9864038427315753,16.666666666666668,177.58620689655174,5557.294946548656
RSI超卖,1d,150,2,15,44,4,9.090909090909092,71.21398279933261,2.000000000000001,75.0,177.27272727272728,3072.8389679599563
EMA50/200黄金交叉,4h,20,3,30,31,12,38.70967741935484,11.987920180652237,3.0000000000000027,6.666666666666667,177.09677419354838,2605.651265034804
趋势EMA交叉,1h,100,3,5,480,179,37.291666666666664,5.200964068594269,2.7201874221658993,33.333333333333336,177.05208333333331,560.9807710321912
EMA50/200黄金交叉,1h,100,2,5,156,57,36.53846153846153,5.490057465548701,1.9395910725696164,50.0,176.34615384615384,604.5687967594197
EMA7/25金叉,1d,150,3,5,28,7,25.0,58.434117511538865,3.0000000000000036,50.0,176.25,1730.1941129038596
趋势EMA交叉,4h,75,3,10,148,39,26.351351351351347,15.155561364116926,3.0000000000000036,25.0,175.54054054054052,2640.668932005597
EMA50/200黄金交叉,4h,50,3,10,31,12,38.70967741935484,13.220674658487468,3.0000000000000027,16.666666666666668,175.16129032258067,1016.4809590184957
RSI超卖,4h,100,3,10,211,42,19.90521327014218,14.331294886724168,2.967633532364142,33.333333333333336,175.02369668246448,1003.8431827287519
看涨插针,1d,50,3,30,48,8,16.666666666666664,38.208055543922164,3.0000000000000036,16.666666666666668,174.99999999999997,5569.933330541315
放量突破,4h,75,10,5,85,45,52.94117647058824,11.106387265751207,6.820764570313726,7.5,174.99999999999997,1134.7842207312763
放量突破,1h,75,10,5,393,208,52.926208651399484,4.678942504948941,4.365553953534284,7.5,174.9363867684478,827.9627981276853
EMA50/200黄金交叉,1h,30,5,15,145,69,47.58620689655172,5.165305528788954,3.9231923777452193,6.0,174.82758620689657,873.6519116670182
趋势EMA交叉,4h,200,2,5,175,32,18.285714285714285,18.025733452676004,2.000000000000001,100.0,174.68571428571425,1454.1173524281594
EMA7/25金叉,1h,75,10,5,420,222,52.85714285714286,5.010496366013721,4.420719580867139,7.5,174.64285714285714,1185.138581216763
突破买入,1h,50,2,15,831,218,26.233453670276774,6.116471737654331,1.9395129550441723,25.0,174.62093862815883,2167.0409604984975
RSI超卖,1d,150,7,5,30,8,26.666666666666668,54.98005843239417,7.000000000000006,21.428571428571427,174.33333333333334,1429.202337295766
放量突破,4h,50,3,15,116,32,27.586206896551722,15.712322801053569,2.974094970420479,16.666666666666668,174.31034482758616,3794.55528177591
突破买入,1d,150,10,5,25,7,28.000000000000004,54.36603530257893,9.999999999999996,15.0,174.00000000000003,1002.8112355902629
放量突破,4h,30,3,30,120,32,26.666666666666668,15.658530999455449,2.975272471765003,10.0,174.0,7177.470434017624
EMA7/25金叉,4h,100,7,5,123,48,39.02439024390244,13.961255993527283,6.069865192767653,14.285714285714286,173.78048780487805,1074.501991158678
RSI超卖,4h,150,2,10,259,33,12.741312741312742,15.596171026783209,1.9913460073550637,75.0,173.66795366795364,646.2944622160139
看涨插针,1h,50,2,15,858,224,26.107226107226104,6.005519455162066,1.9593387807180902,25.0,173.63636363636363,1545.233564715503
恐慌闪崩,1h,100,7,5,18,7,38.88888888888889,6.774878728316835,5.915843780704659,14.285714285714286,173.05555555555557,-88.25065244766702
EMA50/200黄金交叉,1h,75,7,5,142,72,50.70422535211267,4.882833452325194,4.452772996384771,10.714285714285714,172.88732394366195,199.3494941024001
RSI超卖,1d,100,5,10,33,7,21.21212121212121,60.90148555563632,5.000000000000004,20.0,172.72727272727275,2963.103988894541
恐慌闪崩,1h,200,2,20,19,1,5.263157894736842,1.4053077357425119,2.0000000000000018,100.0,172.6315789473684,-691.8938452851503
EMA7/25金叉,1h,30,2,25,690,192,27.82608695652174,6.093577626298798,1.9522480591983162,15.0,172.6086956521739,4943.684269215193
EMA50/200黄金交叉,1h,20,3,25,151,65,43.04635761589404,5.1981987061677835,2.6029406565636637,6.666666666666667,172.51655629139074,2850.750485910771
RSI超卖,1h,50,5,10,450,182,40.44444444444444,5.803175175436491,4.055101861953256,10.0,172.44444444444446,-305.894170740308
恐慌闪崩,4h,75,10,5,23,12,52.17391304347826,10.749087524104786,7.626864559827126,7.5,171.7391304347826,225.46770065579517
EMA7/25金叉,1h,100,3,5,571,207,36.25218914185639,5.418420147876413,2.740559193567844,33.333333333333336,171.6987740805604,620.2471207586119
恐慌闪崩,1d,150,7,5,19,5,26.31578947368421,60.18245156764552,7.000000000000008,21.428571428571427,171.57894736842104,1014.5612891911377
看涨插针,1h,30,3,20,704,247,35.08522727272727,5.4802485554518885,2.79504665019861,10.0,171.5625,1525.701481117036
放量突破,1h,50,3,10,505,192,38.01980198019802,5.250383622903806,2.79732437268442,16.666666666666668,171.5049504950495,1325.1112694730741
看涨插针,1d,75,7,10,34,10,29.411764705882355,49.731935323647036,7.000000000000006,10.714285714285714,171.1764705882353,3293.193532364702
看涨插针,4h,50,2,30,284,42,14.788732394366196,15.378898393481226,1.9947279791035506,25.0,170.70422535211264,4895.686847494567
放量突破,1h,75,7,5,411,206,50.121654501216554,4.962877840077413,4.416029748254245,10.714285714285714,170.49878345498786,585.3336833191337
放量突破,1h,20,3,30,509,192,37.721021611001966,5.363787326100911,2.799881793849285,6.666666666666667,170.2750491159136,4268.539138834545
趋势EMA交叉,1h,75,7,5,388,194,50.0,5.058021642980719,4.187845893056565,10.714285714285714,170.0,844.0704774264303
EMA50/200黄金交叉,1h,50,2,10,156,57,36.53846153846153,5.490057465548701,1.9395910725696164,25.0,170.0,1209.1375935188394
突破买入,1h,100,3,5,674,242,35.90504451038576,5.563037141106371,2.71763584609914,33.333333333333336,169.91097922848664,861.1815131645651
趋势EMA交叉,1h,75,10,5,379,196,51.71503957783641,4.966922993348346,4.2966852997570815,7.5,169.78891820580475,936.1174842036495
恐慌闪崩,1d,200,2,25,23,1,4.3478260869565215,88.77194460755786,1.9999999999999998,100.0,169.56521739130432,1119.2986151889468
趋势EMA交叉,1d,100,7,5,21,8,38.095238095238095,54.76426494458062,7.000000000000006,14.285714285714286,168.8095238095238,1735.5705977832247
恐慌闪崩,1d,150,5,5,20,5,25.0,65.28134800368206,5.0000000000000036,30.0,168.75,1257.0337000920513
EMA7/25金叉,1d,150,5,5,28,7,25.0,58.434117511538865,5.0000000000000036,30.0,168.75,1520.1941129038598
看涨插针,1d,150,5,5,36,9,25.0,49.27817271485208,5.000000000000004,30.0,168.75,1542.517772168343
看涨插针,4h,50,3,20,241,52,21.57676348547718,13.95521422592585,2.9571446558577037,16.666666666666668,168.71369294605813,3335.415995820767
突破买入,1d,150,7,5,27,7,25.925925925925924,55.94222080536089,7.000000000000009,21.428571428571427,168.5185185185185,1257.9777281876304
RSI超卖,1h,150,2,5,704,165,23.4375,5.716890501007958,1.9651723791361826,75.0,168.125,-579.704898440446
EMA50/200黄金交叉,1h,30,3,15,151,65,43.04635761589404,5.330061258215654,2.6029406565636637,10.0,168.07947019867547,1839.0162797931364
看涨插针,1d,75,2,25,53,6,11.320754716981133,41.99786370518106,2.0000000000000018,37.5,167.92452830188685,3949.6795557771575
EMA7/25金叉,1d,30,3,25,34,10,29.411764705882355,28.38914056674124,3.0000000000000036,10.0,167.64705882352942,5297.285141685308
趋势EMA交叉,1h,50,3,10,480,179,37.291666666666664,5.200964068594269,2.7201874221658993,16.666666666666668,167.64583333333331,1121.9615420643825
放量突破,1h,30,5,15,440,203,46.13636363636363,5.0813315784220725,3.890753037004749,6.0,167.21590909090907,1641.0276097433284
突破买入,4h,100,7,5,159,60,37.735849056603776,14.474440866441624,6.4142537371627935,14.285714285714286,166.8867924528302,1167.276660036904
恐慌闪崩,4h,150,3,20,27,2,7.4074074074074066,5.282658475967096,3.0000000000000036,50.0,166.66666666666669,-1288.6936609613178
趋势EMA交叉,4h,100,2,10,175,32,18.285714285714285,18.025733452676004,2.000000000000001,50.0,166.51428571428568,2908.234704856319
EMA7/25金叉,1h,75,7,5,440,216,49.09090909090909,5.207874399151381,4.323517641931397,10.714285714285714,166.27272727272728,782.1645921203269
趋势EMA交叉,4h,50,7,10,111,46,41.44144144144144,14.22571920507092,6.059076346144772,7.142857142857143,166.2162162162162,2605.431209338521
趋势EMA交叉,1h,30,5,15,418,192,45.933014354066984,5.360509210245816,3.7608943953560354,6.0,166.14832535885165,2688.8345252509885
趋势EMA交叉,1h,20,3,30,485,180,37.11340206185567,5.2973178022778455,2.7238570953178223,6.666666666666667,166.08247422680412,3682.223710142292
看涨插针,4h,50,7,10,157,65,41.40127388535032,11.533466932773925,6.173086481793526,7.142857142857143,165.98726114649682,1817.513943053007
看涨插针,1h,100,3,5,703,247,35.13513513513514,5.430006723035712,2.7945971910981684,33.333333333333336,165.94594594594594,334.3767072452823
趋势EMA交叉,4h,30,3,30,151,39,25.82781456953642,14.118134109024577,3.000000000000004,10.0,165.6953642384106,6438.216907558746
恐慌闪崩,1d,100,3,15,22,3,13.636363636363635,73.99148447129647,3.0000000000000027,33.333333333333336,165.6818181818182,2474.6168012083403
EMA7/25金叉,4h,50,2,25,211,35,16.587677725118482,18.263244826643522,2.0000000000000013,25.0,165.6398104265403,7180.339223313076
RSI超卖,4h,50,5,15,168,49,29.166666666666668,12.94691151566784,4.810792100265235,10.0,165.625,928.716065042415
趋势EMA交叉,1d,50,5,15,24,7,29.166666666666668,43.74860883031241,5.000000000000002,10.0,165.625,3318.603927182803
EMA50/200黄金交叉,1h,75,10,5,140,71,50.71428571428571,4.777262468320289,4.694550415813078,7.5,165.53571428571428,76.30828279819049
EMA50/200黄金交叉,1h,75,5,5,145,69,47.58620689655172,4.964917052098005,3.9231923777452193,15.0,165.3448275862069,222.08327943062875
突破买入,4h,75,2,15,272,46,16.911764705882355,17.077840323618194,1.993595980936652,37.5,165.3308823529412,5025.419447921304
EMA7/25金叉,4h,150,3,5,174,41,23.563218390804597,15.895032502561449,2.980875838553391,50.0,165.25862068965517,1276.1992303870923
突破买入,4h,50,5,15,182,53,29.120879120879124,16.316042473576292,4.799747564795448,10.0,165.2472527472528,3683.742228613963
RSI超卖,1h,30,2,30,704,165,23.4375,5.624632498362311,1.9651723791361826,15.0,165.0,-3934.9065037386317
放量突破,1h,75,15,5,390,208,53.333333333333336,4.679639189985777,4.6740357633101,5.0,165.0,613.4522129730183
RSI超卖,4h,100,2,15,259,33,12.741312741312742,15.596171026783209,1.9913460073550637,50.0,164.94208494208493,969.441693324021
恐慌闪崩,4h,200,2,30,27,1,3.7037037037037033,6.784116071707838,2.0000000000000027,100.0,164.44444444444443,-1356.4765178487671
突破买入,4h,50,2,25,279,46,16.48745519713262,17.290934311214905,1.9937883763591562,25.0,164.336917562724,8270.757165605059
RSI超卖,1d,200,2,10,44,4,9.090909090909092,71.21398279933261,2.000000000000001,100.0,163.63636363636365,2048.5593119733044
放量突破,1d,30,5,15,11,5,45.45454545454545,30.000000000000007,5.000000000000004,6.0,163.63636363636365,1800.0
看涨插针,1h,75,10,5,478,240,50.2092050209205,5.1930522928862075,4.665500876596707,7.5,163.3891213389121,679.7167083133675
恐慌闪崩,1h,75,15,5,17,9,52.94117647058824,10.454182518648677,8.671862622904168,5.0,163.23529411764702,123.56370842302368
放量突破,1h,30,2,25,593,158,26.644182124789207,5.515598629969504,1.9589510622531132,15.0,163.15345699831363,483.02178637693913
趋势EMA交叉,4h,50,3,15,149,39,26.174496644295303,15.65190382061624,3.0000000000000036,16.666666666666668,163.08724832214767,4206.363735060495
EMA7/25金叉,1h,75,15,5,413,218,52.78450363196126,4.899387704142578,4.714561914640944,5.0,162.53026634382567,743.634730740489
EMA7/25金叉,4h,75,2,15,210,35,16.666666666666664,17.897385255699746,2.0000000000000013,37.5,162.49999999999994,4146.127259242363
EMA7/25金叉,1h,50,3,10,571,207,36.25218914185639,5.418420147876413,2.740559193567844,16.666666666666668,162.13660245183885,1240.4942415172238
突破买入,1d,150,5,5,29,7,24.137931034482758,62.3461146946042,5.0000000000000036,30.0,162.06896551724137,1632.114014311147
EMA50/200黄金交叉,4h,150,2,5,31,7,22.58064516129032,14.637636299660256,2.000000000000003,75.0,161.61290322580643,272.3172704881086
放量突破,1d,75,2,5,9,4,44.44444444444444,48.059209169892476,2.000000000000005,37.5,161.1111111111111,911.1841833978494
恐慌闪崩,1h,50,3,30,19,3,15.789473684210526,3.2665468912883036,2.863524003900972,16.666666666666668,161.05263157894737,-1080.502301656519
放量突破,1d,20,3,30,11,4,36.36363636363637,19.999999999999996,3.000000000000003,6.666666666666667,160.9090909090909,1769.9999999999986
突破买入,1d,50,2,25,37,6,16.216216216216218,46.31331902045224,2.000000000000001,25.0,160.8108108108108,5396.9978530678345
突破买入,4h,200,2,5,272,46,16.911764705882355,17.077840323618194,1.993595980936652,100.0,160.80882352941177,1675.1398159737678
恐慌闪崩,1h,75,5,10,19,5,26.31578947368421,4.345546426940336,4.433877256267948,15.0,160.52631578947367,-403.4654945304959
RSI超卖,1h,75,2,10,704,165,23.4375,5.716890501007958,1.9651723791361826,37.5,160.46875,-1159.409796880892
EMA7/25金叉,1h,30,5,15,475,213,44.8421052631579,5.422373600041379,3.7631899961917954,6.0,160.42105263157896,2535.1469670984466
EMA7/25金叉,1h,20,3,30,576,209,36.28472222222222,5.526115107328462,2.7426799631027117,6.666666666666667,160.36458333333334,4451.835329188594
突破买入,1h,50,3,10,674,242,35.90504451038576,5.563037141106371,2.71763584609914,16.666666666666668,160.2967359050445,1722.3630263291302
EMA7/25金叉,1d,100,15,5,22,9,40.909090909090914,54.57740339683056,14.193863794932703,6.666666666666667,160.22727272727275,1533.3820061867495
突破买入,1h,30,2,25,834,219,26.258992805755394,6.291593086283545,1.939709660881427,15.0,160.07194244604312,4623.4361113504665
趋势EMA交叉,1d,50,2,20,26,5,19.230769230769234,48.469771228954905,2.000000000000002,25.0,160.0,4006.9771228954905
放量突破,1d,50,10,5,10,7,70.0,41.42208689807335,10.0,5.0,160.0,1299.773041432567
放量突破,1h,75,5,5,439,203,46.24145785876993,4.966932391282194,3.8860528380090065,15.0,159.96583143507968,455.89402830079905
趋势EMA交叉,1h,75,15,5,374,195,52.139037433155075,4.896023710682756,4.503279239460625,5.0,159.62566844919783,743.1881985984276
突破买入,1h,75,10,5,485,239,49.27835051546392,5.365966001002845,4.1167554711049155,7.5,159.43298969072163,1348.720141739353
突破买入,1h,20,3,30,675,244,36.148148148148145,5.632312466913748,2.712649144866792,6.666666666666667,159.42222222222222,6153.973814681002
突破买入,4h,75,15,5,121,63,52.066115702479344,12.306860209454822,8.252073265653797,5.0,159.29752066115705,1483.559718938668
看涨插针,1h,75,7,5,513,243,47.368421052631575,5.443156769497422,4.32477079653725,10.714285714285714,159.21052631578948,774.9948996140807
趋势EMA交叉,1h,75,5,5,417,192,46.043165467625904,5.242733758790978,3.7553872593353956,15.0,159.1726618705036,808.2137416870188
突破买入,1h,75,7,5,514,243,47.276264591439684,5.441552278205388,3.984756251041708,10.714285714285714,158.83268482490269,1212.141297858032
突破买入,4h,150,3,5,229,52,22.707423580786028,15.236475486564416,2.986173399388042,50.0,158.7117903930131,1318.7201680483306
突破买入,1h,30,5,15,562,250,44.48398576512456,5.645589679495948,3.723153705465355,6.0,158.5409252669039,3746.601956531945
EMA7/25金叉,4h,200,2,5,210,35,16.666666666666664,17.897385255699746,2.0000000000000013,100.0,158.3333333333333,1382.0424197474542
放量突破,1d,75,3,5,9,4,44.44444444444444,48.059209169892476,3.0000000000000027,25.0,158.3333333333333,886.1841833978494
EMA7/25金叉,1d,75,3,10,29,7,24.137931034482758,58.709854509182755,3.000000000000004,25.0,158.2758620689655,3449.6898156427915
看涨插针,4h,75,10,5,137,67,48.9051094890511,11.609130183107702,7.740371301013954,7.5,157.84671532846718,1179.9286559861969
看涨插针,1h,30,2,25,859,223,25.960419091967402,6.169235394379462,1.9594666461875303,15.0,157.68335273573922,3237.967649283771
EMA50/200黄金交叉,4h,30,2,30,31,7,22.58064516129032,14.05330565986418,2.000000000000003,15.0,156.77419354838707,1511.194188571475
EMA50/200黄金交叉,1h,75,15,5,138,71,51.449275362318836,4.76821499031325,4.492206397027964,5.0,156.52173913043475,187.82717855683592
EMA7/25金叉,1d,100,10,5,24,9,37.5,58.06855717662817,9.999999999999998,10.0,156.25,1863.085072948268
看涨插针,1h,50,3,10,703,247,35.13513513513514,5.430006723035712,2.7945971910981684,16.666666666666668,156.21621621621622,668.7534144905646
RSI超卖,4h,75,2,20,259,33,12.741312741312742,15.596171026783209,1.9913460073550637,37.5,156.2162162162162,1292.5889244320279
EMA7/25金叉,1d,75,7,10,29,8,27.586206896551722,60.74612269553491,7.000000000000007,10.714285714285714,156.20689655172413,3389.6898156427915
看涨插针,1d,100,7,5,28,10,35.714285714285715,51.41832139368946,7.000000000000006,14.285714285714286,156.07142857142858,1940.9160696844722
趋势EMA交叉,4h,100,5,5,119,41,34.45378151260504,14.349935275090486,4.719951705996335,20.0,155.88235294117646,1100.9555660549788
RSI超卖,1h,75,10,5,362,175,48.34254143646409,5.773878774056079,4.95372108624661,7.5,155.45580110497235,420.4147116584893
看涨插针,1d,150,2,10,52,6,11.538461538461538,53.4753827297483,2.0000000000000013,75.0,155.38461538461536,2288.5229637848965
趋势EMA交叉,1d,150,2,5,23,5,21.73913043478261,64.62306488247118,2.0000000000000018,75.0,155.2173913043478,1435.5766220617793
EMA7/25金叉,1d,50,2,20,32,6,18.75,47.057646599991294,2.0000000000000013,25.0,155.0,4606.917591998955
看涨插针,1h,20,3,30,710,252,35.49295774647888,5.388380606550479,2.8019528197159853,6.666666666666667,154.90140845070428,2237.3256426239873
EMA7/25金叉,1h,75,5,5,474,213,44.936708860759495,5.316209812814482,3.7584512605450207,15.0,154.74683544303798,756.9845556361713
RSI超卖,1d,50,3,30,39,6,15.384615384615385,50.0,3.0000000000000018,16.666666666666668,154.61538461538464,6029.999999999998
RSI超卖,1h,75,7,5,397,183,46.095717884130984,5.480875037468783,4.759059499826934,10.714285714285714,153.99244332493703,-77.19300553088334
EMA50/200黄金交叉,4h,75,2,10,31,7,22.58064516129032,14.637636299660256,2.000000000000003,37.5,153.8709677419355,544.6345409762172
恐慌闪崩,4h,150,5,5,26,6,23.076923076923077,6.622185540566041,4.78638610869624,30.0,153.84615384615384,-279.97304465264284
EMA7/25金叉,4h,75,3,10,174,41,23.563218390804597,15.895032502561449,2.980875838553391,25.0,153.79310344827587,2552.3984607741845
趋势EMA交叉,4h,75,10,5,96,46,47.91666666666667,12.714376962618374,6.88340579344253,7.5,153.64583333333337,1203.455253041594
看涨插针,1h,75,15,5,463,235,50.75593952483801,4.946881899204583,4.601677367446609,5.0,153.401727861771,566.6740326762521
EMA50/200黄金交叉,1h,75,3,5,151,65,43.04635761589404,5.117341182959109,2.6029406565636637,25.0,152.88079470198673,543.8714021393349
RSI超卖,1h,50,2,15,704,165,23.4375,5.745844619574432,1.9651723791361826,25.0,152.8125,-1667.4532518693163
放量突破,1d,75,5,5,9,4,44.44444444444444,48.059209169892476,5.000000000000004,15.0,152.77777777777774,836.1841833978494
恐慌闪崩,1d,75,3,20,22,3,13.636363636363635,65.65815113796315,3.0000000000000027,25.0,152.72727272727272,2799.4890682777873
放量突破,4h,75,7,5,94,43,45.744680851063826,11.503831810075695,6.208437385993251,10.714285714285714,152.55319148936167,890.1723057379958
突破买入,4h,100,2,10,272,46,16.911764705882355,17.077840323618194,1.993595980936652,50.0,152.5,3350.2796319475356
放量突破,4h,150,2,5,131,28,21.374045801526716,15.994410330544442,2.000000000000002,75.0,152.44274809160305,1209.217446276221
EMA7/25金叉,4h,50,7,10,123,48,39.02439024390244,14.512784890276762,6.069865192767653,7.142857142857143,152.4390243902439,2413.7378527571072
突破买入,1d,50,3,25,35,6,17.142857142857142,46.31331902045224,3.0000000000000036,16.666666666666668,152.14285714285714,4771.997853067834
看涨插针,4h,75,15,5,123,62,50.40650406504065,12.220913759793616,8.734397571469675,5.0,151.82926829268294,1124.4920062377694
放量突破,4h,100,5,5,104,35,33.65384615384615,13.741117001477031,4.748468621068567,20.0,151.68269230769232,766.4738009898247
恐慌闪崩,1h,50,7,10,18,7,38.88888888888889,6.774878728316835,5.915843780704659,7.142857142857143,151.66666666666669,-176.50130489533404
看涨插针,1h,30,5,15,568,245,43.13380281690141,5.592737964692491,3.8410716403709473,6.0,151.45246478873236,1943.3199226476606
突破买入,1h,75,5,5,561,247,44.02852049910874,5.5031763280034465,3.715975249981834,15.0,151.11408199643495,962.3416226127777
EMA50/200黄金交叉,1h,20,2,25,156,57,36.53846153846153,5.582263413067366,1.9395910725696164,10.0,150.96153846153845,3154.2374590111954
看涨插针,4h,150,3,5,240,52,21.666666666666668,14.1527134624742,2.9569167018995,50.0,150.75,900.2038004577629
EMA7/25金叉,4h,75,10,5,106,50,47.16981132075472,12.622413090901368,7.289100204895872,7.5,150.47169811320757,1114.655215354498
看涨插针,1d,200,3,5,43,7,16.27906976744186,57.89442537054699,3.0000000000000036,66.66666666666667,150.2325581395349,1486.3048879691441
放量突破,1d,20,2,25,11,4,36.36363636363637,19.999999999999996,2.000000000000005,10.0,150.00000000000003,1649.9999999999989
RSI超卖,1d,75,2,30,44,4,9.090909090909092,63.93285477376206,2.000000000000001,37.5,150.0,5271.942572851445
恐慌闪崩,1d,75,5,10,20,5,25.0,60.450040253012254,5.0000000000000036,15.0,150.0,2272.502012650612
EMA7/25金叉,4h,100,2,10,210,35,16.666666666666664,17.897385255699746,2.0000000000000013,50.0,149.99999999999997,2764.0848394949085
恐慌闪崩,1h,150,2,25,19,1,5.263157894736842,1.4053077357425119,2.0000000000000018,75.0,149.99999999999997,-864.867306606438
恐慌闪崩,1h,75,10,5,17,8,47.05882352941176,8.038820350745796,8.008253509750134,7.5,149.99999999999997,-38.81859390892414
RSI超卖,4h,50,3,20,212,42,19.81132075471698,14.5532246032317,2.9678239233502346,16.666666666666668,149.99999999999997,2134.10732732383
RSI超卖,1h,30,3,20,573,182,31.762652705061083,5.5950778294782735,2.844551400511498,10.0,149.63350785340316,-1878.3086526989982
趋势EMA交叉,4h,50,2,20,176,32,18.181818181818183,18.425892358395757,2.0000000000000013,25.0,149.09090909090912,6032.571109373281
看涨插针,4h,100,5,5,181,60,33.14917127071823,12.219111595734104,4.7412114439221265,20.0,149.03314917127068,797.3005551473452
RSI超卖,1d,75,7,10,30,8,26.666666666666668,52.52217914311964,7.000000000000006,10.714285714285714,148.66666666666666,2661.7743314495697
RSI超卖,1h,100,3,5,573,182,31.762652705061083,5.696117515225116,2.844551400511498,33.333333333333336,148.57766143106457,-377.63104914512303
RSI超卖,4h,100,7,5,140,48,34.285714285714285,12.450746023940331,6.425146535414908,14.285714285714286,148.42857142857142,32.611639454821294
恐慌闪崩,1d,75,10,5,15,7,46.666666666666664,41.4587654101893,9.999999999999996,7.5,148.33333333333331,1051.0567893566258
突破买入,4h,75,10,5,133,62,46.616541353383454,13.88953825998287,7.513983965157251,7.5,148.1203007518797,1638.2925529638665
看涨插针,1h,75,5,5,567,245,43.20987654320987,5.578262046844789,3.837472483974583,15.0,147.8395061728395,655.0403081857864
EMA7/25金叉,4h,75,15,5,101,50,49.504950495049506,12.502477175133102,8.378472694438374,5.0,147.77227722772275,989.1087567014904
突破买入,1h,75,15,5,477,236,49.47589098532495,5.389818001489289,4.360281711479749,5.0,147.64150943396228,1105.8457794242631
EMA50/200黄金交叉,4h,20,3,25,31,12,38.70967741935484,11.987920180652237,3.0000000000000027,6.666666666666667,147.58064516129033,2171.37605419567
趋势EMA交叉,4h,75,15,5,93,46,49.46236559139785,12.880337629078333,8.441067743418358,5.0,147.5806451612903,978.8267349847034
趋势EMA交叉,1d,75,2,10,23,5,21.73913043478261,63.38519332810114,2.0000000000000018,37.5,147.3913043478261,2809.259666405057
EMA7/25金叉,1d,150,2,5,29,6,20.689655172413794,60.51872464458819,2.0000000000000013,75.0,147.24137931034483,1585.5617393376453
突破买入,4h,75,3,10,229,52,22.707423580786028,15.236475486564416,2.986173399388042,25.0,147.117903930131,2637.440336096661
EMA7/25金叉,1d,50,3,15,29,7,24.137931034482758,47.47798279999254,3.000000000000004,16.666666666666668,146.89655172413794,3995.1881939992154
RSI超卖,1h,75,15,5,341,168,49.266862170087975,5.473327773201102,5.008378314987641,5.0,146.70087976539588,265.3480870246164
EMA50/200黄金交叉,4h,30,3,15,31,12,38.70967741935484,12.879815118606423,3.0000000000000027,10.0,146.61290322580643,1463.3667213491556
看涨插针,1d,100,2,15,52,6,11.538461538461538,45.14204939641496,2.0000000000000013,50.0,146.53846153846152,2682.7844456773446
EMA50/200黄金交叉,4h,50,2,15,31,7,22.58064516129032,14.637636299660256,2.000000000000003,25.0,146.1290322580645,816.9518114643257
突破买入,4h,50,7,10,161,61,37.88819875776397,15.071564723434854,6.420111199791165,7.142857142857143,145.96273291925465,2773.5432815040976
看涨插针,1d,50,3,25,48,8,16.666666666666664,38.208055543922164,3.0000000000000036,16.666666666666668,145.83333333333331,4641.611108784429
恐慌闪崩,1d,75,7,10,19,5,26.31578947368421,55.35114381697572,7.000000000000008,10.714285714285714,145.7894736842105,1787.5571908487848
RSI超卖,4h,75,15,5,100,49,49.0,11.49825867187357,9.559825626662496,5.0,145.5,379.3178398100887
RSI超卖,1d,100,2,20,44,4,9.090909090909092,70.31541214319796,2.000000000000001,50.0,145.4545454545455,4025.2329714558355
EMA50/200黄金交叉,1h,30,2,15,156,57,36.53846153846153,5.732632989964061,1.9395910725696164,15.0,145.38461538461536,2021.1084636533908
恐慌闪崩,1h,200,3,5,19,3,15.789473684210526,3.2665468912883036,2.863524003900972,66.66666666666667,145.26315789473685,-180.08371694275314
RSI超卖,1d,200,3,5,38,6,15.789473684210526,64.43702515457475,3.0000000000000018,66.66666666666667,145.26315789473685,1453.1107546372418
放量突破,4h,30,3,25,120,32,26.666666666666668,15.658530999455449,2.975272471765003,10.0,145.0,5981.225361681353
EMA50/200黄金交叉,4h,30,7,10,31,18,58.06451612903226,13.752976728397673,6.574938574938581,4.285714285714286,144.8387096774194,1620.7937963695658
趋势EMA交叉,1d,30,3,20,29,9,31.03448275862069,28.210156185268048,3.0000000000000044,10.0,144.82758620689654,3877.828113348247
放量突破,4h,75,2,10,131,28,21.374045801526716,15.994410330544442,2.000000000000002,37.5,144.58015267175574,2418.434892552442
放量突破,1d,30,2,15,11,4,36.36363636363637,30.000000000000007,2.000000000000005,15.0,144.54545454545456,1590.0
突破买入,1d,100,15,5,21,8,38.095238095238095,40.34788136630441,14.193863794932703,6.666666666666667,144.04761904761904,691.3141079815505
RSI超卖,1d,100,15,5,21,8,38.095238095238095,48.70191032896275,14.405041472372078,6.666666666666667,144.04761904761904,1011.7487174543248
趋势EMA交叉,1h,30,2,20,574,165,28.745644599303137,5.892685311002821,1.9351521943516425,15.0,143.97212543554008,3616.3165765128706
EMA7/25金叉,4h,100,5,5,137,44,32.11678832116788,14.172494964681874,4.71565763468686,20.0,143.61313868613138,925.1680921006223
突破买入,1d,150,3,5,29,6,20.689655172413794,51.23510893562037,3.0000000000000044,50.0,143.27586206896552,1192.0532680686106
RSI超卖,4h,50,2,30,261,34,13.026819923371647,16.1036993978573,1.9913841306706805,25.0,143.2183908045977,2864.447455947116
EMA7/25金叉,1d,75,5,10,29,7,24.137931034482758,58.709854509182755,5.0000000000000036,15.0,143.10344827586204,3009.6898156427924
放量突破,1h,30,3,15,506,192,37.94466403162055,5.371336930140241,2.7979698364656795,10.0,142.82608695652172,2291.0124290505423
突破买入,1d,75,7,10,27,7,25.925925925925924,45.227935091075175,7.000000000000009,10.714285714285714,142.59259259259258,1765.9554563752608
EMA50/200黄金交叉,1h,15,3,30,151,65,43.04635761589404,5.078868989389235,2.6029406565636637,5.0,142.4503311258278,3188.207635374757
看涨插针,4h,50,2,25,284,42,14.788732394366196,15.378898393481226,1.9947279791035506,25.0,142.25352112676055,4079.7390395788057
RSI超卖,4h,75,10,5,115,52,45.21739130434783,12.031803593737585,8.468970166685335,7.5,142.17391304347825,460.54333186589196
放量突破,4h,30,2,30,133,28,21.052631578947366,15.503550370878953,2.000000000000002,15.0,142.10526315789474,6722.982311538313
恐慌闪崩,1h,50,5,15,19,5,26.31578947368421,4.345546426940336,4.433877256267948,10.0,142.1052631578947,-605.1982417957438
突破买入,1d,150,2,5,30,6,20.0,51.23510893562037,2.0000000000000013,75.0,142.0,1297.053268068611
EMA50/200黄金交叉,4h,30,5,10,31,17,54.83870967741935,12.797269477126948,5.000000000000004,6.0,141.93548387096772,1475.5358111115809
放量突破,1h,20,3,25,509,192,37.721021611001966,5.363787326100911,2.799881793849285,6.666666666666667,141.8958742632613,3557.115949028788
趋势EMA交叉,1d,100,3,5,23,7,30.434782608695656,53.59722417849773,3.0000000000000044,33.333333333333336,141.73913043478262,1635.9028462474203
看涨插针,4h,75,2,15,283,42,14.840989399293287,15.035045047411748,1.994706103498171,37.5,141.41342756183744,2261.215815723512
EMA7/25金叉,4h,50,3,15,175,41,23.42857142857143,16.367163131914456,2.981018556176127,16.666666666666668,141.25714285714287,4073.9580282133766
趋势EMA交叉,1d,75,10,5,20,9,45.0,54.2351561645735,9.999999999999995,7.5,141.25,1890.5820274058076
看涨插针,1d,75,15,5,23,11,47.82608695652174,47.332759202876495,13.08988915922373,5.0,140.21739130434784,1817.9084066047835
看涨插针,4h,200,2,5,283,42,14.840989399293287,15.035045047411748,1.994706103498171,100.0,139.8939929328622,753.7386052411707
RSI超卖,1d,75,3,15,38,6,15.789473684210526,61.15985276887537,3.0000000000000018,25.0,139.73684210526315,4064.386749198781
恐慌闪崩,1h,75,3,15,19,3,15.789473684210526,3.2665468912883036,2.863524003900972,25.0,139.73684210526315,-540.2511508282595
看涨插针,1d,75,5,10,38,9,23.684210526315788,48.83739602655057,5.0000000000000036,15.0,139.47368421052633,2945.3656423895495
RSI超卖,1d,150,5,5,33,7,21.21212121212121,61.41495450199898,5.000000000000004,30.0,139.3939393939394,1499.5234075699636
EMA7/25金叉,4h,30,3,30,177,41,23.163841807909606,14.826559621960065,2.98129769505589,10.0,139.32203389830508,6072.973739182849
EMA7/25金叉,1d,75,2,10,29,6,20.689655172413794,59.48716501594649,2.0000000000000013,37.5,139.31034482758622,3109.229900956789
看涨插针,4h,75,3,10,240,52,21.666666666666668,14.158255754100505,2.9569167018995,25.0,139.0,1803.2895925612033
恐慌闪崩,4h,100,3,30,27,2,7.4074074074074066,5.282658475967096,3.0000000000000036,33.333333333333336,138.88888888888886,-1933.0404914419769
趋势EMA交叉,1h,30,3,15,483,179,37.060041407867494,5.368449885290901,2.722948730499789,10.0,138.4472049689441,1997.6417309270328
趋势EMA交叉,1h,20,3,25,485,180,37.11340206185567,5.2973178022778455,2.7238570953178223,6.666666666666667,138.4020618556701,3068.5197584519096
RSI超卖,1h,50,3,10,573,182,31.762652705061083,5.7223671282112045,2.844551400511498,16.666666666666668,138.34205933682375,-707.4878026555649
恐慌闪崩,1d,150,2,30,23,1,4.3478260869565215,88.77194460755786,1.9999999999999998,75.0,138.26086956521738,1343.158338226736
EMA7/25金叉,1h,30,2,20,690,192,27.82608695652174,6.093577626298798,1.9522480591983162,15.0,138.08695652173913,3954.947415372155
趋势EMA交叉,4h,30,3,25,151,39,25.82781456953642,14.118134109024577,3.000000000000004,10.0,138.0794701986755,5365.180756298955
EMA50/200黄金交叉,1h,20,3,20,151,65,43.04635761589404,5.1981987061677835,2.6029406565636637,6.666666666666667,138.01324503311258,2280.600388728617
趋势EMA交叉,4h,50,5,10,120,41,34.166666666666664,14.995627642016707,4.723496621110305,10.0,137.91666666666663,2416.645002549709
RSI超卖,1h,30,5,15,452,183,40.48672566371682,5.74510467692834,4.05632686885582,6.0,137.5553097345133,-596.9665776649456
RSI超卖,1h,30,2,25,704,165,23.4375,5.624632498362311,1.9651723791361826,15.0,137.5,-3279.0887531155263
趋势EMA交叉,1h,100,2,5,571,165,28.896672504378284,5.710988576525867,1.9346730233739458,50.0,137.37302977232926,784.1793381847313
RSI超卖,4h,150,3,5,211,42,19.90521327014218,14.331294886724168,2.967633532364142,50.0,137.27488151658767,501.92159136437596
恐慌闪崩,4h,200,2,25,27,1,3.7037037037037033,6.784116071707838,2.0000000000000027,100.0,137.037037037037,-1130.3970982073058
看涨插针,1d,75,3,15,45,7,15.555555555555555,40.913694778060794,3.0000000000000036,25.0,137.0,2585.937951696382
RSI超卖,1h,75,5,5,450,182,40.44444444444444,5.776925562450402,4.055101861953256,15.0,136.77777777777777,-176.83423318749453
放量突破,4h,50,2,15,131,28,21.374045801526716,15.994410330544442,2.000000000000002,25.0,136.71755725190837,3627.6523388286632
突破买入,1d,75,5,10,30,7,23.333333333333332,50.80106644391948,5.0000000000000036,15.0,136.66666666666663,2406.074651074363
放量突破,1d,50,7,5,10,6,60.0,46.48831898428022,7.000000000000011,7.142857142857143,136.0,1254.6495695284061
EMA50/200黄金交叉,4h,75,3,5,31,12,38.70967741935484,13.220674658487468,3.0000000000000027,25.0,135.96774193548387,508.24047950924785
恐慌闪崩,1d,200,2,20,23,1,4.3478260869565215,88.77194460755786,1.9999999999999998,100.0,135.6521739130435,895.4388921511575
放量突破,4h,50,5,10,104,35,33.65384615384615,13.741117001477031,4.748468621068567,10.0,135.09615384615384,1532.9476019796493
放量突破,1d,30,3,15,11,4,36.36363636363637,30.000000000000007,3.000000000000003,10.0,135.00000000000003,1485.0
看涨插针,1d,50,2,30,56,7,12.5,38.7508233051483,2.000000000000002,25.0,135.0,5197.672894081141
趋势EMA交叉,4h,75,7,5,111,46,41.44144144144144,13.65021079107146,6.059076346144772,10.714285714285714,134.9099099099099,1170.3486694493852
趋势EMA交叉,1d,100,5,5,23,7,30.434782608695656,53.59722417849773,5.000000000000002,20.0,134.7826086956522,1475.9028462474203
恐慌闪崩,4h,75,5,10,26,6,23.076923076923077,6.622185540566041,4.78638610869624,15.0,134.6153846153846,-559.9460893052857
看涨插针,1d,75,2,20,53,6,11.320754716981133,41.99786370518106,2.0000000000000018,37.5,134.3396226415095,3159.743644621726
恐慌闪崩,1h,50,3,25,19,3,15.789473684210526,3.2665468912883036,2.863524003900972,16.666666666666668,134.21052631578945,-900.4185847137658
EMA7/25金叉,1d,30,3,20,34,10,29.411764705882355,28.38914056674124,3.0000000000000036,10.0,134.11764705882356,4237.828113348247
放量突破,1d,20,3,25,11,4,36.36363636363637,19.999999999999996,3.000000000000003,6.666666666666667,134.09090909090912,1474.9999999999989
看涨插针,1d,100,3,10,44,7,15.909090909090908,43.608711084832706,3.0000000000000036,33.333333333333336,133.86363636363637,1942.609775938288
EMA7/25金叉,1h,20,3,25,576,209,36.28472222222222,5.526115107328462,2.7426799631027117,6.666666666666667,133.63715277777777,3709.862774323828
放量突破,1h,75,3,5,505,192,38.01980198019802,5.250383622903806,2.79732437268442,25.0,133.2772277227723,662.5556347365371
EMA7/25金叉,1h,30,3,15,575,207,36.0,5.6106995273445515,2.7433792023334114,10.0,133.2,2277.7688355244054
突破买入,1h,30,3,15,675,243,36.0,5.696596631269763,2.71763584609914,10.0,133.2,3153.814438255855
突破买入,4h,50,3,15,232,52,22.413793103448278,15.681104596521466,2.9864038427315753,16.666666666666668,133.18965517241384,4167.971209911492
突破买入,1h,20,3,25,675,244,36.148148148148145,5.632312466913748,2.712649144866792,6.666666666666667,132.85185185185185,5128.311512234169
EMA7/25金叉,1h,100,2,5,686,192,27.988338192419825,5.886276420309713,1.9518614038072095,50.0,132.74052478134112,829.7276960935159
RSI超卖,1d,100,3,10,38,6,15.789473684210526,63.83797805048497,3.0000000000000018,33.333333333333336,132.6315789473684,2870.278683029098
恐慌闪崩,1h,100,3,10,19,3,15.789473684210526,3.2665468912883036,2.863524003900972,33.333333333333336,132.6315789473684,-360.1674338855063
EMA7/25金叉,4h,50,2,20,211,35,16.587677725118482,18.263244826643522,2.0000000000000013,25.0,132.51184834123222,5744.271378650461
看涨插针,4h,75,7,5,157,64,40.76433121019109,11.809647767290429,6.181978025000047,10.714285714285714,132.1337579617835,904.467503907915
放量突破,1d,30,7,10,11,6,54.54545454545454,30.000000000000004,7.00000000000001,4.285714285714286,131.8181818181818,1449.9999999999998
突破买入,4h,50,2,20,279,46,16.48745519713262,17.290934311214905,1.9937883763591562,25.0,131.46953405017922,6616.605732484048
看涨插针,4h,100,2,10,283,42,14.840989399293287,15.035045047411748,1.994706103498171,50.0,131.37809187279152,1507.4772104823414
突破买入,4h,100,5,5,178,53,29.775280898876407,15.897491640009516,4.793339486868901,20.0,131.32022471910113,1216.998105309458
看涨插针,4h,50,5,10,182,60,32.967032967032964,12.047945590725535,4.743332661594897,10.0,131.31868131868129,1441.9015072895481
恐慌闪崩,1d,50,5,15,20,5,25.0,49.999999999999986,5.0000000000000036,10.0,131.25,2624.9999999999977
RSI超卖,1h,20,3,30,577,185,32.06239168110919,5.650345159590463,2.8449479530612134,6.666666666666667,131.23050259965342,-2097.172292272801
突破买入,4h,30,3,30,242,54,22.31404958677686,14.601632363384537,2.986982402615338,10.0,130.90909090909093,6808.063677932447
RSI超卖,4h,50,7,10,142,50,35.2112676056338,13.131617128155751,6.425146535414908,7.142857142857143,130.70422535211264,654.6737514961596
EMA50/200黄金交叉,1h,75,2,5,156,57,36.53846153846153,5.490057465548701,1.9395910725696164,37.5,130.6730769230769,604.5687967594197
EMA50/200黄金交叉,4h,30,2,25,31,7,22.58064516129032,14.05330565986418,2.000000000000003,15.0,130.64516129032256,1259.3284904762293
EMA50/200黄金交叉,4h,20,5,15,31,17,54.83870967741935,11.579461285629874,5.000000000000004,4.0,130.64516129032256,1902.7626278356167
放量突破,1h,30,2,20,593,158,26.644182124789207,5.515598629969504,1.9589510622531132,15.0,130.52276559865092,386.4174291015513
EMA50/200黄金交叉,4h,50,7,5,31,18,58.06451612903226,13.732210705500211,6.574938574938581,7.142857142857143,130.48387096774195,808.5279561240116
趋势EMA交叉,1h,75,3,5,480,179,37.291666666666664,5.200964068594269,2.7201874221658993,25.0,130.43749999999997,560.9807710321912
趋势EMA交叉,1h,50,2,10,571,165,28.896672504378284,5.710988576525867,1.9346730233739458,25.0,130.26269702276707,1568.3586763694625
趋势EMA交叉,1h,20,2,30,576,166,28.819444444444443,5.809248153796543,1.9353103597312726,10.0,130.20833333333331,5125.738381212125
EMA50/200黄金交叉,4h,50,10,5,30,18,60.0,13.911420717303061,8.457214139720884,5.0,130.0,744.5950161740228
EMA7/25金叉,1d,100,7,5,26,8,30.76923076923077,58.996546610991615,7.000000000000006,14.285714285714286,129.6153846153846,1729.861864439664
恐慌闪崩,1h,200,2,15,19,1,5.263157894736842,1.4053077357425119,2.0000000000000018,100.0,129.4736842105263,-518.9203839638627
看涨插针,1h,20,3,25,710,252,35.49295774647888,5.388380606550479,2.8019528197159853,6.666666666666667,129.08450704225356,1864.4380355199892
突破买入,1d,75,2,10,31,6,19.35483870967742,50.26588597648819,2.0000000000000013,37.5,129.03225806451613,2515.9531585892914
趋势EMA交叉,4h,150,2,5,175,32,18.285714285714285,18.025733452676004,2.000000000000001,75.0,128.97142857142856,1454.1173524281594
RSI超卖,1d,50,3,25,39,6,15.384615384615385,50.0,3.0000000000000018,16.666666666666668,128.84615384615387,5024.999999999998
看涨插针,1h,30,3,15,704,247,35.08522727272727,5.4802485554518885,2.79504665019861,10.0,128.671875,1144.2761108377772
突破买入,1d,50,2,20,37,6,16.216216216216218,46.31331902045224,2.000000000000001,25.0,128.64864864864867,4317.598282454268
突破买入,1h,30,2,20,834,219,26.258992805755394,6.291593086283545,1.939709660881427,15.0,128.0575539568345,3698.748889080373
恐慌闪崩,4h,100,7,5,23,7,30.434782608695656,5.965016570327146,6.6079826358703,14.285714285714286,127.82608695652175,-319.8630309081739
趋势EMA交叉,1d,75,15,5,20,9,45.0,55.598325841035894,14.047293575829558,5.0,127.5,1729.3235161759892
突破买入,1d,30,2,30,41,8,19.51219512195122,30.000000000000004,2.0000000000000013,15.0,127.31707317073169,5220.0
放量突破,4h,100,3,5,116,32,27.586206896551722,15.712322801053569,2.974094970420479,33.333333333333336,127.06896551724137,1264.8517605919699
恐慌闪崩,1d,50,3,30,22,3,13.636363636363635,49.99999999999999,3.0000000000000027,16.666666666666668,126.81818181818181,2789.999999999998
看涨插针,4h,50,3,15,241,52,21.57676348547718,13.95521422592585,2.9571446558577037,16.666666666666668,126.5352697095436,2501.561996865575
EMA7/25金叉,1h,75,3,5,571,207,36.25218914185639,5.418420147876413,2.740559193567844,25.0,126.38353765323991,620.2471207586119
EMA50/200黄金交叉,1h,15,2,30,156,57,36.53846153846153,5.446185665863759,1.9395910725696164,7.5,126.34615384615383,3552.392003095266
恐慌闪崩,4h,50,15,5,21,13,61.904761904761905,11.288072640876372,9.756902134732359,3.3333333333333335,126.19047619047619,343.4486362676699
看涨插针,1h,30,2,20,859,223,25.960419091967402,6.169235394379462,1.9594666461875303,15.0,126.14668218859137,2590.374119427017
放量突破,1h,100,2,5,592,158,26.68918918918919,5.368617395859407,1.9588564794472447,50.0,126.11486486486486,-9.510817671589322
突破买入,1d,75,3,10,30,6,20.0,50.26588597648819,3.000000000000004,25.0,126.0,2295.9531585892905
RSI超卖,1d,100,10,5,25,8,32.0,54.53077310432684,10.0,10.0,126.0,1331.2309241730738
RSI超卖,4h,100,5,5,167,48,28.74251497005988,12.579424014343116,4.810792100265235,20.0,125.89820359281438,156.6404637845325
趋势EMA交叉,1d,30,2,30,31,6,19.35483870967742,30.000000000000004,2.0000000000000018,15.0,125.80645161290323,3900.0
EMA50/200黄金交叉,4h,50,5,5,31,17,54.83870967741935,13.09216689943906,5.000000000000004,10.0,125.80645161290322,762.8341864523201
看涨插针,4h,30,3,30,248,54,21.774193548387096,13.436042213021866,2.9582491750366295,10.0,125.56451612903226,4549.378186382248
EMA7/25金叉,1h,50,2,10,686,192,27.988338192419825,5.886276420309713,1.9518614038072095,25.0,125.5393586005831,1659.4553921870317
放量突破,1d,15,2,30,11,4,36.36363636363637,14.999999999999986,2.000000000000005,7.5,125.45454545454547,1379.999999999997
EMA7/25金叉,4h,50,5,10,138,44,31.88405797101449,14.774162852044945,4.7186825534667864,10.0,125.36231884057969,2065.0700546409957
RSI超卖,4h,75,3,10,211,42,19.90521327014218,14.331294886724168,2.967633532364142,25.0,125.260663507109,1003.8431827287519
突破买入,1h,75,3,5,674,242,35.90504451038576,5.563037141106371,2.71763584609914,25.0,125.02967359050447,861.1815131645651
RSI超卖,1d,75,2,25,44,4,9.090909090909092,63.93285477376206,2.000000000000001,37.5,125.00000000000001,4393.285477376205
恐慌闪崩,4h,150,3,15,27,2,7.4074074074074066,5.282658475967096,3.0000000000000036,50.0,125.0,-966.5202457209884
EMA7/25金叉,4h,75,7,5,123,48,39.02439024390244,13.961255993527283,6.069865192767653,10.714285714285714,125.0,1074.501991158678
趋势EMA交叉,1d,50,3,10,24,7,29.166666666666668,43.74860883031241,3.000000000000004,16.666666666666668,124.58333333333334,2552.4026181218683
恐慌闪崩,1h,75,7,5,18,7,38.88888888888889,6.774878728316835,5.915843780704659,10.714285714285714,124.44444444444449,-88.25065244766702
EMA7/25金叉,1d,50,5,15,29,7,24.137931034482758,47.47798279999254,5.0000000000000036,10.0,124.13793103448276,3335.188193999216
趋势EMA交叉,1d,20,3,30,29,9,31.03448275862069,19.321267296379148,3.0000000000000044,6.666666666666667,124.13793103448275,3416.7421700223676
突破买入,1h,100,2,5,831,218,26.233453670276774,6.116471737654331,1.9395129550441723,50.0,123.79061371841156,722.3469868328325
恐慌闪崩,1d,200,3,5,22,3,13.636363636363635,70.24879934048242,3.0000000000000027,66.66666666666667,123.40909090909089,768.7319901072362
EMA7/25金叉,1h,20,2,30,691,192,27.785817655571638,5.946869262085092,1.9523437544704638,10.0,123.38639652677281,5027.380945187282
看涨插针,1h,100,2,5,858,224,26.107226107226104,6.005519455162066,1.9593387807180902,50.0,123.14685314685312,515.0778549051677
EMA50/200黄金交叉,4h,50,15,5,28,17,60.71428571428571,13.08058379163377,9.717614022484684,3.3333333333333335,122.32142857142856,577.3808510522132
看涨插针,1h,75,3,5,703,247,35.13513513513514,5.430006723035712,2.7945971910981684,25.0,122.02702702702705,334.3767072452823
突破买入,1d,50,3,20,35,6,17.142857142857142,46.31331902045224,3.0000000000000036,16.666666666666668,121.7142857142857,3817.5982824542666
放量突破,4h,50,15,5,81,49,60.49382716049383,11.40002762815499,6.868948253500102,3.3333333333333335,121.60493827160496,1693.9750483379562
趋势EMA交叉,4h,75,2,10,175,32,18.285714285714285,18.025733452676004,2.000000000000001,37.5,120.8,2908.234704856319
EMA50/200黄金交叉,1h,20,2,20,156,57,36.53846153846153,5.582263413067366,1.9395910725696164,10.0,120.76923076923075,2523.3899672089565
趋势EMA交叉,4h,100,3,5,148,39,26.351351351351347,15.155561364116926,3.0000000000000036,33.333333333333336,120.70945945945945,1320.3344660027985
恐慌闪崩,4h,200,3,10,27,2,7.4074074074074066,5.282658475967096,3.0000000000000036,66.66666666666667,120.37037037037035,-644.3468304806589
趋势EMA交叉,1d,50,2,15,26,5,19.230769230769234,48.469771228954905,2.000000000000002,25.0,120.00000000000003,3005.232842171618
放量突破,1d,20,2,20,11,4,36.36363636363637,19.999999999999996,2.000000000000005,10.0,120.00000000000001,1319.999999999999
恐慌闪崩,1h,150,2,20,19,1,5.263157894736842,1.4053077357425119,2.0000000000000018,75.0,120.0,-691.8938452851503
趋势EMA交叉,1d,50,7,10,24,8,33.33333333333333,44.53003272652336,7.000000000000007,7.142857142857143,119.99999999999996,2442.402618121868
突破买入,4h,75,7,5,159,60,37.735849056603776,14.474440866441624,6.4142537371627935,10.714285714285714,119.71698113207547,1167.276660036904
RSI超卖,1d,75,5,10,33,7,21.21212121212121,58.60594959997094,5.000000000000004,15.0,119.6969696969697,2802.416471997965
趋势EMA交叉,1d,30,5,15,27,10,37.03703703703704,27.49285777528981,5.000000000000002,6.0,119.44444444444446,2848.928666293471
RSI超卖,4h,50,2,25,261,34,13.026819923371647,16.1036993978573,1.9913841306706805,25.0,119.34865900383141,2387.0395466225964
EMA50/200黄金交叉,4h,15,3,30,31,12,38.70967741935484,10.648381845316129,3.0000000000000027,5.0,119.03225806451613,2123.417464313805
放量突破,1h,50,2,10,592,158,26.68918918918919,5.368617395859407,1.9588564794472447,25.0,118.78378378378378,-19.021635343178644
EMA50/200黄金交叉,1h,15,3,25,151,65,43.04635761589404,5.078868989389235,2.6029406565636637,5.0,118.70860927152316,2656.839696145631
RSI超卖,4h,200,2,5,259,33,12.741312741312742,15.596171026783209,1.9913460073550637,100.0,118.68725868725869,323.14723110800696
突破买入,4h,150,2,5,272,46,16.911764705882355,17.077840323618194,1.993595980936652,75.0,118.5294117647059,1675.1398159737678
放量突破,4h,30,2,25,133,28,21.052631578947366,15.503550370878953,2.000000000000002,15.0,118.42105263157895,5602.485259615261
RSI超卖,1d,150,2,10,44,4,9.090909090909092,71.21398279933261,2.000000000000001,75.0,118.18181818181819,2048.5593119733044
放量突破,1h,15,3,30,511,197,38.551859099804304,5.443828876011082,2.7979698364656795,5.0,118.18003913894323,5816.1527977187925
EMA50/200黄金交叉,4h,20,3,20,31,12,38.70967741935484,11.987920180652237,3.0000000000000027,6.666666666666667,118.06451612903226,1737.100843356536
EMA50/200黄金交叉,1h,30,7,10,142,72,50.70422535211267,5.07487240915402,4.452772996384771,4.285714285714286,117.6056338028169,536.9670371215548
RSI超卖,4h,75,2,15,259,33,12.741312741312742,15.596171026783209,1.9913460073550637,37.5,117.16216216216213,969.441693324021
看涨插针,1d,75,10,5,28,11,39.285714285714285,52.20544437571732,9.239921759452042,7.5,116.96428571428572,2085.9060911110287
EMA7/25金叉,1d,30,2,30,38,7,18.421052631578945,30.000000000000004,2.000000000000002,15.0,116.84210526315789,4440.0
EMA7/25金叉,4h,150,2,5,210,35,16.666666666666664,17.897385255699746,2.0000000000000013,75.0,116.66666666666664,1382.0424197474542
看涨插针,1d,50,3,20,48,8,16.666666666666664,38.208055543922164,3.0000000000000036,16.666666666666668,116.66666666666663,3713.2888870275433
EMA50/200黄金交叉,1h,30,5,10,145,69,47.58620689655172,5.165305528788954,3.9231923777452193,6.0,116.55172413793105,582.4346077780122
突破买入,1h,50,2,10,831,218,26.233453670276774,6.116471737654331,1.9395129550441723,25.0,116.41395908543923,1444.693973665665
放量突破,1h,30,7,10,411,207,50.36496350364964,5.05139700908251,4.416878650648255,4.285714285714286,116.35036496350367,1445.9593614783557
EMA7/25金叉,1d,50,2,15,32,6,18.75,47.057646599991294,2.0000000000000013,25.0,116.25,3455.188193999216
放量突破,4h,50,3,10,116,32,27.586206896551722,15.712322801053569,2.974094970420479,16.666666666666668,116.20689655172413,2529.7035211839398
EMA7/25金叉,4h,30,3,25,177,41,23.163841807909606,14.826559621960065,2.98129769505589,10.0,116.10169491525426,5060.8114493190415
放量突破,4h,30,3,20,120,32,26.666666666666668,15.658530999455449,2.975272471765003,10.0,116.0,4784.980289345083
看涨插针,1h,50,2,10,858,224,26.107226107226104,6.005519455162066,1.9593387807180902,25.0,115.75757575757574,1030.1557098103353
恐慌闪崩,4h,100,3,25,27,2,7.4074074074074066,5.282658475967096,3.0000000000000036,33.333333333333336,115.74074074074072,-1610.8670762016473
恐慌闪崩,4h,50,5,15,26,6,23.076923076923077,6.622185540566041,4.78638610869624,10.0,115.38461538461537,-839.9191339579285
恐慌闪崩,1d,150,2,25,23,1,4.3478260869565215,88.77194460755786,1.9999999999999998,75.0,115.21739130434781,1119.2986151889468
放量突破,1h,20,2,30,596,158,26.51006711409396,5.478478419812531,1.9592322193609686,10.0,114.96644295302015,223.67634750826767
恐慌闪崩,1d,75,3,15,22,3,13.636363636363635,65.65815113796315,3.0000000000000027,25.0,114.54545454545455,2099.6168012083403
趋势EMA交叉,1h,30,7,10,389,194,49.87146529562982,5.174582914523652,4.2091389127321,4.285714285714286,114.52442159383031,1830.8699743482896
看涨插针,1d,100,5,5,34,9,26.47058823529412,47.933380548819926,5.0000000000000036,20.0,113.97058823529414,1532.0021246968959
看涨插针,4h,50,2,20,284,42,14.788732394366196,15.378898393481226,1.9947279791035506,25.0,113.80281690140843,3263.7912316630445
EMA7/25金叉,1d,100,3,5,28,7,25.0,58.434117511538865,3.0000000000000036,33.333333333333336,113.75,1730.1941129038596
放量突破,1h,20,3,20,509,192,37.721021611001966,5.363787326100911,2.799881793849285,6.666666666666667,113.51669941060905,2845.69275922303
恐慌闪崩,1h,100,5,5,19,5,26.31578947368421,4.345546426940336,4.433877256267948,20.0,113.1578947368421,-201.73274726524795
突破买入,1d,30,3,30,39,8,20.51282051282051,30.000000000000004,3.000000000000003,10.0,113.07692307692304,4409.999999999998
EMA7/25金叉,1d,20,3,30,34,10,29.411764705882355,19.389140566741233,3.0000000000000036,6.666666666666667,112.94117647058827,3656.7421700223667
趋势EMA交叉,4h,75,5,5,119,41,34.45378151260504,14.349935275090486,4.719951705996335,15.0,112.81512605042016,1100.9555660549788
突破买入,1h,20,2,30,841,220,26.159334126040427,6.203543931333486,1.9402921762352296,10.0,112.65160523186684,4795.746703538672
趋势EMA交叉,4h,30,2,30,178,32,17.97752808988764,15.929331451972462,2.000000000000001,15.0,112.58426966292136,6532.158193893559
看涨插针,1d,50,2,25,56,7,12.5,38.7508233051483,2.000000000000002,25.0,112.5,4331.39407840095
RSI超卖,4h,50,3,15,212,42,19.81132075471698,14.5532246032317,2.9678239233502346,16.666666666666668,112.5,1600.5804954928724
放量突破,1d,50,5,5,10,5,50.0,45.78598278113626,5.000000000000004,10.0,112.5,1019.6495695284062
RSI超卖,1h,30,3,15,573,182,31.762652705061083,5.5950778294782735,2.844551400511498,10.0,112.22513089005236,-1408.7314895242487
EMA50/200黄金交叉,1h,30,3,10,151,65,43.04635761589404,5.330061258215654,2.6029406565636637,10.0,112.05298013245033,1226.0108531954243
趋势EMA交叉,4h,50,2,15,176,32,18.181818181818183,18.425892358395757,2.0000000000000013,25.0,111.81818181818183,4524.428332029961
趋势EMA交叉,1h,15,3,30,487,182,37.37166324435318,5.140039122016431,2.7333486024050475,5.0,111.80698151950716,3054.473894203533
放量突破,1h,30,5,10,440,203,46.13636363636363,5.0813315784220725,3.890753037004749,6.0,111.47727272727272,1094.0184064955522
EMA7/25金叉,1h,30,7,10,441,216,48.97959183673469,5.312563689333458,4.341368606766305,4.285714285714286,111.22448979591837,1707.0582037360823
趋势EMA交叉,1h,30,5,10,418,192,45.933014354066984,5.360509210245816,3.7608943953560354,6.0,110.76555023923444,1792.5563501673255
趋势EMA交叉,1h,20,3,20,485,180,37.11340206185567,5.2973178022778455,2.7238570953178223,6.666666666666667,110.7216494845361,2454.8158067615277
看涨插针,1h,20,2,30,866,224,25.86605080831409,6.081233828906312,1.959845462578301,10.0,110.71593533487297,3119.2677209923354
趋势EMA交叉,4h,30,3,20,151,39,25.82781456953642,14.118134109024577,3.000000000000004,10.0,110.4635761589404,4292.144605039164
恐慌闪崩,1d,100,3,10,22,3,13.636363636363635,73.99148447129647,3.0000000000000027,33.333333333333336,110.45454545454544,1649.7445341388936
趋势EMA交叉,1d,50,5,10,24,7,29.166666666666668,43.74860883031241,5.000000000000002,10.0,110.41666666666669,2212.4026181218687
RSI超卖,4h,50,5,10,168,49,29.166666666666668,12.94691151566784,4.810792100265235,10.0,110.41666666666669,619.1440433616101
突破买入,4h,75,2,10,272,46,16.911764705882355,17.077840323618194,1.993595980936652,37.5,110.22058823529414,3350.2796319475356
突破买入,4h,50,5,10,182,53,29.120879120879124,16.316042473576292,4.799747564795448,10.0,110.16483516483518,2455.8281524093086
趋势EMA交叉,4h,30,5,15,122,43,35.24590163934426,13.22940008356634,4.7307849685950085,6.0,110.04098360655738,2926.9828661152033
RSI超卖,1h,30,2,20,704,165,23.4375,5.624632498362311,1.9651723791361826,15.0,110.0,-2623.271002492421
RSI超卖,4h,100,2,10,259,33,12.741312741312742,15.596171026783209,1.9913460073550637,50.0,109.96138996138995,646.2944622160139
恐慌闪崩,4h,200,2,20,27,1,3.7037037037037033,6.784116071707838,2.0000000000000027,100.0,109.6296296296296,-904.3176785658447
放量突破,4h,75,5,5,104,35,33.65384615384615,13.741117001477031,4.748468621068567,15.0,109.6153846153846,766.4738009898247
RSI超卖,1h,100,2,5,704,165,23.4375,5.716890501007958,1.9651723791361826,50.0,109.53125,-579.704898440446
EMA50/200黄金交叉,1h,50,7,5,142,72,50.70422535211267,4.882833452325194,4.452772996384771,7.142857142857143,109.50704225352112,199.3494941024001
RSI超卖,1h,20,3,25,577,185,32.06239168110919,5.650345159590463,2.8449479530612134,6.666666666666667,109.35875216637785,-1747.6435768940007
突破买入,4h,30,3,25,242,54,22.31404958677686,14.601632363384537,2.986982402615338,10.0,109.09090909090912,5673.386398277039
放量突破,1d,30,5,10,11,5,45.45454545454545,30.000000000000007,5.000000000000004,6.0,109.09090909090911,1200.0
RSI超卖,1d,100,2,15,44,4,9.090909090909092,70.31541214319796,2.000000000000001,50.0,109.0909090909091,3018.924728591877
恐慌闪崩,4h,150,2,30,27,1,3.7037037037037033,6.784116071707838,2.0000000000000027,75.0,108.88888888888889,-1356.4765178487671
RSI超卖,1h,75,3,5,573,182,31.762652705061083,5.696117515225116,2.844551400511498,25.0,108.87434554973824,-377.63104914512303
放量突破,4h,50,10,5,85,45,52.94117647058824,11.106387265751207,6.820764570313726,5.0,108.82352941176472,1134.7842207312763
看涨插针,1d,200,2,5,51,6,11.76470588235294,61.808716063081626,2.000000000000002,100.0,108.8235294117647,1404.2614818924483
放量突破,1h,50,10,5,393,208,52.926208651399484,4.678942504948941,4.365553953534284,5.0,108.77862595419846,827.9627981276853
趋势EMA交叉,4h,50,3,10,149,39,26.174496644295303,15.65190382061624,3.0000000000000036,16.666666666666668,108.72483221476509,2804.2424900403303
趋势EMA交叉,1d,30,3,15,29,9,31.03448275862069,28.210156185268048,3.0000000000000044,10.0,108.62068965517238,2908.371085011185
EMA7/25金叉,1h,50,10,5,420,222,52.85714285714286,5.010496366013721,4.420719580867139,5.0,108.5714285714286,1185.138581216763
趋势EMA交叉,1h,20,2,25,576,166,28.819444444444443,5.809248153796543,1.9353103597312726,10.0,108.50694444444443,4271.448651010105
EMA7/25金叉,4h,75,2,10,210,35,16.666666666666664,17.897385255699746,2.0000000000000013,37.5,108.3333333333333,2764.0848394949085
RSI超卖,4h,30,3,30,215,43,20.0,14.281096249507733,2.968198063776395,10.0,107.99999999999999,3106.712152778781
趋势EMA交叉,1h,30,2,15,574,165,28.745644599303137,5.892685311002821,1.9351521943516425,15.0,107.97909407665504,2712.237432384653
放量突破,1h,50,7,5,411,206,50.121654501216554,4.962877840077413,4.416029748254245,7.142857142857143,107.84671532846717,585.3336833191337
RSI超卖,1d,100,7,5,30,8,26.666666666666668,54.53077310432684,7.000000000000006,14.285714285714286,107.66666666666667,1411.2309241730732
看涨插针,4h,75,5,5,181,60,33.14917127071823,12.223914915143569,4.7412114439221265,15.0,107.59668508287291,798.7415509701839
趋势EMA交叉,1h,50,7,5,388,194,50.0,5.058021642980719,4.187845893056565,7.142857142857143,107.5,844.0704774264303
恐慌闪崩,1h,50,3,20,19,3,15.789473684210526,3.2665468912883036,2.863524003900972,16.666666666666668,107.36842105263158,-720.3348677710126
放量突破,1d,20,3,20,11,4,36.36363636363637,19.999999999999996,3.000000000000003,6.666666666666667,107.27272727272728,1179.999999999999
EMA7/25金叉,1h,30,5,10,475,213,44.8421052631579,5.422373600041379,3.7631899961917954,6.0,106.94736842105266,1690.0979780656312
EMA7/25金叉,1h,20,3,20,576,209,36.28472222222222,5.526115107328462,2.7426799631027117,6.666666666666667,106.90972222222221,2967.890219459063
突破买入,1h,30,7,10,515,246,47.76699029126213,5.545355577907918,4.017441414354351,4.285714285714286,106.73786407766991,2834.657317040276
看涨插针,1d,150,3,5,44,7,15.909090909090908,50.75156822768985,3.0000000000000036,50.0,106.70454545454545,1221.3048879691441
恐慌闪崩,4h,50,10,5,23,12,52.17391304347826,10.749087524104786,7.626864559827126,5.0,106.52173913043478,225.46770065579517
EMA7/25金叉,1h,15,3,30,580,211,36.37931034482759,5.445333748725731,2.751919935285363,5.0,106.44827586206895,4005.208945824913
放量突破,1d,15,3,30,11,4,36.36363636363637,14.999999999999986,3.000000000000003,5.0,106.36363636363637,1169.9999999999975
EMA7/25金叉,4h,100,3,5,174,41,23.563218390804597,15.895032502561449,2.980875838553391,33.333333333333336,106.35057471264366,1276.1992303870923
看涨插针,1h,30,7,10,512,244,47.65625,5.435557820029113,4.31294409483571,4.285714285714286,106.328125,1704.070906711338
突破买入,1h,20,3,20,675,244,36.148148148148145,5.632312466913748,2.712649144866792,6.666666666666667,106.28148148148148,4102.649209787334
恐慌闪崩,1d,100,5,5,20,5,25.0,67.52695908217049,5.0000000000000036,20.0,106.25,1313.173977054262
EMA7/25金叉,1d,100,5,5,28,7,25.0,58.434117511538865,5.0000000000000036,20.0,106.25,1520.1941129038598
突破买入,1d,30,2,25,41,8,19.51219512195122,30.000000000000004,2.0000000000000013,15.0,106.09756097560975,4350.0
EMA50/200黄金交叉,1h,50,5,5,145,69,47.58620689655172,4.964917052098005,3.9231923777452193,10.0,105.86206896551724,222.08327943062875
恐慌闪崩,1d,100,7,5,19,5,26.31578947368421,62.42806264613396,7.000000000000008,14.285714285714286,105.7894736842105,1070.7015661533483
恐慌闪崩,1h,150,3,5,19,3,15.789473684210526,3.2665468912883036,2.863524003900972,50.0,105.7894736842105,-180.08371694275314
RSI超卖,1d,150,3,5,38,6,15.789473684210526,64.43702515457475,3.0000000000000018,50.0,105.7894736842105,1453.1107546372418
突破买入,1h,15,3,30,687,249,36.24454148471616,5.731737767311486,2.7290146252527876,5.0,105.72052401746728,6956.828945995167
突破买入,1h,30,5,10,562,250,44.48398576512456,5.645589679495948,3.723153705465355,6.0,105.69395017793593,2497.734637687963
恐慌闪崩,1d,50,3,25,22,3,13.636363636363635,49.99999999999999,3.0000000000000027,16.666666666666668,105.68181818181817,2324.9999999999986
RSI超卖,4h,75,7,5,140,48,34.285714285714285,12.450746023940331,6.425146535414908,10.714285714285714,105.57142857142858,32.611639454821294
EMA7/25金叉,1d,30,5,15,32,11,34.375,27.720779795718002,5.000000000000003,6.0,105.46875,2998.9286662934705
EMA50/200黄金交叉,1h,15,2,25,156,57,36.53846153846153,5.446185665863759,1.9395910725696164,7.5,105.28846153846152,2960.326669246055
EMA50/200黄金交叉,4h,100,2,5,31,7,22.58064516129032,14.637636299660256,2.000000000000003,50.0,105.16129032258064,272.3172704881086
趋势EMA交叉,1h,50,10,5,379,196,51.71503957783641,4.966922993348346,4.2966852997570815,5.0,105.14511873350924,936.1174842036495
放量突破,1d,30,15,5,10,8,80.0,23.93105983781527,15.0,2.0,105.0,807.2423935126109
EMA7/25金叉,1h,50,7,5,440,216,49.09090909090909,5.207874399151381,4.323517641931397,7.142857142857143,104.90909090909092,782.1645921203269
趋势EMA交叉,1d,30,2,25,31,6,19.35483870967742,30.000000000000004,2.0000000000000018,15.0,104.83870967741936,3250.0
看涨插针,4h,30,3,25,248,54,21.774193548387096,13.436042213021866,2.9582491750366295,10.0,104.63709677419357,3791.148488651873
放量突破,1d,15,2,25,11,4,36.36363636363637,14.999999999999986,2.000000000000005,7.5,104.54545454545456,1149.9999999999975
EMA50/200黄金交叉,4h,30,2,20,31,7,22.58064516129032,14.05330565986418,2.000000000000003,15.0,104.51612903225805,1007.4627923809834
突破买入,1d,100,10,5,25,7,28.000000000000004,47.223178159721776,9.999999999999996,10.0,104.00000000000003,752.8112355902625
突破买入,1d,100,7,5,27,7,25.925925925925924,48.799363662503744,7.000000000000009,14.285714285714286,103.7037037037037,1007.9777281876304
EMA7/25金叉,1h,30,2,15,690,192,27.82608695652174,6.093577626298798,1.9522480591983162,15.0,103.56521739130434,2966.210561529116
EMA50/200黄金交叉,1h,20,3,15,151,65,43.04635761589404,5.1981987061677835,2.6029406565636637,6.666666666666667,103.50993377483444,1710.4502915464627
恐慌闪崩,4h,50,7,10,23,7,30.434782608695656,5.965016570327146,6.6079826358703,7.142857142857143,103.47826086956523,-639.7260618163479
EMA7/25金叉,4h,75,5,5,137,44,32.11678832116788,14.172494964681874,4.71565763468686,15.0,103.46715328467153,925.1680921006223
趋势EMA交叉,1d,20,3,25,29,9,31.03448275862069,19.321267296379148,3.0000000000000044,6.666666666666667,103.44827586206898,2847.2851416853064
EMA50/200黄金交叉,1h,20,5,15,145,69,47.58620689655172,5.041087182656901,3.9231923777452193,4.0,103.44827586206897,745.0859234203447
看涨插针,1h,20,3,20,710,252,35.49295774647888,5.388380606550479,2.8019528197159853,6.666666666666667,103.26760563380284,1491.5504284159915
RSI超卖,1d,50,3,20,39,6,15.384615384615385,50.0,3.0000000000000018,16.666666666666668,103.07692307692307,4019.999999999999
EMA7/25金叉,1d,75,10,5,25,9,36.0,57.103918864066195,9.999999999999996,7.5,103.0,1769.676348882979
EMA7/25金叉,1h,20,2,25,691,192,27.785817655571638,5.946869262085092,1.9523437544704638,10.0,102.82199710564402,4189.484120989402
看涨插针,4h,150,2,5,283,42,14.840989399293287,15.035045047411748,1.994706103498171,75.0,102.79151943462897,753.7386052411707
放量突破,1h,50,5,5,439,203,46.24145785876993,4.966932391282194,3.8860528380090065,10.0,102.1640091116173,455.89402830079905
EMA50/200黄金交叉,1h,50,10,5,140,71,50.71428571428571,4.777262468320289,4.694550415813078,5.0,102.14285714285714,76.30828279819049
突破买入,4h,100,3,5,229,52,22.707423580786028,15.236475486564416,2.986173399388042,33.333333333333336,101.94323144104804,1318.7201680483306
看涨插针,4h,30,5,15,184,62,33.69565217391305,12.047632813289356,4.743332661594897,6.0,101.9021739130435,2523.999745640444
RSI超卖,1h,50,2,10,704,165,23.4375,5.745844619574432,1.9651723791361826,25.0,101.875,-1111.6355012462109
恐慌闪崩,1d,200,2,15,23,1,4.3478260869565215,88.77194460755786,1.9999999999999998,100.0,101.73913043478261,671.579169113368
看涨插针,1h,15,3,30,721,256,35.50624133148405,5.33133844049331,2.810487586371908,5.0,101.7337031900139,1738.3773931005062
突破买入,1d,100,5,5,29,7,24.137931034482758,55.203257551747065,5.0000000000000036,20.0,101.72413793103448,1382.1140143111465
趋势EMA交叉,1d,75,7,5,24,8,33.33333333333333,57.51876465860563,7.000000000000007,10.714285714285714,101.66666666666663,1740.750586344225
趋势EMA交叉,1h,50,5,5,417,192,46.043165467625904,5.242733758790978,3.7553872593353956,10.0,101.61870503597123,808.2137416870188
RSI超卖,1h,30,7,10,397,184,46.34760705289673,5.36574042827261,4.780735562784013,4.285714285714286,101.48614609571788,-310.0043607083453
趋势EMA交叉,1h,75,2,5,571,165,28.896672504378284,5.710988576525867,1.9346730233739458,37.5,101.25218914185639,784.1793381847313
EMA7/25金叉,1d,75,15,5,23,9,39.130434782608695,56.7261303673993,14.25144495243751,5.0,101.08695652173915,1555.0747198623426
恐慌闪崩,1h,100,2,30,19,1,5.263157894736842,1.4053077357425119,2.0000000000000018,50.0,101.05263157894737,-1037.8407679277254
看涨插针,1h,30,5,10,568,245,43.13380281690141,5.592737964692491,3.8410716403709473,6.0,100.96830985915493,1295.5466150984403
趋势EMA交叉,1d,100,2,5,23,5,21.73913043478261,64.62306488247118,2.0000000000000018,50.0,100.86956521739131,1435.5766220617793
看涨插针,1d,75,2,15,53,6,11.320754716981133,41.99786370518106,2.0000000000000018,37.5,100.7547169811321,2369.807733466295
看涨插针,1h,50,10,5,478,240,50.2092050209205,5.1930522928862075,4.665500876596707,5.0,100.6276150627615,679.7167083133675
EMA7/25金叉,1d,30,3,15,34,10,29.411764705882355,28.38914056674124,3.0000000000000036,10.0,100.58823529411768,3178.3710850111847
RSI超卖,1d,75,2,20,44,4,9.090909090909092,63.93285477376206,2.000000000000001,37.5,100.00000000000001,3514.6283819009636
看涨插针,1h,50,7,5,513,243,47.368421052631575,5.443156769497422,4.32477079653725,7.142857142857143,99.99999999999997,774.9948996140807
突破买入,1h,50,7,5,514,243,47.276264591439684,5.441552278205388,3.984756251041708,7.142857142857143,99.7373540856031,1212.141297858032
EMA7/25金叉,4h,50,2,15,211,35,16.587677725118482,18.263244826643522,2.0000000000000013,25.0,99.38388625592415,4308.203533987846
放量突破,4h,30,7,10,94,43,45.744680851063826,11.485120328655661,6.208437385993251,4.285714285714286,99.25531914893615,1772.2986744653776
EMA50/200黄金交叉,4h,15,3,25,31,12,38.70967741935484,10.648381845316129,3.0000000000000027,5.0,99.19354838709677,1769.5145535948375
放量突破,4h,20,3,30,124,34,27.419354838709676,12.924551730266648,2.9758219723924477,6.666666666666667,99.19354838709675,5148.323439412373
EMA50/200黄金交叉,1h,50,3,5,151,65,43.04635761589404,5.117341182959109,2.6029406565636637,16.666666666666668,99.0728476821192,543.8714021393349
放量突破,4h,100,2,5,131,28,21.374045801526716,15.994410330544442,2.000000000000002,50.0,99.00763358778626,1209.217446276221
看涨插针,4h,50,10,5,137,68,49.63503649635037,11.348082585175497,7.707623058999662,5.0,98.90510948905111,1199.2181236047852
趋势EMA交叉,1d,75,3,5,24,7,29.166666666666668,55.02144532412073,3.000000000000004,25.0,98.75,1670.750586344225
突破买入,4h,50,2,15,279,46,16.48745519713262,17.290934311214905,1.9937883763591562,25.0,98.60215053763443,4962.454299363036
EMA7/25金叉,1h,50,5,5,474,213,44.936708860759495,5.316209812814482,3.7584512605450207,10.0,98.57594936708861,756.9845556361713
放量突破,1h,15,3,25,511,197,38.551859099804304,5.443828876011082,2.7979698364656795,5.0,98.48336594911939,4846.793998098994
放量突破,4h,30,5,15,106,35,33.0188679245283,13.833722612054986,4.755554012024382,6.0,98.34905660377359,2198.0393485229006
放量突破,1h,50,15,5,390,208,53.333333333333336,4.679639189985777,4.6740357633101,3.3333333333333335,98.33333333333334,613.4522129730183
恐慌闪崩,1d,50,15,5,15,8,53.333333333333336,38.52553750149062,13.891675390542343,3.3333333333333335,98.33333333333334,1054.8128613906426
EMA7/25金叉,1d,50,3,10,29,7,24.137931034482758,47.47798279999254,3.000000000000004,16.666666666666668,97.93103448275863,2663.458795999477
放量突破,1h,30,2,15,593,158,26.644182124789207,5.515598629969504,1.9589510622531132,15.0,97.89207419898818,289.8130718261635
突破买入,1h,50,10,5,485,239,49.27835051546392,5.365966001002845,4.1167554711049155,5.0,97.83505154639177,1348.720141739353
趋势EMA交叉,1h,20,5,15,421,194,46.080760095011875,5.343114070233852,3.766353010354467,4.0,97.80285035629454,2724.0299441235506
EMA7/25金叉,1h,75,2,5,686,192,27.988338192419825,5.886276420309713,1.9518614038072095,37.5,97.75510204081633,829.7276960935159
EMA7/25金叉,4h,30,2,30,213,35,16.431924882629108,15.98067485505651,2.0000000000000013,15.0,97.74647887323945,6099.708597809327
EMA50/200黄金交叉,4h,30,3,10,31,12,38.70967741935484,12.879815118606423,3.0000000000000027,10.0,97.74193548387096,975.5778142327704
看涨插针,1d,100,2,10,52,6,11.538461538461538,45.14204939641496,2.0000000000000013,50.0,97.6923076923077,1788.5229637848965
EMA7/25金叉,4h,30,5,15,140,46,32.857142857142854,13.319224963700478,4.724807866778399,6.0,97.49999999999997,2528.286132795789
EMA50/200黄金交叉,4h,50,2,10,31,7,22.58064516129032,14.637636299660256,2.000000000000003,25.0,97.41935483870967,544.6345409762172
EMA7/25金叉,1d,30,2,25,38,7,18.421052631578945,30.000000000000004,2.000000000000002,15.0,97.36842105263159,3700.0
放量突破,1h,20,5,15,442,203,45.92760180995475,5.17491949493744,3.900035438368726,4.0,97.22850678733032,1776.0028155326218
恐慌闪崩,1h,50,15,5,17,9,52.94117647058824,10.454182518648677,8.671862622904168,3.3333333333333335,97.05882352941178,123.56370842302368
EMA50/200黄金交叉,1h,30,2,10,156,57,36.53846153846153,5.732632989964061,1.9395910725696164,15.0,96.9230769230769,1347.405642435594
看涨插针,4h,100,3,5,240,52,21.666666666666668,14.1527134624742,2.9569167018995,33.333333333333336,96.58333333333334,900.2038004577629
EMA7/25金叉,1h,50,15,5,413,218,52.78450363196126,4.899387704142578,4.714561914640944,3.3333333333333335,96.54963680387408,743.634730740489
突破买入,1d,50,2,15,37,6,16.216216216216218,46.31331902045224,2.000000000000001,25.0,96.4864864864865,3238.198711840701
RSI超卖,1d,75,15,5,21,8,38.095238095238095,46.69331636775554,14.405041472372078,5.0,96.4285714285714,931.4049590060364
突破买入,1d,75,15,5,21,8,38.095238095238095,37.22288136630441,14.193863794932703,5.0,96.4285714285714,566.3141079815504
RSI超卖,1h,50,7,5,397,183,46.095717884130984,5.50698120994675,4.759059499826934,7.142857142857143,96.3727959697733,-53.305857713542686
放量突破,1d,30,2,10,11,4,36.36363636363637,30.000000000000007,2.000000000000005,15.0,96.36363636363637,1060.0
趋势EMA交叉,1d,15,3,30,29,10,34.48275862068966,14.99999999999999,3.000000000000005,5.0,96.20689655172416,2789.999999999995
恐慌闪崩,4h,100,5,5,26,6,23.076923076923077,6.622185540566041,4.78638610869624,20.0,96.15384615384616,-279.97304465264284
突破买入,1h,50,5,5,561,247,44.02852049910874,5.5031763280034465,3.715975249981834,10.0,96.07843137254903,962.3416226127777
突破买入,1h,30,2,15,834,219,26.258992805755394,6.291593086283545,1.939709660881427,15.0,96.04316546762588,2774.06166681028
放量突破,1h,20,2,25,596,158,26.51006711409396,5.478478419812531,1.9592322193609686,10.0,95.80536912751677,186.39695625688972
EMA7/25金叉,1d,100,2,5,29,6,20.689655172413794,60.51872464458819,2.0000000000000013,50.0,95.51724137931035,1585.5617393376453
RSI超卖,4h,50,2,20,261,34,13.026819923371647,16.1036993978573,1.9913841306706805,25.0,95.47892720306513,1909.6316372980773
RSI超卖,1h,20,2,30,709,167,23.554301833568406,5.866842585403146,1.9653651519453919,10.0,95.45839210155148,-2563.956017762312
放量突破,1d,20,5,15,11,5,45.45454545454545,19.999999999999996,5.000000000000004,4.0,95.45454545454544,1049.9999999999995
放量突破,4h,50,7,5,94,43,45.744680851063826,11.503831810075695,6.208437385993251,7.142857142857143,95.37234042553192,890.1723057379958
放量突破,1h,30,3,10,506,192,37.94466403162055,5.371336930140241,2.7979698364656795,10.0,95.21739130434781,1527.3416193670282
RSI超卖,1h,50,10,5,362,175,48.34254143646409,5.961640408318806,4.95372108624661,5.0,95.02762430939227,584.7061416383758
EMA50/200黄金交叉,1h,15,3,20,151,65,43.04635761589404,5.078868989389235,2.6029406565636637,5.0,94.96688741721854,2125.4717569165045
RSI超卖,1d,50,5,15,34,7,20.588235294117645,49.108449121120906,5.000000000000005,10.0,94.85294117647058,3131.3871577176938
放量突破,4h,30,2,20,133,28,21.052631578947366,15.503550370878953,2.000000000000002,15.0,94.73684210526316,4481.9882076922095
恐慌闪崩,1h,50,5,10,19,5,26.31578947368421,4.345546426940336,4.433877256267948,10.0,94.73684210526315,-403.4654945304959
突破买入,4h,30,2,30,298,48,16.10738255033557,15.520577652955865,1.9942107667667335,15.0,94.63087248322148,7393.051069505943
看涨插针,1h,30,2,15,859,223,25.960419091967402,6.169235394379462,1.9594666461875303,15.0,94.61001164144352,1942.7805895702627
趋势EMA交叉,1h,50,15,5,374,195,52.139037433155075,4.896023710682756,4.503279239460625,3.3333333333333335,94.451871657754,743.1881985984276
EMA7/25金叉,1h,20,5,15,476,215,45.168067226890756,5.41688260953393,3.7584512605450207,4.0,94.38025210084035,2755.109730713171
看涨插针,4h,75,2,10,283,42,14.840989399293287,15.035045047411748,1.994706103498171,37.5,94.27561837455829,1507.4772104823414
突破买入,1d,30,3,25,39,8,20.51282051282051,30.000000000000004,3.000000000000003,10.0,94.23076923076921,3674.9999999999986
突破买入,4h,50,15,5,121,63,52.066115702479344,11.910034812629423,8.252073265653797,3.3333333333333335,94.21487603305786,1358.5597189386679
EMA7/25金叉,4h,50,3,10,175,41,23.42857142857143,16.367163131914456,2.981018556176127,16.666666666666668,94.17142857142858,2715.9720188089177
EMA7/25金叉,1d,20,3,25,34,10,29.411764705882355,19.389140566741233,3.0000000000000036,6.666666666666667,94.11764705882354,3047.285141685306
突破买入,4h,75,5,5,178,53,29.775280898876407,15.897491640009516,4.793339486868901,15.0,94.10112359550561,1216.998105309458
放量突破,1d,50,2,5,10,4,40.0,44.732478476420326,2.0000000000000053,25.0,94.0,834.6495695284063
突破买入,1h,20,2,25,841,220,26.159334126040427,6.203543931333486,1.9402921762352296,10.0,93.87633769322238,3996.4555862822267
看涨插针,1h,50,5,5,567,245,43.20987654320987,5.578262046844789,3.837472483974583,10.0,93.82716049382715,655.0403081857864
趋势EMA交叉,4h,30,2,25,178,32,17.97752808988764,15.929331451972462,2.000000000000001,15.0,93.82022471910113,5443.465161577966
趋势EMA交叉,4h,50,10,5,96,46,47.91666666666667,13.289885376617834,6.88340579344253,5.0,93.75000000000003,1335.8221882614694
看涨插针,1d,50,5,15,44,9,20.454545454545457,43.385711552707804,5.000000000000004,10.0,93.75000000000003,3232.071059615551
趋势EMA交叉,1h,15,3,25,487,182,37.37166324435318,5.140039122016431,2.7333486024050475,5.0,93.17248459958932,2545.394911836277
恐慌闪崩,1h,75,3,10,19,3,15.789473684210526,3.2665468912883036,2.863524003900972,25.0,93.15789473684208,-360.1674338855063
RSI超卖,1d,75,3,10,38,6,15.789473684210526,61.15985276887537,3.0000000000000018,25.0,93.15789473684208,2709.591166132521
EMA7/25金叉,4h,30,3,20,177,41,23.163841807909606,14.826559621960065,2.98129769505589,10.0,92.88135593220339,4048.649159455233
放量突破,1h,75,2,5,592,158,26.68918918918919,5.368617395859407,1.9588564794472447,37.5,92.75337837837837,-9.510817671589322
恐慌闪崩,4h,100,3,20,27,2,7.4074074074074066,5.282658475967096,3.0000000000000036,33.333333333333336,92.59259259259257,-1288.6936609613178
放量突破,4h,75,3,5,116,32,27.586206896551722,15.712322801053569,2.974094970420479,25.0,92.58620689655173,1264.8517605919699
趋势EMA交叉,1h,30,3,10,483,179,37.060041407867494,5.368449885290901,2.722948730499789,10.0,92.29813664596274,1331.7611539513553
看涨插针,1h,20,2,25,866,224,25.86605080831409,6.081233828906312,1.959845462578301,10.0,92.26327944572748,2599.389767493613
EMA50/200黄金交叉,1h,50,15,5,138,71,51.449275362318836,4.76821499031325,4.492206397027964,3.3333333333333335,92.21014492753622,187.82717855683592
恐慌闪崩,1d,150,2,20,23,1,4.3478260869565215,88.77194460755786,1.9999999999999998,75.0,92.17391304347827,895.4388921511575
突破买入,1d,100,2,5,30,6,20.0,51.23510893562037,2.0000000000000013,50.0,92.0,1297.053268068611
RSI超卖,1h,30,5,10,452,183,40.48672566371682,5.74510467692834,4.05632686885582,6.0,91.70353982300887,-397.977718443297
趋势EMA交叉,1d,75,5,5,24,7,29.166666666666668,55.02144532412073,5.000000000000002,15.0,91.66666666666667,1500.7505863442252
突破买入,1d,100,3,5,29,6,20.689655172413794,51.23510893562037,3.0000000000000044,33.333333333333336,91.55172413793103,1192.0532680686106
EMA7/25金叉,4h,50,10,5,106,50,47.16981132075472,13.15188083178087,7.289100204895872,5.0,91.50943396226415,1247.0221505743734
看涨插针,1d,75,3,10,45,7,15.555555555555555,40.913694778060794,3.0000000000000036,25.0,91.33333333333333,1723.9586344642544
突破买入,1d,50,3,15,35,6,17.142857142857142,46.31331902045224,3.0000000000000036,16.666666666666668,91.28571428571428,2863.1987118407
恐慌闪崩,1h,50,10,5,17,8,47.05882352941176,8.038820350745796,8.008253509750134,5.0,91.17647058823528,-38.81859390892414
放量突破,4h,50,2,10,131,28,21.374045801526716,15.994410330544442,2.000000000000002,25.0,91.14503816793892,2418.434892552442
放量突破,1d,50,3,5,10,4,40.0,44.732478476420326,3.0000000000000036,16.666666666666668,91.0,804.6495695284063
突破买入,1h,75,2,5,831,218,26.233453670276774,6.116471737654331,1.9395129550441723,37.5,90.99879663056558,722.3469868328325
看涨插针,1d,50,7,10,39,11,28.205128205128204,43.023108451989586,7.000000000000006,7.142857142857143,90.76923076923077,2772.5419297188523
恐慌闪崩,4h,150,2,25,27,1,3.7037037037037033,6.784116071707838,2.0000000000000027,75.0,90.74074074074073,-1130.3970982073058
EMA50/200黄金交叉,1h,20,2,15,156,57,36.53846153846153,5.582263413067366,1.9395910725696164,10.0,90.57692307692307,1892.5424754067174
看涨插针,1h,75,2,5,858,224,26.107226107226104,6.005519455162066,1.9593387807180902,37.5,90.5128205128205,515.0778549051677
突破买入,1h,20,5,15,567,250,44.091710758377424,5.5547208653625075,3.731094801349999,4.0,90.34391534391531,3088.8474646901573
看涨插针,1d,50,2,20,56,7,12.5,38.7508233051483,2.000000000000002,25.0,90.0,3465.1152627207603
RSI超卖,4h,30,3,25,215,43,20.0,14.281096249507733,2.968198063776395,10.0,90.0,2588.9267939823176
突破买入,1d,50,5,15,35,7,20.0,43.8417233387458,5.000000000000004,10.0,90.0,2503.3809505683075
放量突破,1d,20,2,15,11,4,36.36363636363637,19.999999999999996,2.000000000000005,10.0,90.0,989.9999999999993
恐慌闪崩,1h,150,2,15,19,1,5.263157894736842,1.4053077357425119,2.0000000000000018,75.0,90.0,-518.9203839638627
放量突破,1d,30,3,10,11,4,36.36363636363637,30.000000000000007,3.000000000000003,10.0,90.0,990.0
RSI超卖,4h,75,5,5,167,48,28.74251497005988,12.579424014343116,4.810792100265235,15.0,89.97005988023952,156.6404637845325
看涨插针,1h,50,15,5,463,235,50.75593952483801,4.946881899204583,4.601677367446609,3.3333333333333335,89.95680345572354,566.6740326762521
突破买入,4h,50,10,5,133,62,46.616541353383454,13.440002825845514,7.4799102154399,5.0,89.84962406015038,1511.0327495309452
恐慌闪崩,4h,75,7,5,23,7,30.434782608695656,5.965016570327146,6.6079826358703,10.714285714285714,89.78260869565219,-319.8630309081739
EMA50/200黄金交叉,4h,15,5,15,31,17,54.83870967741935,10.570015369007416,5.000000000000004,3.0,89.51612903225805,1645.3539190968909
恐慌闪崩,1d,150,3,5,22,3,13.636363636363635,70.24879934048242,3.0000000000000027,50.0,89.31818181818181,768.7319901072362
趋势EMA交叉,4h,20,3,30,154,40,25.97402597402597,12.94895341346953,3.0000000000000036,6.666666666666667,89.2207792207792,5278.744096163423
EMA50/200黄金交叉,4h,20,2,30,31,7,22.58064516129032,12.509161195584543,2.000000000000003,10.0,89.03225806451611,1186.9238510727523
看涨插针,4h,50,15,5,123,62,50.40650406504065,11.888848280964528,8.734397571469675,3.3333333333333335,88.8211382113821,1021.5517078007522
EMA7/25金叉,1h,30,3,10,575,207,36.0,5.6106995273445515,2.7433792023334114,10.0,88.79999999999998,1518.5125570162702
突破买入,1h,30,3,10,675,243,36.0,5.696596631269763,2.71763584609914,10.0,88.79999999999998,2102.5429588372367
突破买入,4h,50,3,10,232,52,22.413793103448278,15.681104596521466,2.9864038427315753,16.666666666666668,88.79310344827587,2778.647473274328
EMA7/25金叉,1h,15,3,25,580,211,36.37931034482759,5.445333748725731,2.751919935285363,5.0,88.70689655172416,3337.6741215207608
放量突破,1d,15,3,25,11,4,36.36363636363637,14.999999999999986,3.000000000000003,5.0,88.63636363636365,974.9999999999978
EMA50/200黄金交叉,4h,20,3,15,31,12,38.70967741935484,11.987920180652237,3.0000000000000027,6.666666666666667,88.54838709677419,1302.825632517402
趋势EMA交叉,1h,15,2,30,577,168,29.116117850953206,5.6262616834838965,1.9397852253091092,7.5,88.49220103986136,4555.194170216071
突破买入,1h,15,3,25,687,249,36.24454148471616,5.731737767311486,2.7290146252527876,5.0,88.10043668122273,5797.357454995972
趋势EMA交叉,4h,75,3,5,148,39,26.351351351351347,15.155561364116926,3.0000000000000036,25.0,87.77027027027026,1320.3344660027985
EMA50/200黄金交叉,4h,50,3,5,31,12,38.70967741935484,13.220674658487468,3.0000000000000027,16.666666666666668,87.58064516129033,508.24047950924785
RSI超卖,4h,100,3,5,211,42,19.90521327014218,14.331294886724168,2.967633532364142,33.333333333333336,87.51184834123224,501.92159136437596
恐慌闪崩,1d,50,5,10,20,5,25.0,49.999999999999986,5.0000000000000036,10.0,87.5,1749.9999999999986
看涨插针,1d,50,3,15,48,8,16.666666666666664,38.208055543922164,3.0000000000000036,16.666666666666668,87.49999999999999,2784.9666652706574
RSI超卖,1h,20,3,20,577,185,32.06239168110919,5.650345159590463,2.8449479530612134,6.666666666666667,87.48700173310228,-1398.1148615152006
突破买入,4h,30,3,20,242,54,22.31404958677686,14.601632363384537,2.986982402615338,10.0,87.27272727272728,4538.709118621631
EMA7/25金叉,1d,50,7,10,29,8,27.586206896551722,47.79323494999347,7.000000000000007,7.142857142857143,87.24137931034481,2353.4587959994765
趋势EMA交叉,4h,30,7,10,113,48,42.47787610619469,13.015782992215529,6.195194413432927,4.285714285714286,87.16814159292036,2220.6994675320516
EMA50/200黄金交叉,4h,20,5,10,31,17,54.83870967741935,11.579461285629874,5.000000000000004,4.0,87.09677419354838,1268.508418557078
RSI超卖,4h,50,10,5,116,53,45.689655172413794,12.551188139016105,8.468970166685335,5.0,87.06896551724137,658.3392543333879
放量突破,4h,30,3,15,120,32,26.666666666666668,15.658530999455449,2.975272471765003,10.0,87.0,3588.735217008812
RSI超卖,4h,150,2,5,259,33,12.741312741312742,15.596171026783209,1.9913460073550637,75.0,86.83397683397682,323.14723110800696
趋势EMA交叉,1h,20,2,20,576,166,28.819444444444443,5.809248153796543,1.9353103597312726,10.0,86.80555555555554,3417.1589208080836
EMA50/200黄金交叉,4h,20,7,10,31,18,58.06451612903226,12.047268991983767,6.574938574938581,2.857142857142857,86.7741935483871,1313.7664038150633
RSI超卖,1d,100,5,5,33,7,21.21212121212121,60.90148555563632,5.000000000000004,20.0,86.36363636363637,1481.5519944472705
恐慌闪崩,1h,200,2,10,19,1,5.263157894736842,1.4053077357425119,2.0000000000000018,100.0,86.3157894736842,-345.94692264257515
RSI超卖,1h,50,5,5,450,182,40.44444444444444,5.803175175436491,4.055101861953256,10.0,86.22222222222223,-152.947085370154
RSI超卖,1d,75,10,5,25,8,32.0,52.52217914311964,10.0,7.5,86.0,1250.8871657247855
看涨插针,1h,20,5,15,571,245,42.90718038528897,5.527032637880931,3.851736625275509,4.0,85.90192644483363,1476.8528466151822
EMA7/25金叉,4h,50,15,5,101,50,49.504950495049506,12.502477175133102,8.378472694438374,3.3333333333333335,85.8910891089109,989.1087567014904
RSI超卖,4h,50,15,5,101,50,49.504950495049506,11.85155564437958,9.559825626662496,3.3333333333333335,85.8910891089109,525.1333762959586
突破买入,1h,50,15,5,477,236,49.47589098532495,5.389818001489289,4.360281711479749,3.3333333333333335,85.79664570230608,1105.8457794242631
看涨插针,1h,30,3,10,704,247,35.08522727272727,5.4802485554518885,2.79504665019861,10.0,85.78125,762.850740558518
趋势EMA交叉,4h,50,15,5,93,46,49.46236559139785,12.880337629078333,8.441067743418358,3.3333333333333335,85.75268817204301,978.8267349847034
放量突破,1h,50,3,5,505,192,38.01980198019802,5.250383622903806,2.79732437268442,16.666666666666668,85.75247524752476,662.5556347365371
看涨插针,1d,30,3,30,62,11,17.741935483870968,30.0,3.0000000000000036,10.0,85.64516129032259,5309.999999999996
看涨插针,1d,75,7,5,34,10,29.411764705882355,49.731935323647036,7.000000000000006,10.714285714285714,85.58823529411765,1646.596766182351
看涨插针,4h,50,2,15,284,42,14.788732394366196,15.378898393481226,1.9947279791035506,25.0,85.35211267605632,2447.8434237472834
放量突破,1h,20,3,15,509,192,37.721021611001966,5.363787326100911,2.799881793849285,6.666666666666667,85.1375245579568,2134.2695694172726
RSI超卖,1h,50,15,5,341,168,49.266862170087975,5.6689128088914424,5.008378314987641,3.3333333333333335,85.11730205278592,429.6395170045028
趋势EMA交叉,1d,50,10,5,20,9,45.0,41.67804685329001,9.999999999999995,5.0,85.0,1325.512108398051
EMA50/200黄金交叉,1h,50,2,5,156,57,36.53846153846153,5.490057465548701,1.9395910725696164,25.0,85.0,604.5687967594197
突破买入,1d,30,2,20,41,8,19.51219512195122,30.000000000000004,2.0000000000000013,15.0,84.8780487804878,3480.0
看涨插针,1h,15,3,25,721,256,35.50624133148405,5.33133844049331,2.810487586371908,5.0,84.77808599167822,1448.647827583755
EMA7/25金叉,1d,15,3,30,34,11,32.35294117647059,14.99999999999999,3.0000000000000044,5.0,84.70588235294116,2879.999999999994
恐慌闪崩,1d,50,3,20,22,3,13.636363636363635,49.99999999999999,3.0000000000000027,16.666666666666668,84.54545454545453,1859.9999999999989
看涨插针,4h,50,3,10,241,52,21.57676348547718,13.95521422592585,2.9571446558577037,16.666666666666668,84.35684647302907,1667.7079979103835
EMA50/200黄金交叉,1h,15,2,20,156,57,36.53846153846153,5.446185665863759,1.9395910725696164,7.5,84.23076923076921,2368.261335396844
恐慌闪崩,1h,100,2,25,19,1,5.263157894736842,1.4053077357425119,2.0000000000000018,50.0,84.21052631578945,-864.867306606438
看涨插针,4h,30,2,30,293,44,15.017064846416384,15.279902448765496,1.9948761885263422,15.0,84.16382252559728,5267.746104078676
趋势EMA交叉,1d,30,2,20,31,6,19.35483870967742,30.000000000000004,2.0000000000000018,15.0,83.87096774193549,2600.0
趋势EMA交叉,1h,50,3,5,480,179,37.291666666666664,5.200964068594269,2.7201874221658993,16.666666666666668,83.82291666666666,560.9807710321912
看涨插针,4h,30,3,20,248,54,21.774193548387096,13.436042213021866,2.9582491750366295,10.0,83.70967741935485,3032.9187909214984
放量突破,1d,15,2,20,11,4,36.36363636363637,14.999999999999986,2.000000000000005,7.5,83.63636363636364,919.999999999998
RSI超卖,1h,15,3,30,579,186,32.12435233160622,5.5590889215975325,2.845342487531796,5.0,83.4715025906736,-2526.8717454856396
恐慌闪崩,4h,150,3,10,27,2,7.4074074074074066,5.282658475967096,3.0000000000000036,50.0,83.33333333333334,-644.3468304806589
恐慌闪崩,4h,75,3,30,27,2,7.4074074074074066,5.282658475967096,3.0000000000000036,25.0,83.33333333333333,-1933.0404914419769
趋势EMA交叉,4h,100,2,5,175,32,18.285714285714285,18.025733452676004,2.000000000000001,50.0,83.25714285714284,1454.1173524281594
趋势EMA交叉,4h,50,7,5,111,46,41.44144144144144,14.22571920507092,6.059076346144772,7.142857142857143,83.1081081081081,1302.7156046692605
趋势EMA交叉,1h,20,3,15,485,180,37.11340206185567,5.2973178022778455,2.7238570953178223,6.666666666666667,83.04123711340206,1841.111855071146
看涨插针,4h,50,7,5,157,65,41.40127388535032,11.533466932773925,6.173086481793526,7.142857142857143,82.99363057324841,908.7569715265035
趋势EMA交叉,4h,30,3,15,151,39,25.82781456953642,14.118134109024577,3.000000000000004,10.0,82.8476821192053,3219.108453779373
EMA7/25金叉,1d,50,5,10,29,7,24.137931034482758,47.47798279999254,5.0000000000000036,10.0,82.75862068965517,2223.4587959994774
趋势EMA交叉,1d,20,3,20,29,9,31.03448275862069,19.321267296379148,3.0000000000000044,6.666666666666667,82.75862068965517,2277.828113348245
放量突破,4h,20,3,25,124,34,27.419354838709676,12.924551730266648,2.9758219723924477,6.666666666666667,82.66129032258064,4290.269532843645
EMA7/25金叉,1h,15,2,30,694,194,27.953890489913547,5.882686289358155,1.953102090598903,7.5,82.56484149855908,4940.702845080925
突破买入,4h,30,5,15,190,57,30.0,14.787114111585899,4.7735755761958405,6.0,82.5,3119.699290895239
RSI超卖,1h,30,2,15,704,165,23.4375,5.624632498362311,1.9651723791361826,15.0,82.5,-1967.4532518693159
EMA7/25金叉,1h,20,2,20,691,192,27.785817655571638,5.946869262085092,1.9523437544704638,10.0,82.2575976845152,3351.5872967915216
恐慌闪崩,4h,200,2,15,27,1,3.7037037037037033,6.784116071707838,2.0000000000000027,100.0,82.22222222222221,-678.2382589243836
RSI超卖,1d,200,2,5,44,4,9.090909090909092,71.21398279933261,2.000000000000001,100.0,81.81818181818183,1024.2796559866522
放量突破,4h,20,2,30,135,29,21.48148148148148,12.959237714497636,2.000000000000002,10.0,81.7777777777778,4914.536811612938
EMA7/25金叉,4h,30,2,25,213,35,16.431924882629108,15.98067485505651,2.0000000000000013,15.0,81.45539906103288,5083.09049817444
EMA7/25金叉,1h,50,3,5,571,207,36.25218914185639,5.418420147876413,2.740559193567844,16.666666666666668,81.06830122591943,620.2471207586119
趋势EMA交叉,1d,30,7,10,27,11,40.74074074074074,27.72077979571801,7.000000000000007,4.285714285714286,80.74074074074073,1929.2857775289801
恐慌闪崩,1h,50,3,15,19,3,15.789473684210526,3.2665468912883036,2.863524003900972,16.666666666666668,80.52631578947368,-540.2511508282595
EMA50/200黄金交叉,1h,10,3,30,151,66,43.70860927152318,5.170348902989027,2.598269370170295,3.3333333333333335,80.4635761589404,3611.703933984023
放量突破,1d,20,3,15,11,4,36.36363636363637,19.999999999999996,3.000000000000003,6.666666666666667,80.45454545454545,884.9999999999993
看涨插针,4h,30,7,10,160,65,40.625,11.511722321794194,6.139044679018588,4.285714285714286,80.3125,1650.5270640985668
恐慌闪崩,1h,75,5,5,19,5,26.31578947368421,4.345546426940336,4.433877256267948,15.0,80.26315789473684,-201.73274726524795
RSI超卖,1h,75,2,5,704,165,23.4375,5.716890501007958,1.9651723791361826,37.5,80.234375,-579.704898440446
EMA7/25金叉,1h,20,3,15,576,209,36.28472222222222,5.526115107328462,2.7426799631027117,6.666666666666667,80.18229166666667,2225.917664594297
趋势EMA交叉,1d,15,3,25,29,10,34.48275862068966,14.99999999999999,3.000000000000005,5.0,80.17241379310346,2324.999999999996
突破买入,1h,50,3,5,674,242,35.90504451038576,5.563037141106371,2.71763584609914,16.666666666666668,80.14836795252225,861.1815131645651
趋势EMA交叉,1d,50,2,10,26,5,19.230769230769234,48.469771228954905,2.000000000000002,25.0,80.0,2003.4885614477453
恐慌闪崩,1d,50,7,10,19,5,26.31578947368421,48.38558871389004,7.000000000000008,7.142857142857143,79.99999999999997,1439.2794356945005
突破买入,1h,20,3,15,675,244,36.148148148148145,5.632312466913748,2.712649144866792,6.666666666666667,79.71111111111111,3076.986907340501
趋势EMA交叉,1d,30,5,10,27,10,37.03703703703704,27.49285777528981,5.000000000000002,6.0,79.62962962962965,1899.2857775289806
RSI超卖,1h,20,2,25,709,167,23.554301833568406,5.866842585403146,1.9653651519453919,10.0,79.54866008462622,-2136.630014801927
EMA50/200黄金交叉,4h,15,3,20,31,12,38.70967741935484,10.648381845316129,3.0000000000000027,5.0,79.35483870967741,1415.6116428758698
EMA7/25金叉,1d,75,3,5,29,7,24.137931034482758,58.709854509182755,3.000000000000004,25.0,79.13793103448275,1724.8449078213957
看涨插针,1d,30,2,30,69,10,14.492753623188406,30.000000000000007,2.0000000000000013,15.0,79.13043478260869,5459.999999999998
突破买入,4h,30,2,25,298,48,16.10738255033557,15.520577652955865,1.9942107667667335,15.0,78.85906040268458,6160.875891254953
放量突破,1h,15,3,20,511,197,38.551859099804304,5.443828876011082,2.7979698364656795,5.0,78.78669275929549,3877.435198479195
RSI超卖,1h,20,5,15,456,187,41.00877192982456,5.786842231615897,4.05632686885582,4.0,78.78289473684211,-135.18645615064025
RSI超卖,1d,50,2,30,45,4,8.88888888888889,50.0,2.000000000000001,25.0,78.66666666666669,3539.999999999998
EMA50/200黄金交叉,4h,30,2,15,31,7,22.58064516129032,14.05330565986418,2.000000000000003,15.0,78.38709677419354,755.5970942857375
看涨插针,1h,50,3,5,703,247,35.13513513513514,5.430006723035712,2.7945971910981684,16.666666666666668,78.10810810810811,334.3767072452823
RSI超卖,4h,75,2,10,259,33,12.741312741312742,15.596171026783209,1.9913460073550637,37.5,78.1081081081081,646.2944622160139
EMA7/25金叉,1d,75,7,5,29,8,27.586206896551722,60.74612269553491,7.000000000000007,10.714285714285714,78.10344827586206,1694.8449078213957
EMA7/25金叉,4h,30,7,10,125,50,40.0,13.339763498527356,6.187834184417387,4.285714285714286,78.0,2029.0061109506378
EMA7/25金叉,1d,30,2,20,38,7,18.421052631578945,30.000000000000004,2.000000000000002,15.0,77.89473684210526,2960.0
看涨插针,1d,150,2,5,52,6,11.538461538461538,53.4753827297483,2.0000000000000013,75.0,77.69230769230768,1144.2614818924483
EMA7/25金叉,1d,50,2,10,32,6,18.75,47.057646599991294,2.0000000000000013,25.0,77.5,2303.4587959994774
看涨插针,1h,20,3,15,710,252,35.49295774647888,5.388380606550479,2.8019528197159853,6.666666666666667,77.45070422535214,1118.6628213119936
RSI超卖,1d,50,3,15,39,6,15.384615384615385,50.0,3.0000000000000018,16.666666666666668,77.30769230769232,3014.999999999999
看涨插针,1d,20,3,30,66,16,24.242424242424242,19.999999999999993,3.0000000000000036,6.666666666666667,77.2727272727273,5099.999999999993
放量突破,1d,30,10,5,11,7,63.63636363636363,27.289242054404593,9.999999999999998,3.0,77.27272727272727,755.1234719041609
放量突破,1d,20,7,10,11,6,54.54545454545454,19.999999999999996,7.00000000000001,2.857142857142857,77.27272727272725,849.9999999999994
RSI超卖,4h,30,5,15,169,49,28.994082840236686,12.383412505377049,4.812368832763026,6.0,77.2189349112426,439.5442924786839
RSI超卖,1d,50,7,10,31,8,25.806451612903224,44.211866224125856,7.000000000000006,7.142857142857143,77.09677419354838,1926.9492979300674
EMA50/200黄金交叉,4h,75,2,5,31,7,22.58064516129032,14.637636299660256,2.000000000000003,37.5,76.93548387096774,272.3172704881086
恐慌闪崩,4h,50,5,10,26,6,23.076923076923077,6.622185540566041,4.78638610869624,10.0,76.92307692307693,-559.9460893052857
EMA7/25金叉,4h,75,3,5,174,41,23.563218390804597,15.895032502561449,2.980875838553391,25.0,76.89655172413794,1276.1992303870923
放量突破,1h,20,2,20,596,158,26.51006711409396,5.478478419812531,1.9592322193609686,10.0,76.64429530201343,149.11756500551178
恐慌闪崩,1d,75,3,10,22,3,13.636363636363635,65.65815113796315,3.0000000000000027,25.0,76.36363636363636,1399.7445341388936
突破买入,4h,100,2,5,272,46,16.911764705882355,17.077840323618194,1.993595980936652,50.0,76.25,1675.1398159737678
EMA7/25金叉,4h,50,7,5,123,48,39.02439024390244,14.512784890276762,6.069865192767653,7.142857142857143,76.21951219512195,1206.8689263785536
恐慌闪崩,1h,50,7,5,18,7,38.88888888888889,6.774878728316835,5.915843780704659,7.142857142857143,75.83333333333334,-88.25065244766702
突破买入,1d,30,3,20,39,8,20.51282051282051,30.000000000000004,3.000000000000003,10.0,75.38461538461536,2939.999999999999
放量突破,1h,15,2,30,599,159,26.54424040066778,5.359637689095615,1.9594175274547825,7.5,75.37562604340569,-298.8395854170403
EMA7/25金叉,1d,20,3,20,34,10,29.411764705882355,19.389140566741233,3.0000000000000036,6.666666666666667,75.29411764705884,2437.8281133482446
突破买入,1h,20,2,20,841,220,26.159334126040427,6.203543931333486,1.9402921762352296,10.0,75.1010701545779,3197.1644690257813
趋势EMA交叉,4h,30,2,20,178,32,17.97752808988764,15.929331451972462,2.000000000000001,15.0,75.05617977528091,4354.772129262373
看涨插针,1d,50,15,5,26,12,46.15384615384615,43.766227322358795,13.362762136477484,3.3333333333333335,75.0,1690.5802897881038
恐慌闪崩,1d,75,5,5,20,5,25.0,60.450040253012254,5.0000000000000036,15.0,75.0,1136.251006325306
RSI超卖,1d,75,2,15,44,4,9.090909090909092,63.93285477376206,2.000000000000001,37.5,75.0,2635.9712864257226
EMA7/25金叉,4h,100,2,5,210,35,16.666666666666664,17.897385255699746,2.0000000000000013,50.0,74.99999999999999,1382.0424197474542
RSI超卖,4h,50,3,10,212,42,19.81132075471698,14.5532246032317,2.9678239233502346,16.666666666666668,74.99999999999999,1067.053663661915
RSI超卖,1h,30,3,10,573,182,31.762652705061083,5.5950778294782735,2.844551400511498,10.0,74.81675392670158,-939.1543263494991
趋势EMA交叉,4h,50,2,10,176,32,18.181818181818183,18.425892358395757,2.0000000000000013,25.0,74.54545454545456,3016.2855546866404
趋势EMA交叉,1h,15,3,20,487,182,37.37166324435318,5.140039122016431,2.7333486024050475,5.0,74.53798767967145,2036.3159294690217
趋势EMA交叉,4h,20,3,25,154,40,25.97402597402597,12.94895341346953,3.0000000000000036,6.666666666666667,74.35064935064933,4398.953413469519
RSI超卖,1d,75,7,5,30,8,26.666666666666668,52.52217914311964,7.000000000000006,10.714285714285714,74.33333333333333,1330.8871657247848
EMA50/200黄金交叉,4h,20,2,25,31,7,22.58064516129032,12.509161195584543,2.000000000000003,10.0,74.19354838709677,989.1032092272935
恐慌闪崩,1h,30,7,10,18,7,38.88888888888889,7.0330433028657575,5.915843780704659,4.285714285714286,73.88888888888891,-158.4297846769094
EMA50/200黄金交叉,1h,10,2,30,156,58,37.17948717948718,5.457923033114303,1.938974654942776,5.0,73.84615384615385,3796.2005920871275
看涨插针,1h,20,2,20,866,224,25.86605080831409,6.081233828906312,1.959845462578301,10.0,73.81062355658197,2079.5118139948904
趋势EMA交叉,1h,15,2,25,577,168,29.116117850953206,5.6262616834838965,1.9397852253091092,7.5,73.74350086655112,3795.9951418467253
趋势EMA交叉,1d,75,2,5,23,5,21.73913043478261,63.38519332810114,2.0000000000000018,37.5,73.69565217391305,1404.6298332025285
突破买入,4h,75,3,5,229,52,22.707423580786028,15.236475486564416,2.986173399388042,25.0,73.5589519650655,1318.7201680483306
趋势EMA交叉,1d,10,3,30,31,13,41.935483870967744,10.000000000000009,3.0000000000000053,3.3333333333333335,73.54838709677419,2280.000000000002
恐慌闪崩,1d,50,10,5,17,7,41.17647058823529,42.49405598461757,9.999999999999996,5.0,73.52941176470588,987.2919594616153
趋势EMA交叉,4h,30,5,10,122,43,35.24590163934426,13.22940008356634,4.7307849685950085,6.0,73.36065573770492,1951.3219107434688
恐慌闪崩,1d,100,2,30,23,1,4.3478260869565215,100.0,1.9999999999999998,50.0,73.04347826086956,1680.0000000000007
突破买入,4h,50,7,5,161,61,37.88819875776397,15.071564723434854,6.420111199791165,7.142857142857143,72.98136645962732,1386.7716407520488
恐慌闪崩,1d,75,7,5,19,5,26.31578947368421,55.35114381697572,7.000000000000008,10.714285714285714,72.89473684210525,893.7785954243924
RSI超卖,1d,100,2,10,44,4,9.090909090909092,70.31541214319796,2.000000000000001,50.0,72.72727272727275,2012.6164857279177
恐慌闪崩,4h,150,2,20,27,1,3.7037037037037033,6.784116071707838,2.0000000000000027,75.0,72.5925925925926,-904.3176785658447
突破买入,1h,15,2,30,855,222,25.964912280701753,6.119755410006306,1.9409008825314575,7.5,72.42105263157893,3899.863271369623
EMA50/200黄金交叉,4h,30,7,5,31,18,58.06451612903226,13.752976728397673,6.574938574938581,4.285714285714286,72.4193548387097,810.3968981847829
趋势EMA交叉,1d,30,3,10,29,9,31.03448275862069,28.210156185268048,3.0000000000000044,10.0,72.41379310344827,1938.9140566741235
放量突破,4h,75,2,5,131,28,21.374045801526716,15.994410330544442,2.000000000000002,37.5,72.29007633587787,1209.217446276221
RSI超卖,4h,30,3,20,215,43,20.0,14.281096249507733,2.968198063776395,10.0,72.0,2071.141435185854
趋势EMA交叉,1h,30,2,10,574,165,28.745644599303137,5.892685311002821,1.9351521943516425,15.0,71.98606271777004,1808.1582882564353
突破买入,4h,30,7,10,167,64,38.32335329341318,13.32694913235187,6.449729426050939,4.285714285714286,71.79640718562874,1886.0261358727303
RSI超卖,4h,50,2,15,261,34,13.026819923371647,16.1036993978573,1.9913841306706805,25.0,71.60919540229885,1432.223727973558
EMA7/25金叉,1d,75,5,5,29,7,24.137931034482758,58.709854509182755,5.0000000000000036,15.0,71.55172413793102,1504.8449078213962
看涨插针,1d,30,3,25,62,11,17.741935483870968,30.0,3.0000000000000036,10.0,71.37096774193552,4424.999999999997
突破买入,1d,75,7,5,27,7,25.925925925925924,45.227935091075175,7.000000000000009,10.714285714285714,71.29629629629629,882.9777281876304
看涨插针,1h,15,2,30,882,227,25.736961451247165,5.958870960424925,1.9606424228630064,7.5,71.25850340136053,2053.287631235646
趋势EMA交叉,1d,50,15,5,20,9,45.0,41.67804685329001,14.047293575829558,3.3333333333333335,71.25,1102.910961727425
EMA50/200黄金交叉,1h,15,3,15,151,65,43.04635761589404,5.078868989389235,2.6029406565636637,5.0,71.2251655629139,1594.1038176873785
放量突破,4h,30,2,15,133,28,21.052631578947366,15.503550370878953,2.000000000000002,15.0,71.05263157894737,3361.4911557691566
EMA50/200黄金交叉,4h,30,5,5,31,17,54.83870967741935,12.797269477126948,5.000000000000004,6.0,70.96774193548386,737.7679055557904
EMA7/25金叉,1h,15,3,20,580,211,36.37931034482759,5.445333748725731,2.751919935285363,5.0,70.9655172413793,2670.1392972166086
放量突破,1d,10,2,30,11,4,36.36363636363637,10.00000000000001,2.000000000000005,5.0,70.9090909090909,780.0000000000002
放量突破,1d,15,3,20,11,4,36.36363636363637,14.999999999999986,3.000000000000003,5.0,70.9090909090909,779.9999999999983
EMA7/25金叉,1d,15,3,25,34,11,32.35294117647059,14.99999999999999,3.0000000000000044,5.0,70.58823529411764,2399.999999999995
突破买入,1h,15,3,20,687,249,36.24454148471616,5.731737767311486,2.7290146252527876,5.0,70.48034934497818,4637.885963996778
EMA7/25金叉,1d,30,5,10,32,11,34.375,27.720779795718002,5.000000000000003,6.0,70.3125,1999.2857775289804
看涨插针,4h,30,2,25,293,44,15.017064846416384,15.279902448765496,1.9948761885263422,15.0,70.13651877133107,4389.7884200655635
EMA7/25金叉,4h,20,3,30,181,42,23.204419889502763,13.24433519261937,2.981701341925187,6.666666666666667,70.11049723756904,4254.167746872376
EMA50/200黄金交叉,4h,30,10,5,30,18,60.0,13.932186740200523,8.457214139720884,3.0,70.0,746.4639582347943
放量突破,1d,15,7,10,11,7,63.63636363636363,14.999999999999988,7.000000000000011,2.142857142857143,70.0,769.9999999999986
看涨插针,1d,75,5,5,38,9,23.684210526315788,48.83739602655057,5.0000000000000036,15.0,69.73684210526316,1472.6828211947748
EMA7/25金叉,4h,30,3,15,177,41,23.163841807909606,14.826559621960065,2.98129769505589,10.0,69.66101694915254,3036.4868695914247
EMA7/25金叉,1d,75,2,5,29,6,20.689655172413794,59.48716501594649,2.0000000000000013,37.5,69.65517241379311,1554.6149504783946
RSI超卖,1h,15,3,25,579,186,32.12435233160622,5.5590889215975325,2.845342487531796,5.0,69.55958549222798,-2105.7264545713665
看涨插针,4h,75,3,5,240,52,21.666666666666668,14.158255754100505,2.9569167018995,25.0,69.5,901.6447962806017
恐慌闪崩,4h,75,3,25,27,2,7.4074074074074066,5.282658475967096,3.0000000000000036,25.0,69.44444444444444,-1610.8670762016473
恐慌闪崩,4h,100,3,15,27,2,7.4074074074074066,5.282658475967096,3.0000000000000036,33.333333333333336,69.44444444444443,-966.5202457209884
RSI超卖,1h,50,3,5,573,182,31.762652705061083,5.7223671282112045,2.844551400511498,16.666666666666668,69.17102966841188,-353.74390132778245
恐慌闪崩,1d,150,2,15,23,1,4.3478260869565215,88.77194460755786,1.9999999999999998,75.0,69.13043478260869,671.579169113368
EMA7/25金叉,1h,30,2,10,690,192,27.82608695652174,6.093577626298798,1.9522480591983162,15.0,69.04347826086956,1977.4737076860774
EMA50/200黄金交叉,1h,20,3,10,151,65,43.04635761589404,5.1981987061677835,2.6029406565636637,6.666666666666667,69.00662251655629,1140.3001943643085
突破买入,1d,75,10,5,25,7,28.000000000000004,43.65174958829321,9.999999999999996,7.5,69.00000000000001,627.8112355902625
EMA50/200黄金交叉,1h,20,5,10,145,69,47.58620689655172,5.041087182656901,3.9231923777452193,4.0,68.96551724137933,496.7239489468965
趋势EMA交叉,4h,50,5,5,120,41,34.166666666666664,14.995627642016707,4.723496621110305,10.0,68.95833333333331,1208.3225012748544
EMA7/25金叉,1h,15,2,25,694,194,27.953890489913547,5.882686289358155,1.953102090598903,7.5,68.80403458213257,4117.252370900771
EMA7/25金叉,1d,30,7,10,32,12,37.5,27.910714812741507,7.000000000000007,4.285714285714286,68.75,1949.2857775289792
突破买入,1d,75,5,5,30,7,23.333333333333332,50.80106644391948,5.0000000000000036,15.0,68.33333333333331,1203.0373255371815
放量突破,4h,20,2,25,135,29,21.48148148148148,12.959237714497636,2.000000000000002,10.0,68.14814814814815,4095.447343010782
看涨插针,4h,30,5,10,184,62,33.69565217391305,12.047632813289356,4.743332661594897,6.0,67.93478260869566,1682.6664970936292
恐慌闪崩,1d,200,2,10,23,1,4.3478260869565215,88.77194460755786,1.9999999999999998,100.0,67.82608695652175,447.71944607557873
看涨插针,1h,15,3,20,721,256,35.50624133148405,5.33133844049331,2.810487586371908,5.0,67.8224687933426,1158.9182620670042
突破买入,4h,20,3,30,258,59,22.868217054263564,13.111372648597973,2.9877019682999166,6.666666666666667,67.79069767441861,5370.548837267908
EMA50/200黄金交叉,1h,15,5,15,145,69,47.58620689655172,4.92867513061914,3.9231923777452193,3.0,67.75862068965517,628.7394495612602
趋势EMA交叉,1d,20,2,30,31,6,19.35483870967742,19.999999999999993,2.0000000000000018,10.0,67.74193548387098,2099.9999999999973
放量突破,4h,50,5,5,104,35,33.65384615384615,13.741117001477031,4.748468621068567,10.0,67.54807692307692,766.4738009898247
看涨插针,1d,50,2,15,56,7,12.5,38.7508233051483,2.000000000000002,25.0,67.5,2598.8364470405704
恐慌闪崩,1h,100,2,20,19,1,5.263157894736842,1.4053077357425119,2.0000000000000018,50.0,67.36842105263156,-691.8938452851503
恐慌闪崩,4h,75,5,5,26,6,23.076923076923077,6.622185540566041,4.78638610869624,15.0,67.3076923076923,-279.97304465264284
RSI超卖,4h,30,2,30,264,35,13.257575757575758,15.725070997721414,1.991459378437749,15.0,67.27272727272727,2829.9986177401497
看涨插针,1d,75,2,10,53,6,11.320754716981133,41.99786370518106,2.0000000000000018,37.5,67.16981132075475,1579.871822310863
EMA7/25金叉,1d,30,3,10,34,10,29.411764705882355,28.38914056674124,3.0000000000000036,10.0,67.05882352941178,2118.9140566741235
EMA50/200黄金交叉,1h,10,3,25,151,66,43.70860927152318,5.170348902989027,2.598269370170295,3.3333333333333335,67.05298013245033,3009.7532783200195
看涨插针,1d,100,3,5,44,7,15.909090909090908,43.608711084832706,3.0000000000000036,33.333333333333336,66.93181818181819,971.304887969144
EMA50/200黄金交叉,1h,20,7,10,142,72,50.70422535211267,4.955829827444138,4.452772996384771,2.857142857142857,66.90140845070422,451.2563782904391
恐慌闪崩,1h,30,3,30,19,3,15.789473684210526,3.2665468912883036,2.863524003900972,10.0,66.31578947368422,-1080.502301656519
恐慌闪崩,1h,100,3,5,19,3,15.789473684210526,3.2665468912883036,2.863524003900972,33.333333333333336,66.3157894736842,-180.08371694275314
RSI超卖,1d,100,3,5,38,6,15.789473684210526,63.83797805048497,3.0000000000000018,33.333333333333336,66.3157894736842,1435.139341514549
EMA7/25金叉,4h,50,2,10,211,35,16.587677725118482,18.263244826643522,2.0000000000000013,25.0,66.25592417061611,2872.1356893252305
放量突破,4h,20,3,20,124,34,27.419354838709676,12.924551730266648,2.9758219723924477,6.666666666666667,66.12903225806451,3432.2156262749154
看涨插针,1d,30,2,25,69,10,14.492753623188406,30.000000000000007,2.0000000000000013,15.0,65.94202898550724,4549.999999999998
放量突破,1d,30,7,5,11,6,54.54545454545454,30.000000000000004,7.00000000000001,4.285714285714286,65.9090909090909,724.9999999999999
突破买入,4h,50,2,10,279,46,16.48745519713262,17.290934311214905,1.9937883763591562,25.0,65.73476702508961,3308.302866242024
看涨插针,4h,100,2,5,283,42,14.840989399293287,15.035045047411748,1.994706103498171,50.0,65.68904593639576,753.7386052411707
看涨插针,4h,50,5,5,182,60,32.967032967032964,12.047945590725535,4.743332661594897,10.0,65.65934065934064,720.9507536447741
放量突破,1h,20,7,10,412,207,50.24271844660194,5.1250140018326995,4.4294792425963125,2.857142857142857,65.65533980582524,1528.346536471247
RSI超卖,1h,20,3,15,577,185,32.06239168110919,5.650345159590463,2.8449479530612134,6.666666666666667,65.61525129982671,-1048.5861461364004
放量突破,4h,30,5,10,106,35,33.0188679245283,13.833722612054986,4.755554012024382,6.0,65.56603773584905,1465.3595656819336
RSI超卖,1d,50,2,25,45,4,8.88888888888889,50.0,2.000000000000001,25.0,65.55555555555556,2949.9999999999986
突破买入,4h,30,3,15,242,54,22.31404958677686,14.601632363384537,2.986982402615338,10.0,65.45454545454547,3404.0318389662234
RSI超卖,4h,50,7,5,142,50,35.2112676056338,13.131617128155751,6.425146535414908,7.142857142857143,65.35211267605632,327.3368757480798
趋势EMA交叉,1h,20,7,10,391,196,50.127877237851656,5.126575673189743,4.2091389127321,2.857142857142857,65.34526854219948,1840.267439624301
放量突破,1h,30,2,10,593,158,26.644182124789207,5.515598629969504,1.9589510622531132,15.0,65.26138279932546,193.20871455077565
趋势EMA交叉,1h,20,5,10,421,194,46.080760095011875,5.343114070233852,3.766353010354467,4.0,65.20190023752971,1816.0199627490338
EMA7/25金叉,4h,30,2,20,213,35,16.431924882629108,15.98067485505651,2.0000000000000013,15.0,65.1643192488263,4066.4723985395517
趋势EMA交叉,1h,50,2,5,571,165,28.896672504378284,5.710988576525867,1.9346730233739458,25.0,65.13134851138354,784.1793381847313
趋势EMA交叉,1h,20,2,15,576,166,28.819444444444443,5.809248153796543,1.9353103597312726,10.0,65.10416666666666,2562.8691906060626
EMA7/25金叉,4h,30,5,10,140,46,32.857142857142854,13.319224963700478,4.724807866778399,6.0,64.99999999999997,1685.524088530526
放量突破,1h,20,5,10,442,203,45.92760180995475,5.17491949493744,3.900035438368726,4.0,64.81900452488688,1184.0018770217478
突破买入,1d,75,2,5,31,6,19.35483870967742,50.26588597648819,2.0000000000000013,37.5,64.51612903225806,1257.9765792946457
看涨插针,1d,20,3,25,66,16,24.242424242424242,19.999999999999993,3.0000000000000036,6.666666666666667,64.3939393939394,4249.999999999994
突破买入,1d,50,2,10,37,6,16.216216216216218,46.31331902045224,2.000000000000001,25.0,64.32432432432434,2158.799141227134
恐慌闪崩,4h,30,15,5,21,13,61.904761904761905,11.463465588879094,9.756902134732359,2.0,64.28571428571429,354.8491778878468
趋势EMA交叉,1d,15,3,20,29,10,34.48275862068966,14.99999999999999,3.000000000000005,5.0,64.13793103448276,1859.9999999999966
突破买入,1h,30,2,10,834,219,26.258992805755394,6.291593086283545,1.939709660881427,15.0,64.02877697841726,1849.3744445401865
趋势EMA交叉,1h,15,5,15,423,196,46.335697399527184,5.179406332789649,3.7879164890399455,3.0,64.00709219858156,2329.5989732205517
放量突破,1h,15,5,15,445,206,46.29213483146067,5.1459658665880275,3.900035438368726,3.0,63.876404494382015,1919.407481205122
突破买入,1d,30,2,15,41,8,19.51219512195122,30.000000000000004,2.0000000000000013,15.0,63.658536585365844,2610.0
RSI超卖,1h,20,2,20,709,167,23.554301833568406,5.866842585403146,1.9653651519453919,10.0,63.63892806770099,-1709.3040118415413
放量突破,1d,20,5,10,11,5,45.45454545454545,19.999999999999996,5.000000000000004,4.0,63.63636363636364,699.9999999999998
恐慌闪崩,1d,50,3,15,22,3,13.636363636363635,49.99999999999999,3.0000000000000027,16.666666666666668,63.40909090909091,1394.999999999999
放量突破,1h,10,3,30,524,206,39.31297709923664,5.39415527786192,2.806737577612319,3.3333333333333335,63.320610687022906,6559.603126765143
RSI超卖,1d,50,5,10,34,7,20.588235294117645,49.108449121120906,5.000000000000005,10.0,63.23529411764706,2087.5914384784624
EMA7/25金叉,1h,20,7,10,444,219,49.32432432432432,5.2762646731816965,4.341368606766305,2.857142857142857,63.175675675675656,1786.9402690437253
EMA50/200黄金交叉,1h,15,2,15,156,57,36.53846153846153,5.446185665863759,1.9395910725696164,7.5,63.17307692307691,1776.196001547633
恐慌闪崩,1h,30,5,15,19,5,26.31578947368421,4.345546426940336,4.433877256267948,6.0,63.157894736842096,-605.1982417957438
突破买入,4h,30,2,20,298,48,16.10738255033557,15.520577652955865,1.9942107667667335,15.0,63.08724832214766,4928.700713003962
看涨插针,1h,30,2,10,859,223,25.960419091967402,6.169235394379462,1.9594666461875303,15.0,63.073341094295685,1295.1870597135085
突破买入,1d,75,3,5,30,6,20.0,50.26588597648819,3.000000000000004,25.0,63.0,1147.9765792946453
突破买入,1d,50,7,10,30,7,23.333333333333332,39.186517468321874,7.000000000000006,7.142857142857143,62.999999999999986,1133.0562227825296
EMA7/25金叉,1h,20,5,10,476,215,45.168067226890756,5.41688260953393,3.7584512605450207,4.0,62.92016806722689,1836.7398204754472
趋势EMA交叉,1d,30,2,15,31,6,19.35483870967742,30.000000000000004,2.0000000000000018,15.0,62.903225806451616,1950.0
放量突破,1h,15,2,25,599,159,26.54424040066778,5.359637689095615,1.9594175274547825,7.5,62.813021702838064,-249.0329878475336
看涨插针,4h,30,3,15,248,54,21.774193548387096,13.436042213021866,2.9582491750366295,10.0,62.78225806451613,2274.689093191124
EMA7/25金叉,1h,50,2,5,686,192,27.988338192419825,5.886276420309713,1.9518614038072095,25.0,62.76967930029155,829.7276960935159
放量突破,1d,15,2,15,11,4,36.36363636363637,14.999999999999986,2.000000000000005,7.5,62.727272727272734,689.9999999999985
EMA7/25金叉,4h,50,5,5,138,44,31.88405797101449,14.774162852044945,4.7186825534667864,10.0,62.681159420289845,1032.5350273204979
RSI超卖,4h,75,3,5,211,42,19.90521327014218,14.331294886724168,2.967633532364142,25.0,62.6303317535545,501.92159136437596
看涨插针,1d,50,5,10,44,9,20.454545454545457,43.385711552707804,5.000000000000004,10.0,62.50000000000001,2154.7140397437006
趋势EMA交叉,1d,50,3,5,24,7,29.166666666666668,43.74860883031241,3.000000000000004,16.666666666666668,62.29166666666667,1276.2013090609341
趋势EMA交叉,1d,20,3,15,29,9,31.03448275862069,19.321267296379148,3.0000000000000044,6.666666666666667,62.068965517241374,1708.3710850111838
看涨插针,4h,20,3,30,259,57,22.00772200772201,12.002485957228345,2.945327441386197,6.666666666666667,61.85328185328186,2675.566692060119
EMA7/25金叉,1h,20,2,15,691,192,27.785817655571638,5.946869262085092,1.9523437544704638,10.0,61.69319826338641,2513.690472593641
EMA7/25金叉,1d,10,3,30,36,14,38.88888888888889,10.000000000000009,3.0000000000000044,3.3333333333333335,61.66666666666669,2220.000000000001
EMA50/200黄金交叉,4h,30,15,5,28,17,60.71428571428571,12.78568636932166,9.717614022484684,2.0,61.60714285714284,552.3145701556836
EMA7/25金叉,1d,20,2,30,38,7,18.421052631578945,19.999999999999993,2.000000000000002,10.0,61.578947368421055,2339.9999999999973
恐慌闪崩,1h,75,2,30,19,1,5.263157894736842,1.4053077357425119,2.0000000000000018,37.5,61.57894736842105,-1037.8407679277254
EMA50/200黄金交叉,1h,10,2,25,156,58,37.17948717948718,5.457923033114303,1.938974654942776,5.0,61.53846153846155,3163.50049340594
放量突破,1d,15,5,15,11,5,45.45454545454545,14.999999999999986,5.000000000000004,3.0,61.363636363636374,674.9999999999984
放量突破,4h,15,3,30,132,37,28.030303030303028,11.901786556781829,2.9770945001612663,5.0,61.363636363636346,4726.263752568222
趋势EMA交叉,1d,10,3,25,31,13,41.935483870967744,10.000000000000009,3.0000000000000053,3.3333333333333335,61.29032258064516,1900.0000000000014
突破买入,1d,20,2,30,49,9,18.367346938775512,19.999999999999993,2.0000000000000013,10.0,61.22448979591836,2999.9999999999964
放量突破,4h,30,15,5,81,49,60.49382716049383,11.779442003170447,6.868948253500102,2.0,61.11111111111112,1786.9315702167428
EMA50/200黄金交叉,4h,10,3,30,31,12,38.70967741935484,8.942236484825084,3.0000000000000027,3.3333333333333335,60.967741935483865,1509.2051345370285
恐慌闪崩,1d,100,2,25,23,1,4.3478260869565215,100.0,1.9999999999999998,50.0,60.86956521739129,1400.0000000000005
突破买入,1d,50,3,10,35,6,17.142857142857142,46.31331902045224,3.0000000000000036,16.666666666666668,60.85714285714285,1908.7991412271333
EMA7/25金叉,1h,15,5,15,480,217,45.208333333333336,5.346851246100006,3.7865045196344256,3.0,60.62500000000001,2466.2404760977106
RSI超卖,1h,15,2,30,711,168,23.628691983122362,5.7775903783565745,1.965428936195953,7.5,60.50632911392406,-2897.7818637149317
趋势EMA交叉,4h,75,2,5,175,32,18.285714285714285,18.025733452676004,2.000000000000001,37.5,60.4,1454.1173524281594
EMA50/200黄金交叉,1h,20,2,10,156,57,36.53846153846153,5.582263413067366,1.9395910725696164,10.0,60.38461538461537,1261.6949836044782
突破买入,1h,15,2,25,855,222,25.964912280701753,6.119755410006306,1.9409008825314575,7.5,60.35087719298245,3249.8860594746857
RSI超卖,4h,30,7,10,142,50,35.2112676056338,12.039665308927422,6.425146535414908,4.285714285714286,60.28169014084507,108.69784188199557
突破买入,1h,20,5,10,567,250,44.091710758377424,5.5547208653625075,3.731094801349999,4.0,60.22927689594354,2059.231643126772
恐慌闪崩,4h,200,3,5,27,2,7.4074074074074066,5.282658475967096,3.0000000000000036,66.66666666666667,60.185185185185176,-322.17341524032946
放量突破,1d,20,2,10,11,4,36.36363636363637,19.999999999999996,2.000000000000005,10.0,60.00000000000001,659.9999999999995
突破买入,1d,20,3,30,46,10,21.73913043478261,19.389140566741233,3.000000000000003,6.666666666666667,60.0,2576.7421700223663
突破买入,1d,50,5,10,35,7,20.0,43.8417233387458,5.000000000000004,10.0,60.0,1668.920633712205
恐慌闪崩,1h,150,2,10,19,1,5.263157894736842,1.4053077357425119,2.0000000000000018,75.0,60.0,-345.94692264257515
趋势EMA交叉,1d,50,7,5,24,8,33.33333333333333,44.53003272652336,7.000000000000007,7.142857142857143,59.99999999999998,1221.201309060934
RSI超卖,1d,75,5,5,33,7,21.21212121212121,58.60594959997094,5.000000000000004,15.0,59.84848484848485,1401.2082359989824
EMA50/200黄金交叉,4h,15,5,10,31,17,54.83870967741935,10.570015369007416,5.000000000000004,3.0,59.677419354838705,1096.9026127312604
EMA50/200黄金交叉,4h,15,3,15,31,12,38.70967741935484,10.648381845316129,3.0000000000000027,5.0,59.516129032258064,1061.7087321569024
趋势EMA交叉,4h,20,3,20,154,40,25.97402597402597,12.94895341346953,3.0000000000000036,6.666666666666667,59.480519480519476,3519.1627307756153
放量突破,1h,50,2,5,592,158,26.68918918918919,5.368617395859407,1.9588564794472447,25.0,59.39189189189189,-9.510817671589322
看涨插针,1h,15,2,25,882,227,25.736961451247165,5.958870960424925,1.9606424228630064,7.5,59.38208616780045,1711.073026029705
放量突破,4h,15,2,30,141,33,23.404255319148938,11.656657914265669,2.000000000000002,7.5,59.36170212765957,5060.0913351230065
EMA50/200黄金交叉,4h,20,2,20,31,7,22.58064516129032,12.509161195584543,2.000000000000003,10.0,59.35483870967741,791.2825673818348
看涨插针,1h,20,7,10,516,247,47.86821705426357,5.306680805230456,4.351237858101469,2.857142857142857,59.24418604651163,1402.6717506262764
看涨插针,1d,20,2,30,72,13,18.055555555555554,19.999999999999996,2.0000000000000013,10.0,59.16666666666665,4259.999999999994
放量突破,1d,10,2,25,11,4,36.36363636363637,10.00000000000001,2.000000000000005,5.0,59.09090909090911,650.0000000000002
RSI超卖,1d,150,2,5,44,4,9.090909090909092,71.21398279933261,2.000000000000001,75.0,59.09090909090909,1024.2796559866522
放量突破,1h,15,3,15,511,197,38.551859099804304,5.443828876011082,2.7979698364656795,5.0,59.090019569471615,2908.0763988593962
EMA50/200黄金交叉,4h,20,3,10,31,12,38.70967741935484,11.987920180652237,3.0000000000000027,6.666666666666667,59.03225806451613,868.550421678268
趋势EMA交叉,1h,15,2,20,577,168,29.116117850953206,5.6262616834838965,1.9397852253091092,7.5,58.99480069324089,3036.7961134773805
EMA50/200黄金交叉,1h,30,7,5,142,72,50.70422535211267,5.07487240915402,4.452772996384771,4.285714285714286,58.80281690140845,268.4835185607774
RSI超卖,4h,20,3,30,223,48,21.524663677130047,12.947976366800651,2.9687432398259426,6.666666666666667,58.52017937219732,3059.1839591067364
RSI超卖,1d,30,3,30,40,6,15.0,30.000000000000004,3.0000000000000018,10.0,58.5,2339.9999999999986
EMA7/25金叉,4h,20,3,25,181,42,23.204419889502763,13.24433519261937,2.981701341925187,6.666666666666667,58.42541436464088,3545.1397890603134
EMA7/25金叉,1d,30,2,15,38,7,18.421052631578945,30.000000000000004,2.000000000000002,15.0,58.421052631578945,2220.0
看涨插针,1d,50,3,10,48,8,16.666666666666664,38.208055543922164,3.0000000000000036,16.666666666666668,58.333333333333314,1856.6444435137716
EMA50/200黄金交叉,1h,30,5,5,145,69,47.58620689655172,5.165305528788954,3.9231923777452193,6.0,58.27586206896552,291.2173038890061
突破买入,1h,50,2,5,831,218,26.233453670276774,6.116471737654331,1.9395129550441723,25.0,58.206979542719615,722.3469868328325
放量突破,1h,30,7,5,411,207,50.36496350364964,5.05139700908251,4.416878650648255,4.285714285714286,58.17518248175183,722.9796807391779
放量突破,4h,50,3,5,116,32,27.586206896551722,15.712322801053569,2.974094970420479,16.666666666666668,58.103448275862064,1264.8517605919699
放量突破,4h,30,3,10,120,32,26.666666666666668,15.658530999455449,2.975272471765003,10.0,58.0,2392.4901446725416
EMA7/25金叉,1d,50,10,5,25,9,36.0,44.578671051930115,9.999999999999996,5.0,58.0,1206.0401973368555
突破买入,1h,15,5,15,573,254,44.32809773123909,5.567118182066689,3.734031543045291,3.0,57.98429319371727,3343.3793402023657
看涨插针,1h,50,2,5,858,224,26.107226107226104,6.005519455162066,1.9593387807180902,25.0,57.87878787878787,515.0778549051677
EMA50/200黄金交叉,4h,15,7,10,31,18,58.06451612903226,10.816125626284784,6.574938574938581,2.142857142857143,57.74193548387098,1092.1605979892452
放量突破,1h,20,2,15,596,158,26.51006711409396,5.478478419812531,1.9592322193609686,10.0,57.483221476510074,111.83817375413383
突破买入,1h,20,7,10,519,245,47.20616570327553,5.536512302809271,4.050455607241165,2.857142857142857,57.45664739884394,2466.206778041919
趋势EMA交叉,1h,10,3,30,495,187,37.77777777777778,5.116155512843989,2.737031341491758,3.3333333333333335,57.33333333333333,3411.462831670933
看涨插针,1h,20,5,10,571,245,42.90718038528897,5.527032637880931,3.851736625275509,4.0,57.26795096322242,984.5685644101216
趋势EMA交叉,1h,30,7,5,389,194,49.87146529562982,5.174582914523652,4.2091389127321,4.285714285714286,57.262210796915156,915.4349871741448
看涨插针,1d,30,3,20,62,11,17.741935483870968,30.0,3.0000000000000036,10.0,57.0967741935484,3539.9999999999977
趋势EMA交叉,4h,20,5,15,125,44,35.199999999999996,11.966859584710882,4.737432253321058,4.0,56.99999999999999,2142.1471381240963
趋势EMA交叉,4h,15,3,30,158,43,27.21518987341772,10.83569606776252,3.0000000000000036,5.0,56.96202531645571,3628.047927413638
看涨插针,4h,50,2,10,284,42,14.788732394366196,15.378898393481226,1.9947279791035506,25.0,56.90140845070422,1631.8956158315223
放量突破,1h,20,3,10,509,192,37.721021611001966,5.363787326100911,2.799881793849285,6.666666666666667,56.758349705304525,1422.846379611515
趋势EMA交叉,4h,20,2,30,181,32,17.67955801104972,13.883495517802942,2.000000000000001,10.0,56.68508287292816,4388.155697090819
突破买入,1d,30,3,15,39,8,20.51282051282051,30.000000000000004,3.000000000000003,10.0,56.53846153846152,2204.999999999999
突破买入,4h,20,3,25,258,59,22.868217054263564,13.111372648597973,2.9877019682999166,6.666666666666667,56.492248062015506,4475.457364389924
EMA7/25金叉,1d,20,3,15,34,10,29.411764705882355,19.389140566741233,3.0000000000000036,6.666666666666667,56.47058823529414,1828.3710850111834
EMA7/25金叉,1d,15,3,20,34,11,32.35294117647059,14.99999999999999,3.0000000000000044,5.0,56.47058823529411,1919.999999999996
趋势EMA交叉,1d,20,2,25,31,6,19.35483870967742,19.999999999999993,2.0000000000000018,10.0,56.451612903225815,1749.999999999998
放量突破,1h,30,10,5,393,209,53.18066157760815,4.7679731428397725,4.367937068267272,3.0,56.36132315521628,964.0298314616714
突破买入,1h,20,2,15,841,220,26.159334126040427,6.203543931333486,1.9402921762352296,10.0,56.32580261593342,2397.873351769336
趋势EMA交叉,4h,30,2,15,178,32,17.97752808988764,15.929331451972462,2.000000000000001,15.0,56.29213483146068,3266.0790969467794
恐慌闪崩,1d,30,5,15,20,5,25.0,30.0,5.0000000000000036,6.0,56.25,1124.999999999999
RSI超卖,1h,20,7,10,400,187,46.75,5.396208971041056,4.780735562784013,2.857142857142857,56.225000000000016,-92.05597288317321
趋势EMA交叉,1d,10,2,30,31,10,32.25806451612903,10.00000000000001,2.000000000000002,5.0,56.129032258064505,1740.0000000000018
看涨插针,4h,30,2,20,293,44,15.017064846416384,15.279902448765496,1.9948761885263422,15.0,56.109215017064855,3511.8307360524504
RSI超卖,4h,30,2,25,264,35,13.257575757575758,15.725070997721414,1.991459378437749,15.0,56.06060606060605,2358.3321814501246
EMA50/200黄金交叉,1h,30,3,5,151,65,43.04635761589404,5.330061258215654,2.6029406565636637,10.0,56.026490066225165,613.0054265977121
趋势EMA交叉,1h,15,3,15,487,182,37.37166324435318,5.140039122016431,2.7333486024050475,5.0,55.90349075975358,1527.2369471017664
放量突破,4h,30,10,5,85,45,52.94117647058824,11.161280625785057,6.820764570313726,3.0,55.882352941176464,1147.1352267388922
放量突破,1h,30,5,5,440,203,46.13636363636363,5.0813315784220725,3.890753037004749,6.0,55.73863636363636,547.0092032477761
EMA7/25金叉,1h,30,10,5,420,222,52.85714285714286,5.0931416244844545,4.427487180512523,3.0,55.71428571428572,1270.174894470347
RSI超卖,1h,15,3,20,579,186,32.12435233160622,5.5590889215975325,2.845342487531796,5.0,55.64766839378238,-1684.5811636570932
EMA7/25金叉,1h,30,7,5,441,216,48.97959183673469,5.312563689333458,4.341368606766305,4.285714285714286,55.61224489795919,853.5291018680412
恐慌闪崩,4h,75,3,20,27,2,7.4074074074074066,5.282658475967096,3.0000000000000036,25.0,55.55555555555556,-1288.6936609613178
趋势EMA交叉,1h,30,5,5,418,192,45.933014354066984,5.360509210245816,3.7608943953560354,6.0,55.38277511961722,896.2781750836627
趋势EMA交叉,1h,20,3,10,485,180,37.11340206185567,5.2973178022778455,2.7238570953178223,6.666666666666667,55.36082474226805,1227.4079033807639
看涨插针,1h,20,2,15,866,224,25.86605080831409,6.081233828906312,1.959845462578301,10.0,55.35796766743648,1559.6338604961677
恐慌闪崩,1h,30,3,25,19,3,15.789473684210526,3.2665468912883036,2.863524003900972,10.0,55.26315789473683,-900.4185847137658
趋势EMA交叉,4h,30,3,10,151,39,25.82781456953642,14.118134109024577,3.000000000000004,10.0,55.2317880794702,2146.072302519582
恐慌闪崩,1d,100,3,5,22,3,13.636363636363635,73.99148447129647,3.0000000000000027,33.333333333333336,55.22727272727272,824.8722670694468
趋势EMA交叉,1d,50,5,5,24,7,29.166666666666668,43.74860883031241,5.000000000000002,10.0,55.20833333333334,1106.2013090609344
RSI超卖,4h,50,5,5,168,49,29.166666666666668,12.94691151566784,4.810792100265235,10.0,55.20833333333334,309.57202168080505
EMA50/200黄金交叉,4h,15,2,30,31,7,22.58064516129032,10.368028244708338,2.000000000000003,7.5,55.161290322580626,737.2859313887485
趋势EMA交叉,1d,15,2,30,31,7,22.58064516129032,14.99999999999999,2.000000000000002,7.5,55.161290322580626,1709.9999999999957
看涨插针,1h,15,5,15,581,252,43.373493975903614,5.45379267065831,3.8989725130963575,3.0,55.12048192771085,1373.9069429578933
突破买入,4h,75,2,5,272,46,16.911764705882355,17.077840323618194,1.993595980936652,37.5,55.11029411764707,1675.1398159737678
突破买入,4h,50,5,5,182,53,29.120879120879124,16.316042473576292,4.799747564795448,10.0,55.08241758241759,1227.9140762046543
EMA7/25金叉,1h,15,2,20,694,194,27.953890489913547,5.882686289358155,1.953102090598903,7.5,55.04322766570605,3293.8018967206162
RSI超卖,1h,30,2,10,704,165,23.4375,5.624632498362311,1.9651723791361826,15.0,55.0,-1311.6355012462104
突破买入,4h,30,5,10,190,57,30.0,14.787114111585899,4.7735755761958405,6.0,55.0,2079.7995272634926
RSI超卖,4h,100,2,5,259,33,12.741312741312742,15.596171026783209,1.9913460073550637,50.0,54.98069498069498,323.14723110800696
恐慌闪崩,4h,200,2,10,27,1,3.7037037037037033,6.784116071707838,2.0000000000000027,100.0,54.8148148148148,-452.1588392829224
趋势EMA交叉,1d,30,10,5,21,11,52.38095238095239,26.01269034228144,9.999999999999996,3.0,54.76190476190477,930.6979688254797
放量突破,4h,20,5,15,110,38,34.54545454545455,12.394079552384076,4.758949095190711,4.0,54.545454545454554,1924.960322052955
放量突破,1d,30,5,5,11,5,45.45454545454545,30.000000000000007,5.000000000000004,6.0,54.545454545454554,600.0
放量突破,4h,20,2,20,135,29,21.48148148148148,12.959237714497636,2.000000000000002,10.0,54.51851851851853,3276.3578744086253
恐慌闪崩,4h,150,2,15,27,1,3.7037037037037033,6.784116071707838,2.0000000000000027,75.0,54.44444444444444,-678.2382589243836
趋势EMA交叉,4h,50,3,5,149,39,26.174496644295303,15.65190382061624,3.0000000000000036,16.666666666666668,54.36241610738254,1402.1212450201651
恐慌闪崩,4h,30,10,5,23,12,52.17391304347826,10.939096551107733,7.626864559827126,3.0,54.34782608695652,236.868242275972
趋势EMA交叉,1d,20,5,15,29,10,34.48275862068966,19.389140566741233,5.000000000000003,4.0,54.31034482758621,1483.3710850111845
EMA7/25金叉,4h,75,2,5,210,35,16.666666666666664,17.897385255699746,2.0000000000000013,37.5,54.16666666666665,1382.0424197474542
RSI超卖,4h,30,3,15,215,43,20.0,14.281096249507733,2.968198063776395,10.0,53.99999999999999,1553.3560763893904
看涨插针,1d,30,5,15,53,13,24.528301886792452,30.000000000000004,5.000000000000004,6.0,53.77358490566038,2849.9999999999986
恐慌闪崩,1h,50,3,10,19,3,15.789473684210526,3.2665468912883036,2.863524003900972,16.666666666666668,53.68421052631579,-360.1674338855063
EMA50/200黄金交叉,1h,10,3,20,151,66,43.70860927152318,5.170348902989027,2.598269370170295,3.3333333333333335,53.64238410596027,2407.8026226560155
放量突破,1d,20,3,10,11,4,36.36363636363637,19.999999999999996,3.000000000000003,6.666666666666667,53.63636363636364,589.9999999999995
EMA7/25金叉,1h,30,5,5,475,213,44.8421052631579,5.422373600041379,3.7631899961917954,6.0,53.47368421052633,845.0489890328156
EMA7/25金叉,1h,20,3,10,576,209,36.28472222222222,5.526115107328462,2.7426799631027117,6.666666666666667,53.45486111111111,1483.9451097295314
趋势EMA交叉,1h,30,10,5,379,196,51.71503957783641,5.060531398350911,4.304007620684874,3.0,53.43007915567282,1021.1537974572336
突破买入,1h,30,7,5,515,246,47.76699029126213,5.545355577907918,4.017441414354351,4.285714285714286,53.368932038834956,1417.328658520138
恐慌闪崩,4h,100,2,30,27,1,3.7037037037037033,6.784116071707838,2.0000000000000027,50.0,53.33333333333332,-1356.4765178487671
EMA7/25金叉,1h,15,3,15,580,211,36.37931034482759,5.445333748725731,2.751919935285363,5.0,53.22413793103448,2002.6044729124565
放量突破,1d,15,3,15,11,4,36.36363636363637,14.999999999999986,3.000000000000003,5.0,53.18181818181819,584.9999999999987
看涨插针,1h,30,7,5,512,244,47.65625,5.435557820029113,4.31294409483571,4.285714285714286,53.1640625,852.035453355669
突破买入,1h,20,3,10,675,244,36.148148148148145,5.632312466913748,2.712649144866792,6.666666666666667,53.14074074074074,2051.324604893667
突破买入,1h,15,3,15,687,249,36.24454148471616,5.731737767311486,2.7290146252527876,5.0,52.86026200873364,3478.4144729975833
突破买入,1h,30,5,5,562,250,44.48398576512456,5.645589679495948,3.723153705465355,6.0,52.846975088967966,1248.8673188439816
EMA7/25金叉,1h,10,3,30,590,216,36.610169491525426,5.278094625073129,2.76888361280942,3.3333333333333335,52.779661016949156,3135.1790347521915
放量突破,1h,10,3,25,524,206,39.31297709923664,5.39415527786192,2.806737577612319,3.3333333333333335,52.76717557251908,5466.335938970953
看涨插针,1d,30,2,20,69,10,14.492753623188406,30.000000000000007,2.0000000000000013,15.0,52.7536231884058,3639.999999999999
RSI超卖,1h,20,5,10,456,187,41.00877192982456,5.786842231615897,4.05632686885582,4.0,52.521929824561404,-90.12430410042683
RSI超卖,1d,50,2,20,45,4,8.88888888888889,50.0,2.000000000000001,25.0,52.44444444444444,2359.999999999999
EMA50/200黄金交叉,4h,30,2,10,31,7,22.58064516129032,14.05330565986418,2.000000000000003,15.0,52.258064516129025,503.7313961904917
EMA7/25金叉,1d,50,15,5,23,9,39.130434782608695,42.805851379653426,14.25144495243751,3.3333333333333335,52.17391304347826,928.6621654137782
放量突破,1d,10,3,30,11,4,36.36363636363637,10.00000000000001,3.000000000000003,3.3333333333333335,51.81818181818182,570.0000000000006
恐慌闪崩,4h,50,7,5,23,7,30.434782608695656,5.965016570327146,6.6079826358703,7.142857142857143,51.739130434782616,-319.8630309081739
突破买入,1h,10,3,30,735,267,36.3265306122449,5.475120625655829,2.749420465845965,3.3333333333333335,51.67346938775511,5253.852871025835
看涨插针,1h,20,3,10,710,252,35.49295774647888,5.388380606550479,2.8019528197159853,6.666666666666667,51.63380281690142,745.7752142079958
看涨插针,4h,20,3,25,259,57,22.00772200772201,12.002485957228345,2.945327441386197,6.666666666666667,51.544401544401545,2229.638910050099
RSI超卖,1d,50,3,10,39,6,15.384615384615385,50.0,3.0000000000000018,16.666666666666668,51.53846153846153,2009.9999999999995
看涨插针,1d,20,3,20,66,16,24.242424242424242,19.999999999999993,3.0000000000000036,6.666666666666667,51.515151515151516,3399.999999999995
放量突破,4h,20,7,10,100,45,45.0,10.76066570607416,6.1640512880630025,2.857142857142857,51.49999999999999,1452.0713592987206
RSI超卖,4h,30,5,10,169,49,28.994082840236686,12.383412505377049,4.812368832763026,6.0,51.479289940828394,293.02952831912256
EMA50/200黄金交叉,1h,30,10,5,140,71,50.71428571428571,4.972006199188957,4.694550415813078,3.0,51.42857142857142,145.4423072565678
EMA7/25金叉,1d,10,3,25,36,14,38.88888888888889,10.000000000000009,3.0000000000000044,3.3333333333333335,51.3888888888889,1850.0000000000007
看涨插针,1h,10,3,30,745,270,36.241610738255034,5.236314780986315,2.797275526382797,3.3333333333333335,51.34228187919461,2552.9734750342955
EMA7/25金叉,1d,20,2,25,38,7,18.421052631578945,19.999999999999993,2.000000000000002,10.0,51.31578947368421,1949.999999999998
恐慌闪崩,1h,75,2,25,19,1,5.263157894736842,1.4053077357425119,2.0000000000000018,37.5,51.3157894736842,-864.867306606438
看涨插针,4h,20,5,15,193,65,33.67875647668394,11.111151785840757,4.716737405605336,4.0,51.29533678756475,1777.2371724324933
放量突破,4h,15,3,25,132,37,28.030303030303028,11.901786556781829,2.9770945001612663,5.0,51.13636363636363,3938.553127140185
突破买入,1d,20,2,25,49,9,18.367346938775512,19.999999999999993,2.0000000000000013,10.0,51.020408163265316,2499.9999999999973
RSI超卖,1h,50,2,5,704,165,23.4375,5.745844619574432,1.9651723791361826,25.0,50.9375,-555.8177506231054
看涨插针,1h,15,3,15,721,256,35.50624133148405,5.33133844049331,2.810487586371908,5.0,50.86685159500695,869.1886965502531
EMA50/200黄金交叉,4h,10,3,25,31,12,38.70967741935484,8.942236484825084,3.0000000000000027,3.3333333333333335,50.80645161290323,1257.6709454475238
RSI超卖,1h,30,7,5,397,184,46.34760705289673,5.36574042827261,4.780735562784013,4.285714285714286,50.74307304785894,-155.00218035417265
看涨插针,1h,30,10,5,479,241,50.31315240083507,5.220512468423383,4.684657228311118,3.0,50.62630480167013,715.9754227599461
恐慌闪崩,1h,100,2,15,19,1,5.263157894736842,1.4053077357425119,2.0000000000000018,50.0,50.526315789473685,-518.9203839638627
看涨插针,1h,30,5,5,568,245,43.13380281690141,5.592737964692491,3.8410716403709473,6.0,50.484154929577464,647.7733075492201
RSI超卖,1h,15,2,25,711,168,23.628691983122362,5.7775903783565745,1.965428936195953,7.5,50.42194092827005,-2414.818219762443
放量突破,1h,15,2,20,599,159,26.54424040066778,5.359637689095615,1.9594175274547825,7.5,50.250417362270454,-199.22639027802688
RSI超卖,1d,75,2,10,44,4,9.090909090909092,63.93285477376206,2.000000000000001,37.5,50.00000000000001,1757.3141909504818
看涨插针,4h,30,10,5,140,70,50.0,11.273824648753823,7.647460365872262,3.0,50.0,1269.2274990085457
突破买入,1d,20,3,25,46,10,21.73913043478261,19.389140566741233,3.000000000000003,6.666666666666667,49.999999999999986,2147.2851416853055
突破买入,4h,20,2,30,313,52,16.61341853035144,13.501404642872412,1.9944547574393996,10.0,49.64856230031951,5445.610492130461
放量突破,4h,30,7,5,94,43,45.744680851063826,11.485120328655661,6.208437385993251,4.285714285714286,49.627659574468076,886.1493372326888
放量突破,4h,20,3,15,124,34,27.419354838709676,12.924551730266648,2.9758219723924477,6.666666666666667,49.59677419354838,2574.1617197061864
突破买入,1h,30,10,5,486,242,49.794238683127574,5.472422077690571,4.166166566888633,3.0,49.588477366255155,1538.9075024014587
放量突破,4h,15,2,25,141,33,23.404255319148938,11.656657914265669,2.000000000000002,7.5,49.468085106382965,4216.7427792691715
看涨插针,1d,20,2,25,72,13,18.055555555555554,19.999999999999996,2.0000000000000013,10.0,49.30555555555555,3549.999999999995
EMA50/200黄金交叉,1h,10,2,20,156,58,37.17948717948718,5.457923033114303,1.938974654942776,5.0,49.23076923076924,2530.8003947247516
EMA7/25金叉,4h,20,5,15,145,48,33.10344827586207,12.223976689415826,4.73331896368216,4.0,49.137931034482754,1914.28412422185
趋势EMA交叉,1d,10,3,20,31,13,41.935483870967744,10.000000000000009,3.0000000000000053,3.3333333333333335,49.032258064516135,1520.0000000000011
EMA7/25金叉,1d,50,3,5,29,7,24.137931034482758,47.47798279999254,3.000000000000004,16.666666666666668,48.96551724137932,1331.7293979997385
EMA7/25金叉,4h,30,2,15,213,35,16.431924882629108,15.98067485505651,2.0000000000000013,15.0,48.87323943661973,3049.8542989046637
EMA50/200黄金交叉,4h,30,3,5,31,12,38.70967741935484,12.879815118606423,3.0000000000000027,10.0,48.87096774193548,487.7889071163852
看涨插针,1d,100,2,5,52,6,11.538461538461538,45.14204939641496,2.0000000000000013,50.0,48.84615384615385,894.2614818924483
突破买入,1d,50,15,5,21,8,38.095238095238095,31.936640946395272,14.193863794932703,3.3333333333333335,48.80952380952381,354.86449118518516
RSI超卖,1d,50,15,5,21,8,38.095238095238095,36.74931290972347,14.405041472372078,3.3333333333333335,48.80952380952381,533.6448206847538
RSI超卖,4h,20,3,25,223,48,21.524663677130047,12.947976366800651,2.9687432398259426,6.666666666666667,48.766816143497756,2549.3199659222805
RSI超卖,1d,30,3,25,40,6,15.0,30.000000000000004,3.0000000000000018,10.0,48.75000000000001,1949.9999999999989
EMA50/200黄金交叉,4h,50,2,5,31,7,22.58064516129032,14.637636299660256,2.000000000000003,25.0,48.70967741935483,272.3172704881086
恐慌闪崩,1d,100,2,20,23,1,4.3478260869565215,100.0,1.9999999999999998,50.0,48.69565217391305,1120.0000000000005
RSI超卖,1h,15,5,15,459,189,41.17647058823529,5.598413309590196,4.059821954526724,3.0,48.52941176470587,-570.777183145029
EMA50/200黄金交叉,1h,30,2,5,156,57,36.53846153846153,5.732632989964061,1.9395910725696164,15.0,48.46153846153845,673.702821217797
EMA50/200黄金交叉,4h,10,5,15,31,17,54.83870967741935,8.483324526307857,5.000000000000004,2.0,48.38709677419354,1113.2477542085032
突破买入,1h,15,2,20,855,222,25.964912280701753,6.119755410006306,1.9409008825314575,7.5,48.28070175438596,2599.908847579749
放量突破,1d,30,2,5,11,4,36.36363636363637,30.000000000000007,2.000000000000005,15.0,48.18181818181819,530.0
趋势EMA交叉,1d,15,3,15,29,10,34.48275862068966,14.99999999999999,3.000000000000005,5.0,48.10344827586208,1394.9999999999975
趋势EMA交叉,1h,10,3,25,495,187,37.77777777777778,5.116155512843989,2.737031341491758,3.3333333333333335,47.77777777777778,2842.885693059111
RSI超卖,4h,50,2,10,261,34,13.026819923371647,16.1036993978573,1.9913841306706805,25.0,47.73946360153256,954.8158186490386
RSI超卖,1h,20,2,15,709,167,23.554301833568406,5.866842585403146,1.9653651519453919,10.0,47.72919605077574,-1281.978008881156
放量突破,1h,30,3,5,506,192,37.94466403162055,5.371336930140241,2.7979698364656795,10.0,47.60869565217391,763.6708096835141
突破买入,4h,30,15,5,123,67,54.47154471544715,11.0989106135843,8.507296649761454,2.0,47.56097560975609,1336.0919936175335
看涨插针,1h,15,2,20,882,227,25.736961451247165,5.958870960424925,1.9606424228630064,7.5,47.50566893424036,1368.858420823764
EMA50/200黄金交叉,1h,15,3,10,151,65,43.04635761589404,5.078868989389235,2.6029406565636637,5.0,47.48344370860927,1062.7358784582523
趋势EMA交叉,4h,15,3,25,158,43,27.21518987341772,10.83569606776252,3.0000000000000036,5.0,47.468354430379755,3023.373272844698
放量突破,4h,30,2,10,133,28,21.052631578947366,15.503550370878953,2.000000000000002,15.0,47.36842105263158,2240.9941038461047
EMA7/25金叉,1d,15,2,30,38,8,21.052631578947366,14.999999999999988,2.000000000000002,7.5,47.36842105263158,1799.999999999995
恐慌闪崩,1h,50,5,5,19,5,26.31578947368421,4.345546426940336,4.433877256267948,10.0,47.368421052631575,-201.73274726524795
突破买入,4h,30,2,15,298,48,16.10738255033557,15.520577652955865,1.9942107667667335,15.0,47.31543624161074,3696.5255347529715
放量突破,1d,10,2,20,11,4,36.36363636363637,10.00000000000001,2.000000000000005,5.0,47.27272727272728,520.0000000000001
趋势EMA交叉,4h,20,2,25,181,32,17.67955801104972,13.883495517802942,2.000000000000001,10.0,47.23756906077347,3656.7964142423493
看涨插针,4h,75,2,5,283,42,14.840989399293287,15.035045047411748,1.994706103498171,37.5,47.137809187279146,753.7386052411707
EMA7/25金叉,4h,50,3,5,175,41,23.42857142857143,16.367163131914456,2.981018556176127,16.666666666666668,47.08571428571429,1357.9860094044589
看涨插针,1d,50,10,5,34,11,32.35294117647059,43.1995207153005,9.438203039594987,5.0,47.058823529411754,1290.5802897881042
RSI超卖,1h,30,10,5,363,176,48.484848484848484,5.677676247244371,5.008734914274831,3.0,46.969696969696976,313.1879527280784
趋势EMA交叉,4h,30,10,5,97,47,48.45360824742268,12.476017837046971,6.99492138246836,3.0,46.90721649484537,1183.133846088948
看涨插针,1d,15,3,30,71,18,25.352112676056336,14.999999999999991,3.000000000000003,5.0,46.901408450704224,3329.99999999999
趋势EMA交叉,1d,10,2,25,31,10,32.25806451612903,10.00000000000001,2.000000000000002,5.0,46.77419354838709,1450.0000000000016
EMA7/25金叉,4h,20,3,20,181,42,23.204419889502763,13.24433519261937,2.981701341925187,6.666666666666667,46.74033149171269,2836.1118312482504
恐慌闪崩,1h,75,3,5,19,3,15.789473684210526,3.2665468912883036,2.863524003900972,25.0,46.57894736842104,-180.08371694275314
RSI超卖,1d,75,3,5,38,6,15.789473684210526,61.15985276887537,3.0000000000000018,25.0,46.57894736842104,1354.7955830662604
EMA7/25金叉,4h,30,3,10,177,41,23.163841807909606,14.826559621960065,2.98129769505589,10.0,46.440677966101696,2024.3245797276165
EMA7/25金叉,1d,20,5,15,34,11,32.35294117647059,19.44467324249203,5.000000000000003,4.0,46.32352941176469,1483.3710850111843
恐慌闪崩,4h,100,3,10,27,2,7.4074074074074066,5.282658475967096,3.0000000000000036,33.333333333333336,46.29629629629628,-644.3468304806589
恐慌闪崩,4h,30,5,15,26,6,23.076923076923077,8.474284193868595,4.78638610869624,6.0,46.153846153846146,-673.2302551606986
趋势EMA交叉,1h,30,3,5,483,179,37.060041407867494,5.368449885290901,2.722948730499789,10.0,46.14906832298137,665.8805769756776
恐慌闪崩,1d,150,2,10,23,1,4.3478260869565215,88.77194460755786,1.9999999999999998,75.0,46.08695652173913,447.71944607557873
RSI超卖,1d,50,10,5,25,8,32.0,44.99197324314506,9.583046276891633,5.0,46.00000000000001,985.1199961900137
趋势EMA交叉,1d,15,2,25,31,7,22.58064516129032,14.99999999999999,2.000000000000002,7.5,45.967741935483865,1424.9999999999964
EMA50/200黄金交叉,4h,15,2,25,31,7,22.58064516129032,10.368028244708338,2.000000000000003,7.5,45.967741935483865,614.4049428239571
RSI超卖,1h,30,5,5,452,183,40.48672566371682,5.74510467692834,4.05632686885582,6.0,45.851769911504434,-198.9888592216485
看涨插针,1d,75,3,5,45,7,15.555555555555555,40.913694778060794,3.0000000000000036,25.0,45.666666666666664,861.9793172321272
突破买入,4h,30,10,5,136,65,47.794117647058826,12.30506830083253,7.473360646247459,3.0,45.588235294117666,1346.104168352725
放量突破,1h,30,15,5,390,209,53.58974358974359,4.768666494455379,4.678162696573335,2.0,45.57692307692308,749.5192463070043
放量突破,4h,50,2,5,131,28,21.374045801526716,15.994410330544442,2.000000000000002,25.0,45.57251908396946,1209.217446276221
EMA7/25金叉,4h,20,2,30,219,35,15.981735159817351,14.151145549367364,2.0000000000000013,10.0,45.47945205479453,3818.7028268357235
放量突破,1d,20,10,5,11,7,63.63636363636363,18.717813482976016,9.999999999999998,2.0,45.45454545454545,455.1234719041606
看涨插针,1d,50,7,5,39,11,28.205128205128204,43.023108451989586,7.000000000000006,7.142857142857143,45.38461538461539,1386.2709648594262
EMA7/25金叉,4h,30,10,5,107,51,47.66355140186916,12.405593796658323,7.388667695097507,3.0,45.32710280373832,1094.5994635205707
突破买入,4h,20,3,20,258,59,22.868217054263564,13.111372648597973,2.9877019682999166,6.666666666666667,45.19379844961241,3580.3658915119386
EMA50/200黄金交叉,1h,15,5,10,145,69,47.58620689655172,4.92867513061914,3.9231923777452193,3.0,45.17241379310345,419.15963304084016
趋势EMA交叉,1d,20,2,20,31,6,19.35483870967742,19.999999999999993,2.0000000000000018,10.0,45.16129032258065,1399.9999999999982
看涨插针,1d,30,7,10,45,14,31.11111111111111,30.000000000000004,7.000000000000005,4.285714285714286,45.11111111111112,2029.9999999999986
看涨插针,1d,50,2,10,56,7,12.5,38.7508233051483,2.000000000000002,25.0,45.0,1732.5576313603801
放量突破,1d,30,3,5,11,4,36.36363636363637,30.000000000000007,3.000000000000003,10.0,45.0,495.0
恐慌闪崩,1d,30,3,30,22,3,13.636363636363635,30.0,3.0000000000000027,10.0,45.0,989.9999999999983
RSI超卖,1d,30,5,15,35,8,22.857142857142858,28.02462777921241,5.000000000000005,6.0,44.999999999999986,1337.9553335054873
RSI超卖,4h,30,2,20,264,35,13.257575757575758,15.725070997721414,1.991459378437749,15.0,44.84848484848485,1886.6657451600997
趋势EMA交叉,4h,20,3,15,154,40,25.97402597402597,12.94895341346953,3.0000000000000036,6.666666666666667,44.6103896103896,2639.3720480817115
EMA50/200黄金交叉,4h,20,2,15,31,7,22.58064516129032,12.509161195584543,2.000000000000003,10.0,44.51612903225806,593.4619255363762
恐慌闪崩,4h,100,2,25,27,1,3.7037037037037033,6.784116071707838,2.0000000000000027,50.0,44.44444444444443,-1130.3970982073058
突破买入,4h,20,5,15,201,64,31.8407960199005,13.273873103827334,4.811441137654107,4.0,44.402985074626855,2855.4066417950503
EMA7/25金叉,1h,30,3,5,575,207,36.0,5.6106995273445515,2.7433792023334114,10.0,44.39999999999999,759.2562785081351
突破买入,1h,30,3,5,675,243,36.0,5.696596631269763,2.71763584609914,10.0,44.39999999999999,1051.2714794186184
突破买入,4h,50,3,5,232,52,22.413793103448278,15.681104596521466,2.9864038427315753,16.666666666666668,44.396551724137936,1389.323736637164
趋势EMA交叉,1h,10,2,30,587,170,28.960817717206133,5.4607669311083225,1.9363357543317343,5.0,44.25894378194207,3626.351061962447
趋势EMA交叉,1h,15,2,15,577,168,29.116117850953206,5.6262616834838965,1.9397852253091092,7.5,44.24610051993068,2277.5970851080356
EMA7/25金叉,1d,10,2,30,38,11,28.947368421052634,10.000000000000012,2.000000000000002,5.0,44.21052631578949,1680.0000000000016
恐慌闪崩,1h,30,3,20,19,3,15.789473684210526,3.2665468912883036,2.863524003900972,10.0,44.210526315789465,-720.3348677710126
恐慌闪崩,1h,30,15,5,17,9,52.94117647058824,10.679746091978759,8.671862622904168,2.0,44.11764705882352,133.71406922287736
恐慌闪崩,1h,30,10,5,17,8,47.05882352941176,8.264714353476105,8.008253509750134,3.0,44.117647058823515,-29.782833799711828
趋势EMA交叉,4h,20,7,10,116,49,42.241379310344826,11.886432688985135,6.2192184607931384,2.857142857142857,44.05172413793102,1657.4756488713138
EMA7/25金叉,1h,10,3,25,590,216,36.610169491525426,5.278094625073129,2.76888361280942,3.3333333333333335,43.98305084745763,2612.649195626826
EMA7/25金叉,1h,30,15,5,413,218,52.78450363196126,4.983549389374241,4.72143363120395,2.0,43.76513317191283,828.6710439940728
恐慌闪崩,1d,50,5,5,20,5,25.0,49.999999999999986,5.0000000000000036,10.0,43.75,874.9999999999993
RSI超卖,1h,20,3,10,577,185,32.06239168110919,5.650345159590463,2.8449479530612134,6.666666666666667,43.74350086655114,-699.0574307576003
突破买入,4h,30,3,10,242,54,22.31404958677686,14.601632363384537,2.986982402615338,10.0,43.63636363636364,2269.3545593108156
EMA7/25金叉,1d,50,7,5,29,8,27.586206896551722,47.79323494999347,7.000000000000007,7.142857142857143,43.620689655172406,1176.7293979997382
趋势EMA交叉,4h,30,7,5,113,48,42.47787610619469,13.015782992215529,6.195194413432927,4.285714285714286,43.58407079646018,1110.3497337660258
EMA50/200黄金交叉,4h,20,5,5,31,17,54.83870967741935,11.579461285629874,5.000000000000004,4.0,43.54838709677419,634.254209278539
突破买入,4h,15,3,30,271,67,24.723247232472325,11.539249212254223,2.9739952353716967,5.0,43.50553505535056,4993.040076156203
趋势EMA交叉,1h,20,2,10,576,166,28.819444444444443,5.809248153796543,1.9353103597312726,10.0,43.40277777777777,1708.5794604040418
EMA50/200黄金交叉,4h,20,7,5,31,18,58.06451612903226,12.047268991983767,6.574938574938581,2.857142857142857,43.38709677419355,656.8832019075317
放量突破,1d,10,3,25,11,4,36.36363636363637,10.00000000000001,3.000000000000003,3.3333333333333335,43.181818181818194,475.00000000000045
看涨插针,4h,20,7,10,167,70,41.91616766467065,10.718756460457321,6.106255137110304,2.857142857142857,43.17365269461075,1580.0620393231293
恐慌闪崩,1h,200,2,5,19,1,5.263157894736842,1.4053077357425119,2.0000000000000018,100.0,43.1578947368421,-172.97346132128757
突破买入,1h,10,3,25,735,267,36.3265306122449,5.475120625655829,2.749420465845965,3.3333333333333335,43.06122448979592,4378.210725854863
看涨插针,1h,30,3,5,704,247,35.08522727272727,5.4802485554518885,2.79504665019861,10.0,42.890625,381.425370279259
趋势EMA交叉,1d,30,15,5,21,11,52.38095238095239,26.01269034228144,15.0,2.0,42.857142857142875,680.6979688254795
看涨插针,1d,30,3,15,62,11,17.741935483870968,30.0,3.0000000000000036,10.0,42.822580645161295,2654.999999999998
看涨插针,1h,10,3,25,745,270,36.241610738255034,5.236314780986315,2.797275526382797,3.3333333333333335,42.78523489932885,2127.477895861913
放量突破,4h,10,3,30,144,49,34.02777777777778,9.234412893272324,2.9770945001612663,3.3333333333333335,42.708333333333336,5089.86762765071
趋势EMA交叉,1h,15,5,10,423,196,46.335697399527184,5.179406332789649,3.7879164890399455,3.0,42.67139479905437,1553.0659821470344
恐慌闪崩,4h,30,7,10,23,7,30.434782608695656,7.552529701729336,6.6079826358703,4.285714285714286,42.60869565217391,-528.6001426181947
放量突破,1h,15,5,10,445,206,46.29213483146067,5.1459658665880275,3.900035438368726,3.0,42.58426966292135,1279.6049874700814
突破买入,1d,30,2,10,41,8,19.51219512195122,30.000000000000004,2.0000000000000013,15.0,42.4390243902439,1740.0
EMA7/25金叉,1d,15,3,15,34,11,32.35294117647059,14.99999999999999,3.0000000000000044,5.0,42.35294117647058,1439.999999999997
趋势EMA交叉,1h,30,15,5,374,195,52.139037433155075,4.990112158787898,4.510765187671719,2.0,42.31283422459892,828.2245118520118
EMA7/25金叉,1d,30,10,5,26,12,46.15384615384615,26.344966147091323,9.999999999999998,3.0,42.3076923076923,880.6979688254797
恐慌闪崩,1d,50,3,10,22,3,13.636363636363635,49.99999999999999,3.0000000000000027,16.666666666666668,42.272727272727266,929.9999999999994
放量突破,1h,10,3,20,524,206,39.31297709923664,5.39415527786192,2.806737577612319,3.3333333333333335,42.213740458015266,4373.068751176762
RSI超卖,4h,20,5,15,176,55,31.25,12.184813244231853,4.813919503566637,4.0,42.1875,1315.207027517831
看涨插针,4h,50,3,5,241,52,21.57676348547718,13.95521422592585,2.9571446558577037,16.666666666666668,42.17842323651453,833.8539989551917
EMA50/200黄金交叉,1h,15,2,10,156,57,36.53846153846153,5.446185665863759,1.9395910725696164,7.5,42.115384615384606,1184.130667698422
恐慌闪崩,1h,30,5,10,19,5,26.31578947368421,4.345546426940336,4.433877256267948,6.0,42.10526315789473,-403.4654945304959
看涨插针,4h,30,2,15,293,44,15.017064846416384,15.279902448765496,1.9948761885263422,15.0,42.08191126279864,2633.873052039338
趋势EMA交叉,1d,30,2,10,31,6,19.35483870967742,30.000000000000004,2.0000000000000018,15.0,41.935483870967744,1300.0
看涨插针,4h,30,3,10,248,54,21.774193548387096,13.436042213021866,2.9582491750366295,10.0,41.85483870967742,1516.4593954607492
放量突破,1d,15,2,10,11,4,36.36363636363637,14.999999999999986,2.000000000000005,7.5,41.81818181818182,459.999999999999
RSI超卖,1h,15,3,15,579,186,32.12435233160622,5.5590889215975325,2.845342487531796,5.0,41.7357512953368,-1263.4358727428198
恐慌闪崩,4h,150,3,5,27,2,7.4074074074074066,5.282658475967096,3.0000000000000036,50.0,41.66666666666667,-322.17341524032946
恐慌闪崩,4h,75,3,15,27,2,7.4074074074074066,5.282658475967096,3.0000000000000036,25.0,41.666666666666664,-966.5202457209884
突破买入,1d,30,5,15,36,8,22.22222222222222,30.000000000000007,5.000000000000004,6.0,41.66666666666665,1499.999999999999
EMA50/200黄金交叉,1h,15,7,10,142,72,50.70422535211267,4.841047696053814,4.452772996384771,2.142857142857143,41.54929577464788,368.61324368940654
RSI超卖,4h,30,10,5,116,53,45.689655172413794,11.766008916884074,8.468970166685335,3.0,41.379310344827594,450.26676046839964
EMA7/25金叉,1d,50,5,5,29,7,24.137931034482758,47.47798279999254,5.0000000000000036,10.0,41.37931034482759,1111.7293979997387
趋势EMA交叉,1d,20,3,10,29,9,31.03448275862069,19.321267296379148,3.0000000000000044,6.666666666666667,41.37931034482759,1138.9140566741225
突破买入,4h,20,2,25,313,52,16.61341853035144,13.501404642872412,1.9944547574393996,10.0,41.373801916932926,4538.008743442051
放量突破,1h,15,7,10,415,210,50.602409638554214,5.061909552956967,4.4294792425963125,2.142857142857143,41.32530120481927,1549.5776138871925
EMA7/25金叉,1h,15,2,15,694,194,27.953890489913547,5.882686289358155,1.953102090598903,7.5,41.28242074927954,2470.3514225404624
放量突破,1h,10,2,30,608,171,28.125,5.489212420431078,1.9591389292450898,5.0,41.25,2475.3483544083015
看涨插针,4h,20,3,20,259,57,22.00772200772201,12.002485957228345,2.945327441386197,6.666666666666667,41.23552123552123,1783.7111280400793
EMA7/25金叉,1h,20,2,10,691,192,27.785817655571638,5.946869262085092,1.9523437544704638,10.0,41.1287988422576,1675.7936483957608
EMA7/25金叉,1d,10,3,20,36,14,38.88888888888889,10.000000000000009,3.0000000000000044,3.3333333333333335,41.11111111111113,1480.0000000000005
看涨插针,4h,30,15,5,126,65,51.587301587301596,11.431219607183676,8.656989461847473,2.0,41.07142857142859,1074.7645864712154
EMA7/25金叉,1d,20,2,20,38,7,18.421052631578945,19.999999999999993,2.000000000000002,10.0,41.05263157894736,1559.9999999999982
恐慌闪崩,1h,75,2,20,19,1,5.263157894736842,1.4053077357425119,2.0000000000000018,37.5,41.05263157894736,-691.8938452851503
放量突破,1d,15,5,10,11,5,45.45454545454545,14.999999999999986,5.000000000000004,3.0,40.90909090909092,449.9999999999989
放量突破,4h,15,3,20,132,37,28.030303030303028,11.901786556781829,2.9770945001612663,5.0,40.90909090909089,3150.842501712148
放量突破,4h,20,2,15,135,29,21.48148148148148,12.959237714497636,2.000000000000002,10.0,40.8888888888889,2457.268405806469
趋势EMA交叉,1h,15,7,10,393,198,50.38167938931297,4.999065445844257,4.244497423817247,2.142857142857143,40.83969465648855,1621.3796063279979
突破买入,1d,20,2,20,49,9,18.367346938775512,19.999999999999993,2.0000000000000013,10.0,40.81632653061225,1999.9999999999977
EMA50/200黄金交叉,1h,30,15,5,138,71,51.449275362318836,4.962958721181918,4.492206397027964,2.0,40.76086956521738,256.9612030152133
EMA7/25金叉,4h,15,3,30,186,45,24.193548387096776,11.06420730729462,2.981960897358872,5.0,40.64516129032258,2322.9852690197063
EMA50/200黄金交叉,4h,10,3,20,31,12,38.70967741935484,8.942236484825084,3.0000000000000027,3.3333333333333335,40.64516129032258,1006.1367563580189
恐慌闪崩,1d,75,2,30,23,1,4.3478260869565215,74.99999999999999,1.9999999999999998,37.5,40.43478260869565,930.0000000000001
EMA7/25金叉,1h,15,5,10,480,217,45.208333333333336,5.346851246100006,3.7865045196344256,3.0,40.41666666666667,1644.1603173984736
趋势EMA交叉,1d,30,7,5,27,11,40.74074074074074,27.72077979571801,7.000000000000007,4.285714285714286,40.37037037037037,964.6428887644901
RSI超卖,1h,15,2,20,711,168,23.628691983122362,5.7775903783565745,1.965428936195953,7.5,40.33755274261604,-1931.8545758099544
EMA50/200黄金交叉,1h,10,3,15,151,66,43.70860927152318,5.170348902989027,2.598269370170295,3.3333333333333335,40.2317880794702,1805.8519669920115
看涨插针,4h,30,7,5,160,65,40.625,11.511722321794194,6.139044679018588,4.285714285714286,40.15625,825.2635320492834
突破买入,1d,20,3,20,46,10,21.73913043478261,19.389140566741233,3.000000000000003,6.666666666666667,40.0,1717.8281133482442
EMA50/200黄金交叉,4h,20,10,5,30,18,60.0,12.226479003786617,8.457214139720884,2.0,40.0,592.9502619575428
趋势EMA交叉,1d,50,2,5,26,5,19.230769230769234,48.469771228954905,2.000000000000002,25.0,40.0,1001.7442807238726
恐慌闪崩,1d,50,7,5,19,5,26.31578947368421,48.38558871389004,7.000000000000008,7.142857142857143,39.999999999999986,719.6397178472503
趋势EMA交叉,1d,30,5,5,27,10,37.03703703703704,27.49285777528981,5.000000000000002,6.0,39.814814814814824,949.6428887644903
RSI超卖,1h,10,3,30,592,197,33.27702702702703,5.191018330288347,2.8472990855751923,3.3333333333333335,39.78040540540545,-3061.575832061899
EMA50/200黄金交叉,4h,15,3,10,31,12,38.70967741935484,10.648381845316129,3.0000000000000027,5.0,39.677419354838705,707.8058214379349
放量突破,4h,15,2,20,141,33,23.404255319148938,11.656657914265669,2.000000000000002,7.5,39.57446808510638,3373.3942234153374
看涨插针,1d,30,2,15,69,10,14.492753623188406,30.000000000000007,2.0000000000000013,15.0,39.565217391304344,2729.999999999999
看涨插针,4h,20,2,30,305,46,15.081967213114755,13.617338205163145,1.9950740190851712,10.0,39.54098360655739,3290.2015948333647
放量突破,4h,10,2,30,152,42,27.631578947368425,9.106815042151043,2.0000000000000018,5.0,39.47368421052633,4874.58695311031
EMA7/25金叉,1d,15,2,25,38,8,21.052631578947366,14.999999999999988,2.000000000000002,7.5,39.473684210526315,1499.999999999996
看涨插针,1d,20,2,20,72,13,18.055555555555554,19.999999999999996,2.0000000000000013,10.0,39.444444444444436,2839.999999999996
放量突破,1h,15,3,10,511,197,38.551859099804304,5.443828876011082,2.7979698364656795,5.0,39.393346379647745,1938.7175992395976
RSI超卖,1d,50,2,15,45,4,8.88888888888889,50.0,2.000000000000001,25.0,39.33333333333334,1769.999999999999
EMA7/25金叉,1h,10,2,30,707,195,27.58132956152758,5.564975698525712,1.9504509720788263,5.0,39.29278642149928,2596.180905244645
看涨插针,1d,15,3,25,71,18,25.352112676056336,14.999999999999991,3.000000000000003,5.0,39.08450704225351,2774.9999999999914
RSI超卖,4h,75,2,5,259,33,12.741312741312742,15.596171026783209,1.9913460073550637,37.5,39.05405405405405,323.14723110800696
RSI超卖,4h,20,3,20,223,48,21.524663677130047,12.947976366800651,2.9687432398259426,6.666666666666667,39.0134529147982,2039.4559727378241
EMA7/25金叉,4h,30,7,5,125,50,40.0,13.339763498527356,6.187834184417387,4.285714285714286,39.0,1014.5030554753189
RSI超卖,1d,30,3,20,40,6,15.0,30.000000000000004,3.0000000000000018,10.0,39.0,1559.999999999999
看涨插针,1h,30,15,5,464,235,50.646551724137936,5.028841206629077,4.6020398086420915,2.0,38.954741379310356,639.5528368939711
EMA7/25金叉,1d,30,2,10,38,7,18.421052631578945,30.000000000000004,2.000000000000002,15.0,38.94736842105263,1480.0
突破买入,4h,20,7,10,176,71,40.340909090909086,12.554230005146,6.52747781493067,2.857142857142857,38.92045454545455,2059.651597976457
EMA7/25金叉,4h,20,7,10,129,52,40.310077519379846,12.441456367960372,6.2089294004065465,2.857142857142857,38.83720930232559,1688.6816730263538
趋势EMA交叉,1d,15,5,15,29,11,37.93103448275862,14.99999999999999,5.000000000000003,3.0,38.79310344827586,1124.9999999999975
EMA7/25金叉,1h,15,7,10,447,221,49.44071588366891,5.237762613173155,4.3836409123186835,2.142857142857143,38.769574944071586,1668.4269132724478
EMA7/25金叉,1d,50,2,5,32,6,18.75,47.057646599991294,2.0000000000000013,25.0,38.75,1151.7293979997387
趋势EMA交叉,4h,30,15,5,93,47,50.53763440860215,12.76512251056593,8.463069281763781,2.0,38.709677419354826,1053.2978551773253
突破买入,1h,15,5,10,573,254,44.32809773123909,5.567118182066689,3.734031543045291,3.0,38.65619546247819,2228.91956013491
看涨插针,1d,20,3,15,66,16,24.242424242424242,19.999999999999993,3.0000000000000036,6.666666666666667,38.63636363636365,2549.9999999999964
放量突破,1d,20,7,5,11,6,54.54545454545454,19.999999999999996,7.00000000000001,2.857142857142857,38.636363636363626,424.9999999999997
EMA7/25金叉,4h,30,15,5,101,51,50.495049504950494,12.404749349792043,8.39746220873656,2.0,38.613861386138616,1063.8455320128312
RSI超卖,1d,50,7,5,31,8,25.806451612903224,44.211866224125856,7.000000000000006,7.142857142857143,38.54838709677419,963.4746489650337
恐慌闪崩,4h,50,5,5,26,6,23.076923076923077,6.622185540566041,4.78638610869624,10.0,38.46153846153847,-279.97304465264284
放量突破,1h,20,2,10,596,158,26.51006711409396,5.478478419812531,1.9592322193609686,10.0,38.322147651006716,74.55878250275589
趋势EMA交叉,1h,10,3,20,495,187,37.77777777777778,5.116155512843989,2.737031341491758,3.3333333333333335,38.22222222222222,2274.3085544472888
恐慌闪崩,1d,75,3,5,22,3,13.636363636363635,65.65815113796315,3.0000000000000027,25.0,38.18181818181818,699.8722670694468
趋势EMA交叉,4h,20,5,10,125,44,35.199999999999996,11.966859584710882,4.737432253321058,4.0,37.999999999999986,1428.098092082731
趋势EMA交叉,4h,15,3,20,158,43,27.21518987341772,10.83569606776252,3.0000000000000036,5.0,37.9746835443038,2418.6986182757582
EMA7/25金叉,4h,20,2,25,219,35,15.981735159817351,14.151145549367364,2.0000000000000013,10.0,37.899543378995446,3182.252355696436
趋势EMA交叉,4h,20,2,20,181,32,17.67955801104972,13.883495517802942,2.000000000000001,10.0,37.79005524861877,2925.437131393879
突破买入,1d,30,3,10,39,8,20.51282051282051,30.000000000000004,3.000000000000003,10.0,37.69230769230768,1469.9999999999995
放量突破,1h,15,2,15,599,159,26.54424040066778,5.359637689095615,1.9594175274547825,7.5,37.687813021702844,-149.41979270852016
EMA7/25金叉,1d,20,3,10,34,10,29.411764705882355,19.389140566741233,3.0000000000000036,6.666666666666667,37.64705882352942,1218.9140566741223
突破买入,1h,20,2,10,841,220,26.159334126040427,6.203543931333486,1.9402921762352296,10.0,37.55053507728895,1598.5822345128906
趋势EMA交叉,4h,30,2,10,178,32,17.97752808988764,15.929331451972462,2.000000000000001,15.0,37.528089887640455,2177.3860646311864
恐慌闪崩,4h,20,10,5,24,14,58.333333333333336,11.983018055749387,8.257612393819986,2.0,37.500000000000014,425.930644211458
突破买入,1h,30,15,5,478,239,50.0,5.497310949426406,4.41279001680474,2.0,37.5,1296.0025144828905
看涨插针,1d,30,15,5,30,15,50.0,27.24280459343862,12.873815789598032,2.0,37.5,1077.6741602880445
恐慌闪崩,1d,30,3,25,22,3,13.636363636363635,30.0,3.0000000000000027,10.0,37.5,824.9999999999986
恐慌闪崩,1d,30,5,10,20,5,25.0,30.0,5.0000000000000036,6.0,37.5,749.9999999999994
RSI超卖,4h,30,15,5,102,51,50.0,11.799935162783134,9.559825626662496,2.0,37.5,571.227931710763
恐慌闪崩,1d,30,15,5,16,8,50.0,27.593238514950244,14.030215966724551,2.0,37.5,542.5209019290277
RSI超卖,4h,50,3,5,212,42,19.81132075471698,14.5532246032317,2.9678239233502346,16.666666666666668,37.49999999999999,533.5268318309575
趋势EMA交叉,1d,10,2,20,31,10,32.25806451612903,10.00000000000001,2.000000000000002,5.0,37.41935483870967,1160.0000000000014
RSI超卖,1h,30,3,5,573,182,31.762652705061083,5.5950778294782735,2.844551400511498,10.0,37.40837696335079,-469.57716317474956
趋势EMA交叉,4h,50,2,5,176,32,18.181818181818183,18.425892358395757,2.0000000000000013,25.0,37.27272727272728,1508.1427773433202
趋势EMA交叉,1h,15,3,10,487,182,37.37166324435318,5.140039122016431,2.7333486024050475,5.0,37.26899383983572,1018.1579647345109
恐慌闪崩,1h,30,7,5,18,7,38.88888888888889,7.0330433028657575,5.915843780704659,4.285714285714286,36.94444444444446,-79.2148923384547
EMA50/200黄金交叉,1h,10,2,15,156,58,37.17948717948718,5.457923033114303,1.938974654942776,5.0,36.92307692307693,1898.1002960435637
看涨插针,1h,20,2,10,866,224,25.86605080831409,6.081233828906312,1.959845462578301,10.0,36.90531177829099,1039.7559069974452
趋势EMA交叉,1h,10,2,25,587,170,28.960817717206133,5.4607669311083225,1.9363357543317343,5.0,36.88245315161841,3021.959218302039
EMA7/25金叉,1d,10,2,25,38,11,28.947368421052634,10.000000000000012,2.000000000000002,5.0,36.84210526315789,1400.0000000000011
趋势EMA交叉,1d,10,3,15,31,13,41.935483870967744,10.000000000000009,3.0000000000000053,3.3333333333333335,36.774193548387096,1140.000000000001
趋势EMA交叉,1d,15,2,20,31,7,22.58064516129032,14.99999999999999,2.000000000000002,7.5,36.77419354838709,1139.9999999999973
EMA50/200黄金交叉,4h,15,2,20,31,7,22.58064516129032,10.368028244708338,2.000000000000003,7.5,36.77419354838709,491.52395425916563
看涨插针,1h,15,5,10,581,252,43.373493975903614,5.45379267065831,3.8989725130963575,3.0,36.74698795180723,915.9379619719289
趋势EMA交叉,4h,30,5,5,122,43,35.24590163934426,13.22940008356634,4.7307849685950085,6.0,36.68032786885246,975.6609553717344
恐慌闪崩,1d,100,2,15,23,1,4.3478260869565215,100.0,1.9999999999999998,50.0,36.52173913043478,840.0000000000003
RSI超卖,1d,100,2,5,44,4,9.090909090909092,70.31541214319796,2.000000000000001,50.0,36.363636363636374,1006.3082428639589
放量突破,4h,20,5,10,110,38,34.54545454545455,12.394079552384076,4.758949095190711,4.0,36.36363636363637,1283.3068813686368
恐慌闪崩,4h,150,2,10,27,1,3.7037037037037033,6.784116071707838,2.0000000000000027,75.0,36.2962962962963,-452.1588392829224
突破买入,4h,15,3,25,271,67,24.723247232472325,11.539249212254223,2.9739952353716967,5.0,36.254612546125465,4160.866730130169
突破买入,1h,15,2,15,855,222,25.964912280701753,6.119755410006306,1.9409008825314575,7.5,36.210526315789465,1949.9316356848115
趋势EMA交叉,1d,20,5,10,29,10,34.48275862068966,19.389140566741233,5.000000000000003,4.0,36.20689655172415,988.914056674123
趋势EMA交叉,1d,30,3,5,29,9,31.03448275862069,28.210156185268048,3.0000000000000044,10.0,36.206896551724135,969.4570283370617
RSI超卖,4h,30,3,10,215,43,20.0,14.281096249507733,2.968198063776395,10.0,36.0,1035.570717592927
趋势EMA交叉,1h,30,2,5,574,165,28.745644599303137,5.892685311002821,1.9351521943516425,15.0,35.99303135888502,904.0791441282176
突破买入,4h,30,7,5,167,64,38.32335329341318,13.32694913235187,6.449729426050939,4.285714285714286,35.89820359281437,943.0130679363651
RSI超卖,1h,30,15,5,341,168,49.266862170087975,5.3876363672696295,5.008378314987641,2.0,35.850439882697955,193.36730604217934
看涨插针,1d,30,5,10,53,13,24.528301886792452,30.000000000000004,5.000000000000004,6.0,35.84905660377358,1899.999999999999
看涨插针,1h,15,7,10,524,252,48.091603053435115,5.2950302771020406,4.4117066140476675,2.142857142857143,35.80152671755726,1343.634308087487
看涨插针,1h,15,2,15,882,227,25.736961451247165,5.958870960424925,1.9606424228630064,7.5,35.629251700680264,1026.643815617823
放量突破,4h,10,3,25,144,49,34.02777777777778,9.234412893272324,2.9770945001612663,3.3333333333333335,35.59027777777778,4241.556356375591
恐慌闪崩,4h,100,2,20,27,1,3.7037037037037033,6.784116071707838,2.0000000000000027,50.0,35.55555555555554,-904.3176785658447
EMA7/25金叉,1h,15,3,10,580,211,36.37931034482759,5.445333748725731,2.751919935285363,5.0,35.48275862068965,1335.0696486083043
恐慌闪崩,1d,20,3,30,22,4,18.181818181818183,19.999999999999996,3.0000000000000027,6.666666666666667,35.45454545454547,779.9999999999982
放量突破,1d,15,3,10,11,4,36.36363636363637,14.999999999999986,3.000000000000003,5.0,35.45454545454545,389.99999999999915
放量突破,1d,10,2,15,11,4,36.36363636363637,10.00000000000001,2.000000000000005,5.0,35.45454545454545,390.0000000000001
突破买入,1h,15,3,10,687,249,36.24454148471616,5.731737767311486,2.7290146252527876,5.0,35.24017467248909,2318.942981998389
EMA7/25金叉,1h,10,3,20,590,216,36.610169491525426,5.278094625073129,2.76888361280942,3.3333333333333335,35.186440677966104,2090.119356501461
EMA7/25金叉,1d,30,5,5,32,11,34.375,27.720779795718002,5.000000000000003,6.0,35.15625,999.6428887644902
EMA7/25金叉,4h,20,3,15,181,42,23.204419889502763,13.24433519261937,2.981701341925187,6.666666666666667,35.05524861878452,2127.083873436188
恐慌闪崩,1h,20,7,10,18,7,38.88888888888889,5.604471874294328,5.915843780704659,2.857142857142857,35.00000000000001,-258.4297846769095
放量突破,1d,15,7,5,11,7,63.63636363636363,14.999999999999988,7.000000000000011,2.142857142857143,35.0,384.9999999999993
放量突破,1d,10,3,20,11,4,36.36363636363637,10.00000000000001,3.000000000000003,3.3333333333333335,34.54545454545455,380.00000000000034
EMA7/25金叉,1h,30,2,5,690,192,27.82608695652174,6.093577626298798,1.9522480591983162,15.0,34.52173913043478,988.7368538430387
EMA50/200黄金交叉,1h,20,3,5,151,65,43.04635761589404,5.1981987061677835,2.6029406565636637,6.666666666666667,34.503311258278146,570.1500971821542
EMA50/200黄金交叉,1h,20,5,5,145,69,47.58620689655172,5.041087182656901,3.9231923777452193,4.0,34.482758620689665,248.36197447344824
突破买入,1h,10,3,20,735,267,36.3265306122449,5.475120625655829,2.749420465845965,3.3333333333333335,34.44897959183673,3502.56858068389
放量突破,1h,10,2,25,608,171,28.125,5.489212420431078,1.9591389292450898,5.0,34.375,2062.7902953402513
EMA7/25金叉,1d,30,7,5,32,12,37.5,27.910714812741507,7.000000000000007,4.285714285714286,34.375,974.6428887644896
看涨插针,1h,10,3,20,745,270,36.241610738255034,5.236314780986315,2.797275526382797,3.3333333333333335,34.22818791946308,1701.9823166895303
看涨插针,4h,20,5,10,193,65,33.67875647668394,11.111151785840757,4.716737405605336,4.0,34.196891191709824,1184.8247816216622
RSI超卖,4h,15,3,30,235,54,22.97872340425532,11.748879250872514,2.96977937552232,5.0,34.08510638297871,2907.2823773272717
看涨插针,1h,10,2,30,911,238,26.125137211855105,5.547915376960194,1.958885810170254,5.0,34.050493962678374,62.21128415837029
趋势EMA交叉,4h,10,3,30,173,55,31.79190751445087,8.962057767286225,3.000000000000003,3.3333333333333335,33.98843930635839,4167.395316022261
RSI超卖,1h,15,7,10,402,190,47.2636815920398,5.203669296270643,4.770267334306579,2.142857142857143,33.98009950248756,-225.99508581572624
看涨插针,4h,30,5,5,184,62,33.69565217391305,12.047632813289356,4.743332661594897,6.0,33.96739130434783,841.3332485468146
看涨插针,1d,15,2,30,76,14,18.421052631578945,14.999999999999991,2.0000000000000013,7.5,33.94736842105263,2579.9999999999923
突破买入,1h,15,7,10,525,248,47.23809523809524,5.527857946310734,4.063729379499358,2.142857142857143,33.923809523809524,2452.5573256374
恐慌闪崩,1d,200,2,5,23,1,4.3478260869565215,88.77194460755786,1.9999999999999998,100.0,33.913043478260875,223.85972303778937
看涨插针,1h,15,3,10,721,256,35.50624133148405,5.33133844049331,2.810487586371908,5.0,33.9112343966713,579.4591310335021
突破买入,4h,20,3,15,258,59,22.868217054263564,13.111372648597973,2.9877019682999166,6.666666666666667,33.895348837209305,2685.274418633954
趋势EMA交叉,1d,20,2,15,31,6,19.35483870967742,19.999999999999993,2.0000000000000018,10.0,33.87096774193549,1049.9999999999986
EMA7/25金叉,4h,15,3,25,186,45,24.193548387096776,11.06420730729462,2.981960897358872,5.0,33.87096774193547,1935.821057516422
突破买入,1h,10,2,30,918,239,26.034858387799563,5.812778496724719,1.941831422236353,5.0,33.72549019607843,2122.5157505617144
恐慌闪崩,1d,75,2,25,23,1,4.3478260869565215,74.99999999999999,1.9999999999999998,37.5,33.69565217391304,775.0000000000001
恐慌闪崩,1h,100,2,10,19,1,5.263157894736842,1.4053077357425119,2.0000000000000018,50.0,33.68421052631578,-345.94692264257515
RSI超卖,4h,30,2,15,264,35,13.257575757575758,15.725070997721414,1.991459378437749,15.0,33.63636363636363,1414.9993088700749
EMA50/200黄金交叉,1h,10,5,15,145,70,48.275862068965516,5.097847870544723,3.9088349427818216,2.0,33.620689655172406,955.3009534424094
放量突破,4h,15,5,15,116,42,36.206896551724135,11.419200851248036,4.849372459919292,3.0,33.6206896551724,1811.2931057758483
看涨插针,1d,75,2,5,53,6,11.320754716981133,41.99786370518106,2.0000000000000018,37.5,33.58490566037737,789.9359111554315
EMA7/25金叉,1d,30,3,5,34,10,29.411764705882355,28.38914056674124,3.0000000000000036,10.0,33.52941176470589,1059.4570283370617
趋势EMA交叉,4h,15,5,15,130,47,36.15384615384615,10.318217625435752,4.756299597393086,3.0,33.461538461538474,1352.7504271778103
EMA50/200黄金交叉,1h,20,7,5,142,72,50.70422535211267,4.955829827444138,4.452772996384771,2.857142857142857,33.45070422535211,225.62818914521955
恐慌闪崩,1h,30,3,15,19,3,15.789473684210526,3.2665468912883036,2.863524003900972,10.0,33.15789473684211,-540.2511508282595
RSI超卖,1h,10,3,25,592,197,33.27702702702703,5.191018330288347,2.8472990855751923,3.3333333333333335,33.15033783783788,-2551.3131933849154
EMA7/25金叉,4h,50,2,5,211,35,16.587677725118482,18.263244826643522,2.0000000000000013,25.0,33.127962085308056,1436.0678446626152
突破买入,4h,20,2,20,313,52,16.61341853035144,13.501404642872412,1.9944547574393996,10.0,33.099041533546334,3630.406994753641
放量突破,4h,20,3,10,124,34,27.419354838709676,12.924551730266648,2.9758219723924477,6.666666666666667,33.064516129032256,1716.1078131374577
看涨插针,4h,20,2,25,305,46,15.081967213114755,13.617338205163145,1.9950740190851712,10.0,32.950819672131146,2741.8346623611374
放量突破,4h,10,2,25,152,42,27.631578947368425,9.106815042151043,2.0000000000000018,5.0,32.89473684210528,4062.1557942585914
突破买入,4h,50,2,5,279,46,16.48745519713262,17.290934311214905,1.9937883763591562,25.0,32.867383512544805,1654.151433121012
放量突破,1h,20,7,5,412,207,50.24271844660194,5.1250140018326995,4.4294792425963125,2.857142857142857,32.82766990291262,764.1732682356235
放量突破,4h,30,5,5,106,35,33.0188679245283,13.833722612054986,4.755554012024382,6.0,32.783018867924525,732.6797828409668
EMA7/25金叉,4h,20,5,10,145,48,33.10344827586207,12.223976689415826,4.73331896368216,4.0,32.758620689655174,1276.1894161479
EMA7/25金叉,1h,10,2,25,707,195,27.58132956152758,5.564975698525712,1.9504509720788263,5.0,32.74398868458273,2163.484087703871
趋势EMA交叉,1h,20,7,5,391,196,50.127877237851656,5.126575673189743,4.2091389127321,2.857142857142857,32.67263427109974,920.1337198121505
放量突破,1h,30,2,5,593,158,26.644182124789207,5.515598629969504,1.9589510622531132,15.0,32.63069139966273,96.60435727538783
趋势EMA交叉,1h,20,5,5,421,194,46.080760095011875,5.343114070233852,3.766353010354467,4.0,32.60095011876486,908.0099813745169
看涨插针,1d,20,7,10,50,19,38.0,19.999999999999993,7.000000000000005,2.857142857142857,32.6,1629.9999999999975
放量突破,4h,20,10,5,89,49,55.0561797752809,9.92463044735097,7.36677823881943,2.0,32.58426966292134,958.1788118371014
EMA7/25金叉,4h,30,2,10,213,35,16.431924882629108,15.98067485505651,2.0000000000000013,15.0,32.58215962441315,2033.2361992697759
RSI超卖,4h,20,2,30,271,38,14.022140221402212,14.007659463857516,1.9916059985504058,10.0,32.546125461254604,2047.4058589302324
EMA7/25金叉,4h,30,5,5,140,46,32.857142857142854,13.319224963700478,4.724807866778399,6.0,32.499999999999986,842.762044265263
趋势EMA交叉,1d,20,7,10,29,11,37.93103448275862,19.44467324249203,7.000000000000007,2.857142857142857,32.41379310344827,878.9140566741221
放量突破,1h,20,5,5,442,203,45.92760180995475,5.17491949493744,3.900035438368726,4.0,32.40950226244344,592.0009385108739
RSI超卖,1h,15,5,10,459,189,41.17647058823529,5.598413309590196,4.059821954526724,3.0,32.35294117647058,-380.51812209668594
EMA50/200黄金交叉,4h,10,5,10,31,17,54.83870967741935,8.483324526307857,5.000000000000004,2.0,32.258064516129025,742.1651694723355
突破买入,1d,50,2,5,37,6,16.216216216216218,46.31331902045224,2.000000000000001,25.0,32.16216216216217,1079.399570613567
看涨插针,1d,20,5,15,56,16,28.57142857142857,19.999999999999993,5.000000000000004,4.0,32.14285714285713,1799.9999999999957
趋势EMA交叉,1d,15,3,10,29,10,34.48275862068966,14.99999999999999,3.000000000000005,5.0,32.06896551724138,929.9999999999983
突破买入,1h,30,2,5,834,219,26.258992805755394,6.291593086283545,1.939709660881427,15.0,32.01438848920863,924.6872222700932
RSI超卖,1h,20,2,10,709,167,23.554301833568406,5.866842585403146,1.9653651519453919,10.0,31.819464033850494,-854.6520059207706
放量突破,1d,20,5,5,11,5,45.45454545454545,19.999999999999996,5.000000000000004,4.0,31.81818181818182,349.9999999999999
放量突破,1h,10,3,15,524,206,39.31297709923664,5.39415527786192,2.806737577612319,3.3333333333333335,31.660305343511453,3279.8015633825717
RSI超卖,1d,50,5,5,34,7,20.588235294117645,49.108449121120906,5.000000000000005,10.0,31.61764705882353,1043.7957192392312
EMA7/25金叉,1h,20,7,5,444,219,49.32432432432432,5.2762646731816965,4.341368606766305,2.857142857142857,31.587837837837828,893.4701345218626
EMA7/25金叉,1d,15,2,20,38,8,21.052631578947366,14.999999999999988,2.000000000000002,7.5,31.578947368421055,1199.9999999999968
突破买入,4h,30,2,10,298,48,16.10738255033557,15.520577652955865,1.9942107667667335,15.0,31.54362416107383,2464.350356501981
放量突破,4h,15,7,10,104,48,46.15384615384615,10.01973160224753,6.287833027059635,2.142857142857143,31.538461538461526,1288.2846739254187
看涨插针,1h,30,2,5,859,223,25.960419091967402,6.169235394379462,1.9594666461875303,15.0,31.536670547147843,647.5935298567542
突破买入,1d,50,7,5,30,7,23.333333333333332,39.186517468321874,7.000000000000006,7.142857142857143,31.499999999999993,566.5281113912648
EMA7/25金叉,1h,20,5,5,476,215,45.168067226890756,5.41688260953393,3.7584512605450207,4.0,31.460084033613445,918.3699102377236
看涨插针,1d,15,3,20,71,18,25.352112676056336,14.999999999999991,3.000000000000003,5.0,31.26760563380281,2219.999999999993
看涨插针,1d,50,5,5,44,9,20.454545454545457,43.385711552707804,5.000000000000004,10.0,31.250000000000004,1077.3570198718503
看涨插针,1d,10,3,30,74,23,31.08108108108108,10.000000000000009,3.0000000000000027,3.3333333333333335,31.216216216216218,2310.000000000002
趋势EMA交叉,4h,15,2,30,185,33,17.83783783783784,11.590008059156936,2.000000000000001,7.5,30.972972972972975,2354.107978565361
看涨插针,4h,20,3,15,259,57,22.00772200772201,12.002485957228345,2.945327441386197,6.666666666666667,30.92664092664093,1337.7833460300594
EMA7/25金叉,1d,15,5,15,34,12,35.294117647058826,14.999999999999991,5.000000000000003,3.0,30.882352941176485,1049.9999999999973
EMA7/25金叉,1d,20,5,10,34,11,32.35294117647059,19.44467324249203,5.000000000000003,4.0,30.882352941176464,988.9140566741229
EMA7/25金叉,1d,10,3,15,36,14,38.88888888888889,10.000000000000009,3.0000000000000044,3.3333333333333335,30.833333333333346,1110.0000000000005
EMA7/25金叉,1d,20,2,15,38,7,18.421052631578945,19.999999999999993,2.000000000000002,10.0,30.789473684210527,1169.9999999999986
恐慌闪崩,1h,75,2,15,19,1,5.263157894736842,1.4053077357425119,2.0000000000000018,37.5,30.789473684210524,-518.9203839638627
恐慌闪崩,4h,30,5,10,26,6,23.076923076923077,8.474284193868595,4.78638610869624,6.0,30.769230769230766,-448.82017010713236
突破买入,1d,50,10,5,26,7,26.923076923076923,37.610331965539906,9.999999999999996,5.0,30.769230769230766,366.36161879389715
RSI超卖,1d,20,3,30,40,7,17.5,20.0,3.0000000000000018,6.666666666666667,30.750000000000014,1229.999999999998
放量突破,4h,15,3,15,132,37,28.030303030303028,11.901786556781829,2.9770945001612663,5.0,30.681818181818173,2363.131876284111
放量突破,1h,10,5,15,458,215,46.943231441048034,5.068515460055906,3.8825636381668045,2.0,30.622270742358083,2194.0178975622944
突破买入,1d,20,2,15,49,9,18.367346938775512,19.999999999999993,2.0000000000000013,10.0,30.61224489795918,1499.9999999999982
EMA50/200黄金交叉,4h,10,3,15,31,12,38.70967741935484,8.942236484825084,3.0000000000000027,3.3333333333333335,30.483870967741932,754.6025672685142
突破买入,1d,50,3,5,35,6,17.142857142857142,46.31331902045224,3.0000000000000036,16.666666666666668,30.428571428571423,954.3995706135667
RSI超卖,1d,15,5,15,37,13,35.13513513513514,14.999999999999991,5.000000000000004,3.0,30.405405405405396,1124.9999999999968
EMA7/25金叉,4h,20,2,20,219,35,15.981735159817351,14.151145549367364,2.0000000000000013,10.0,30.319634703196343,2545.801884557149
RSI超卖,1h,15,2,15,711,168,23.628691983122362,5.7775903783565745,1.965428936195953,7.5,30.25316455696203,-1448.8909318574658
EMA50/200黄金交叉,1h,20,2,5,156,57,36.53846153846153,5.582263413067366,1.9395910725696164,10.0,30.192307692307686,630.8474918022391
RSI超卖,4h,30,7,5,142,50,35.2112676056338,12.039665308927422,6.425146535414908,4.285714285714286,30.140845070422536,54.348920940997786
突破买入,1h,20,5,5,567,250,44.091710758377424,5.5547208653625075,3.731094801349999,4.0,30.11463844797177,1029.615821563386
突破买入,1d,15,2,30,51,9,17.647058823529413,14.999999999999993,2.000000000000001,7.5,30.000000000000014,1529.9999999999964
放量突破,1d,20,2,5,11,4,36.36363636363637,19.999999999999996,2.000000000000005,10.0,30.000000000000004,329.9999999999998
突破买入,1d,50,5,5,35,7,20.0,43.8417233387458,5.000000000000004,10.0,30.0,834.4603168561025
恐慌闪崩,1d,10,2,30,24,6,25.0,10.000000000000005,2.0,5.0,30.0,720.0000000000008
看涨插针,1d,10,2,30,80,20,25.0,10.000000000000009,2.0000000000000013,5.0,30.0,2400.000000000002
恐慌闪崩,1d,30,3,20,22,3,13.636363636363635,30.0,3.0000000000000027,10.0,30.0,659.9999999999989
恐慌闪崩,4h,15,10,5,25,16,64.0,12.076061649567318,8.064013770911094,1.5,30.0,603.2043122743862
突破买入,1d,20,3,15,46,10,21.73913043478261,19.389140566741233,3.000000000000003,6.666666666666667,30.0,1288.3710850111831
RSI超卖,1d,30,5,10,35,8,22.857142857142858,28.02462777921241,5.000000000000005,6.0,30.0,891.9702223369915
恐慌闪崩,1h,150,2,5,19,1,5.263157894736842,1.4053077357425119,2.0000000000000018,75.0,30.0,-172.97346132128757
EMA7/25金叉,1h,20,10,5,422,225,53.317535545023695,5.104502462139612,4.399200313408525,2.0,29.976303317535553,1409.3529611996657
突破买入,4h,15,2,30,329,58,17.62917933130699,12.347712934144186,1.994659378936101,7.5,29.908814589665653,5268.43975466038
EMA50/200黄金交叉,4h,15,5,5,31,17,54.83870967741935,10.570015369007416,5.000000000000004,3.0,29.838709677419352,548.4513063656302
趋势EMA交叉,4h,20,3,10,154,40,25.97402597402597,12.94895341346953,3.0000000000000036,6.666666666666667,29.740259740259738,1759.5813653878076
放量突破,4h,15,2,15,141,33,23.404255319148938,11.656657914265669,2.000000000000002,7.5,29.680851063829785,2530.0456675615033
EMA50/200黄金交叉,4h,20,2,10,31,7,22.58064516129032,12.509161195584543,2.000000000000003,10.0,29.677419354838705,395.6412836909174
趋势EMA交叉,1h,10,5,15,430,200,46.51162790697674,5.042418816129811,3.8272425295189794,2.0,29.651162790697683,1923.269721548954
看涨插针,1h,20,7,5,516,247,47.86821705426357,5.306680805230456,4.351237858101469,2.857142857142857,29.622093023255815,701.3358753131382
突破买入,4h,20,5,10,201,64,31.8407960199005,13.273873103827334,4.811441137654107,4.0,29.601990049751237,1903.6044278633667
看涨插针,1d,20,2,15,72,13,18.055555555555554,19.999999999999996,2.0000000000000013,10.0,29.583333333333325,2129.999999999997
放量突破,1h,20,10,5,394,209,53.045685279187815,4.840885666759815,4.398380651682043,2.0,29.568527918781722,990.2234189581168
恐慌闪崩,1d,20,3,25,22,4,18.181818181818183,19.999999999999996,3.0000000000000027,6.666666666666667,29.545454545454568,649.9999999999985
放量突破,1d,15,10,5,11,7,63.63636363636363,14.999999999999988,9.999999999999998,1.5,29.545454545454543,324.99999999999955
EMA50/200黄金交叉,4h,20,3,5,31,12,38.70967741935484,11.987920180652237,3.0000000000000027,6.666666666666667,29.516129032258064,434.275210839134
趋势EMA交叉,1h,10,2,20,587,170,28.960817717206133,5.4607669311083225,1.9363357543317343,5.0,29.50596252129472,2417.5673746416314
趋势EMA交叉,1h,15,2,10,577,168,29.116117850953206,5.6262616834838965,1.9397852253091092,7.5,29.497400346620445,1518.3980567386902
EMA7/25金叉,1d,10,2,20,38,11,28.947368421052634,10.000000000000012,2.000000000000002,5.0,29.473684210526322,1120.000000000001
RSI超卖,4h,20,3,15,223,48,21.524663677130047,12.947976366800651,2.9687432398259426,6.666666666666667,29.26008968609866,1529.5919795533682
RSI超卖,1d,30,3,15,40,6,15.0,30.000000000000004,3.0000000000000018,10.0,29.25,1169.9999999999993
RSI超卖,1d,20,5,15,36,10,27.77777777777778,19.999999999999996,5.000000000000004,4.0,29.166666666666664,1049.999999999998
看涨插针,1d,50,3,5,48,8,16.666666666666664,38.208055543922164,3.0000000000000036,16.666666666666668,29.166666666666657,928.3222217568858
突破买入,4h,15,3,20,271,67,24.723247232472325,11.539249212254223,2.9739952353716967,5.0,29.003690036900373,3328.6933841041355
放量突破,4h,30,3,5,120,32,26.666666666666668,15.658530999455449,2.975272471765003,10.0,29.0,1196.2450723362708
EMA50/200黄金交叉,4h,15,7,5,31,18,58.06451612903226,10.816125626284784,6.574938574938581,2.142857142857143,28.87096774193549,546.0802989946226
突破买入,1h,20,7,5,519,245,47.20616570327553,5.536512302809271,4.050455607241165,2.857142857142857,28.72832369942197,1233.1033890209594
恐慌闪崩,1d,10,3,30,23,7,30.434782608695656,10.000000000000005,3.0000000000000018,3.3333333333333335,28.695652173913054,660.0000000000002
突破买入,1d,30,7,10,30,8,26.666666666666668,30.000000000000004,7.000000000000006,4.285714285714286,28.666666666666664,859.9999999999987
趋势EMA交叉,1h,10,3,15,495,187,37.77777777777778,5.116155512843989,2.737031341491758,3.3333333333333335,28.666666666666664,1705.7314158354666
看涨插针,1h,20,5,5,571,245,42.90718038528897,5.527032637880931,3.851736625275509,4.0,28.63397548161121,492.2842822050608
看涨插针,1d,30,3,10,62,11,17.741935483870968,30.0,3.0000000000000036,10.0,28.5483870967742,1769.9999999999989
RSI超卖,1h,10,2,30,724,178,24.585635359116022,5.45080706855041,1.9656188870959752,5.0,28.50828729281769,-3089.5276245728815
趋势EMA交叉,4h,15,3,15,158,43,27.21518987341772,10.83569606776252,3.0000000000000036,5.0,28.481012658227854,1814.023963706819
放量突破,4h,10,3,20,144,49,34.02777777777778,9.234412893272324,2.9770945001612663,3.3333333333333335,28.47222222222223,3393.2450851004733
看涨插针,4h,50,2,5,284,42,14.788732394366196,15.378898393481226,1.9947279791035506,25.0,28.45070422535211,815.9478079157611
看涨插针,4h,15,3,30,269,59,21.933085501858738,10.595769477370933,2.947410205523866,5.0,28.43866171003718,185.82768014620166
RSI超卖,4h,15,3,25,235,54,22.97872340425532,11.748879250872514,2.96977937552232,5.0,28.40425531914893,2422.735314439393
放量突破,1h,20,3,5,509,192,37.721021611001966,5.363787326100911,2.799881793849285,6.666666666666667,28.379174852652262,711.4231898057575
看涨插针,1h,10,2,25,911,238,26.125137211855105,5.547915376960194,1.958885810170254,5.0,28.375411635565314,51.84273679864191
趋势EMA交叉,4h,20,2,15,181,32,17.67955801104972,13.883495517802942,2.000000000000001,10.0,28.34254143646408,2194.0778485454093
趋势EMA交叉,4h,10,3,25,173,55,31.79190751445087,8.962057767286225,3.000000000000003,3.3333333333333335,28.323699421965316,3472.829430018551
看涨插针,1d,15,2,25,76,14,18.421052631578945,14.999999999999991,2.0000000000000013,7.5,28.289473684210527,2149.9999999999936
EMA7/25金叉,1d,15,3,10,34,11,32.35294117647059,14.99999999999999,3.0000000000000044,5.0,28.235294117647054,959.999999999998
趋势EMA交叉,1h,20,10,5,380,198,52.10526315789473,5.063895492017571,4.272710959260064,2.0,28.1578947368421,1125.0895641707368
RSI超卖,4h,20,5,10,176,55,31.25,12.184813244231853,4.813919503566637,4.0,28.125,876.8046850118873
EMA7/25金叉,1d,30,15,5,24,11,45.83333333333333,26.93543950021514,15.000000000000002,2.0,28.12499999999998,506.44917251183267
RSI超卖,1h,20,7,5,400,187,46.75,5.396208971041056,4.780735562784013,2.857142857142857,28.112500000000008,-46.027986441586606
突破买入,1h,10,2,25,918,239,26.034858387799563,5.812778496724719,1.941831422236353,5.0,28.1045751633987,1768.7631254680955
趋势EMA交叉,1d,10,2,15,31,10,32.25806451612903,10.00000000000001,2.000000000000002,5.0,28.064516129032253,870.0000000000009
看涨插针,4h,30,2,10,293,44,15.017064846416384,15.279902448765496,1.9948761885263422,15.0,28.054607508532428,1755.9153680262252
RSI超卖,1d,30,7,10,34,9,26.47058823529412,28.244113581522143,7.000000000000007,4.285714285714286,27.941176470588225,791.970222336991
RSI超卖,4h,20,7,10,149,54,36.241610738255034,11.903779483181571,6.443299802717595,2.857142857142857,27.852348993288587,306.9061083363322
RSI超卖,1h,15,3,10,579,186,32.12435233160622,5.5590889215975325,2.845342487531796,5.0,27.82383419689119,-842.2905818285466
EMA7/25金叉,1h,10,5,15,486,222,45.67901234567901,5.099034721744919,3.84480724646081,2.0,27.7777777777778,1754.3489274257759
恐慌闪崩,1d,30,10,5,18,7,38.88888888888889,30.0,9.999999999999998,3.0,27.77777777777779,500.0000000000001
恐慌闪崩,4h,75,3,10,27,2,7.4074074074074066,5.282658475967096,3.0000000000000036,25.0,27.77777777777778,-644.3468304806589
恐慌闪崩,4h,50,3,30,27,2,7.4074074074074066,5.282658475967096,3.0000000000000036,16.666666666666668,27.77777777777777,-1933.0404914419769
突破买入,1d,30,5,10,36,8,22.22222222222222,30.000000000000007,5.000000000000004,6.0,27.77777777777777,999.9999999999994
趋势EMA交叉,1h,20,3,5,485,180,37.11340206185567,5.2973178022778455,2.7238570953178223,6.666666666666667,27.680412371134025,613.7039516903819
趋势EMA交叉,4h,30,3,5,151,39,25.82781456953642,14.118134109024577,3.000000000000004,10.0,27.6158940397351,1073.036151259791
EMA50/200黄金交叉,4h,15,2,15,31,7,22.58064516129032,10.368028244708338,2.000000000000003,7.5,27.580645161290313,368.64296569437425
趋势EMA交叉,1d,15,2,15,31,7,22.58064516129032,14.99999999999999,2.000000000000002,7.5,27.580645161290313,854.9999999999978
EMA7/25金叉,1h,15,2,10,694,194,27.953890489913547,5.882686289358155,1.953102090598903,7.5,27.521613832853024,1646.9009483603081
放量突破,1h,10,2,20,608,171,28.125,5.489212420431078,1.9591389292450898,5.0,27.5,1650.232236272201
RSI超卖,1h,30,2,5,704,165,23.4375,5.624632498362311,1.9651723791361826,15.0,27.5,-655.8177506231052
突破买入,4h,30,5,5,190,57,30.0,14.787114111585899,4.7735755761958405,6.0,27.5,1039.8997636317463
突破买入,1h,10,5,15,606,276,45.54455445544555,5.277936621083774,3.788694223858364,2.0,27.475247524752476,3096.6212031879218
恐慌闪崩,4h,200,2,5,27,1,3.7037037037037033,6.784116071707838,2.0000000000000027,100.0,27.4074074074074,-226.0794196414612
恐慌闪崩,1d,15,3,30,23,5,21.73913043478261,14.999999999999995,3.0000000000000018,5.0,27.39130434782608,629.9999999999978
恐慌闪崩,1d,30,7,10,19,5,26.31578947368421,30.0,7.000000000000008,4.285714285714286,27.368421052631568,519.9999999999989
放量突破,1d,10,5,15,11,5,45.45454545454545,10.000000000000007,5.000000000000004,2.0,27.272727272727266,300.0000000000003
放量突破,4h,20,2,10,135,29,21.48148148148148,12.959237714497636,2.000000000000002,10.0,27.259259259259267,1638.1789372043127
恐慌闪崩,4h,20,7,10,25,9,36.0,11.405235085374995,6.6079826358703,2.857142857142857,27.199999999999996,-30.806064055498577
RSI超卖,4h,20,2,25,271,38,14.022140221402212,14.007659463857516,1.9916059985504058,10.0,27.121771217712173,1706.171549108527
EMA7/25金叉,4h,15,3,20,186,45,24.193548387096776,11.06420730729462,2.981960897358872,5.0,27.096774193548384,1548.6568460131375
恐慌闪崩,1d,75,2,20,23,1,4.3478260869565215,74.99999999999999,1.9999999999999998,37.5,26.956521739130437,620.0000000000001
恐慌闪崩,1h,50,3,5,19,3,15.789473684210526,3.2665468912883036,2.863524003900972,16.666666666666668,26.842105263157894,-180.08371694275314
EMA50/200黄金交叉,1h,10,3,10,151,66,43.70860927152318,5.170348902989027,2.598269370170295,3.3333333333333335,26.821192052980134,1203.9013113280078
放量突破,1d,20,3,5,11,4,36.36363636363637,19.999999999999996,3.000000000000003,6.666666666666667,26.81818181818182,294.9999999999998
EMA7/25金叉,1h,20,3,5,576,209,36.28472222222222,5.526115107328462,2.7426799631027117,6.666666666666667,26.727430555555554,741.9725548647657
恐慌闪崩,4h,100,2,15,27,1,3.7037037037037033,6.784116071707838,2.0000000000000027,50.0,26.66666666666666,-678.2382589243836
趋势EMA交叉,1d,10,5,15,31,14,45.16129032258064,10.000000000000009,5.000000000000002,2.0,26.61290322580644,825.0000000000018
突破买入,1h,20,3,5,675,244,36.148148148148145,5.632312466913748,2.712649144866792,6.666666666666667,26.57037037037037,1025.6623024468336
RSI超卖,1h,10,3,20,592,197,33.27702702702703,5.191018330288347,2.8472990855751923,3.3333333333333335,26.520270270270288,-2041.0505547079324
EMA7/25金叉,1h,10,3,15,590,216,36.610169491525426,5.278094625073129,2.76888361280942,3.3333333333333335,26.389830508474578,1567.5895173760957
看涨插针,1d,30,2,10,69,10,14.492753623188406,30.000000000000007,2.0000000000000013,15.0,26.3768115942029,1819.9999999999995
看涨插针,4h,20,2,20,305,46,15.081967213114755,13.617338205163145,1.9950740190851712,10.0,26.360655737704924,2193.46772988891
EMA7/25金叉,4h,15,5,15,151,51,33.77483443708609,10.46697537496859,4.769370739237701,3.0,26.324503311258276,853.180052994421
放量突破,4h,10,2,20,152,42,27.631578947368425,9.106815042151043,2.0000000000000018,5.0,26.31578947368422,3249.7246354068734
RSI超卖,1h,20,5,5,456,187,41.00877192982456,5.786842231615897,4.05632686885582,4.0,26.260964912280702,-45.06215205021341
RSI超卖,1d,50,2,10,45,4,8.88888888888889,50.0,2.000000000000001,25.0,26.22222222222222,1179.9999999999995
EMA7/25金叉,1h,10,2,20,707,195,27.58132956152758,5.564975698525712,1.9504509720788263,5.0,26.19519094766618,1730.7872701630968
EMA50/200黄金交叉,4h,30,2,5,31,7,22.58064516129032,14.05330565986418,2.000000000000003,15.0,26.129032258064512,251.86569809524585
恐慌闪崩,1d,20,2,30,23,3,13.043478260869565,19.999999999999996,1.9999999999999993,10.0,26.086956521739133,600.0
EMA50/200黄金交叉,1h,20,10,5,140,71,50.71428571428571,4.851286961398653,4.694550415813078,2.0,26.071428571428562,102.58697784100995
看涨插针,1d,10,3,25,74,23,31.08108108108108,10.000000000000009,3.0000000000000027,3.3333333333333335,26.01351351351351,1925.0000000000014
看涨插针,1h,20,10,5,482,244,50.62240663900415,5.117255996659162,4.7166252753887985,2.0,25.93360995850622,630.2682382115086
放量突破,1d,10,3,15,11,4,36.36363636363637,10.00000000000001,3.000000000000003,3.3333333333333335,25.90909090909091,285.0000000000003
趋势EMA交叉,1d,15,5,10,29,11,37.93103448275862,14.99999999999999,5.000000000000003,3.0,25.86206896551724,749.9999999999983
突破买入,1h,10,3,15,735,267,36.3265306122449,5.475120625655829,2.749420465845965,3.3333333333333335,25.836734693877556,2626.9264355129176
看涨插针,1h,20,3,5,710,252,35.49295774647888,5.388380606550479,2.8019528197159853,6.666666666666667,25.81690140845071,372.8876071039979
趋势EMA交叉,4h,15,2,25,185,33,17.83783783783784,11.590008059156936,2.000000000000001,7.5,25.81081081081082,1961.7566488044672
RSI超卖,1d,50,3,5,39,6,15.384615384615385,50.0,3.0000000000000018,16.666666666666668,25.769230769230766,1004.9999999999998
看涨插针,1d,20,3,10,66,16,24.242424242424242,19.999999999999993,3.0000000000000036,6.666666666666667,25.757575757575758,1699.9999999999975
放量突破,4h,20,7,5,100,45,45.0,10.76066570607416,6.1640512880630025,2.857142857142857,25.749999999999996,726.0356796493603
RSI超卖,4h,30,5,5,169,49,28.994082840236686,12.383412505377049,4.812368832763026,6.0,25.739644970414197,146.51476415956128
看涨插针,1h,10,3,15,745,270,36.241610738255034,5.236314780986315,2.797275526382797,3.3333333333333335,25.671140939597304,1276.4867375171477
RSI超卖,1d,20,3,25,40,7,17.5,20.0,3.0000000000000018,6.666666666666667,25.625000000000007,1024.9999999999982
恐慌闪崩,4h,75,2,30,27,1,3.7037037037037033,6.784116071707838,2.0000000000000027,37.5,25.55555555555555,-1356.4765178487671
看涨插针,1h,10,5,15,607,271,44.64579901153213,5.2537377910111065,3.878253858616538,2.0,25.45304777594729,1810.0446730327953
RSI超卖,1d,30,2,30,45,4,8.88888888888889,30.000000000000004,2.000000000000001,15.0,25.33333333333335,1139.9999999999989
EMA7/25金叉,1d,20,7,10,34,12,35.294117647058826,19.490950472284364,7.0000000000000036,2.857142857142857,25.294117647058826,798.9140566741219
放量突破,1h,15,2,10,599,159,26.54424040066778,5.359637689095615,1.9594175274547825,7.5,25.125208681135227,-99.61319513901344
突破买入,1d,10,2,30,55,13,23.636363636363637,10.000000000000007,2.0000000000000013,5.0,25.090909090909086,1380.0000000000014
突破买入,1d,15,2,25,51,9,17.647058823529413,14.999999999999993,2.000000000000001,7.5,25.000000000000014,1274.999999999997
RSI超卖,1d,75,2,5,44,4,9.090909090909092,63.93285477376206,2.000000000000001,37.5,25.000000000000004,878.6570954752409
恐慌闪崩,1d,10,2,25,24,6,25.0,10.000000000000005,2.0,5.0,25.0,600.0000000000006
看涨插针,4h,20,10,5,148,74,50.0,10.91730452784814,7.6787456487770545,2.0,25.0,1198.266785256301
看涨插针,1d,10,2,25,80,20,25.0,10.000000000000009,2.0000000000000013,5.0,25.0,2000.0000000000014
EMA50/200黄金交叉,4h,15,10,5,30,18,60.0,10.995335638087633,8.457214139720884,1.5,25.0,482.1473590446339
突破买入,4h,20,10,5,146,73,50.0,11.863201531448192,7.622142651453541,2.0,25.0,1547.9864911980471
恐慌闪崩,1d,15,2,30,24,4,16.666666666666664,14.999999999999991,2.0,7.5,24.999999999999986,599.999999999999
突破买入,4h,15,2,25,329,58,17.62917933130699,12.347712934144186,1.994659378936101,7.5,24.924012158054715,4390.366462216983
突破买入,4h,20,2,15,313,52,16.61341853035144,13.501404642872412,1.9944547574393996,10.0,24.824281150159756,2722.8052460652307
EMA50/200黄金交叉,1h,10,2,10,156,58,37.17948717948718,5.457923033114303,1.938974654942776,5.0,24.61538461538462,1265.4001973623758
趋势EMA交叉,4h,15,7,10,121,52,42.97520661157025,10.194371835854414,6.127703558154871,2.142857142857143,24.545454545454547,1072.9578995174334
趋势EMA交叉,1d,10,3,10,31,13,41.935483870967744,10.000000000000009,3.0000000000000053,3.3333333333333335,24.516129032258068,760.0000000000006
看涨插针,4h,15,5,15,205,68,33.170731707317074,10.506996344541209,4.735345897207906,3.0,24.512195121951237,986.0004526697867
恐慌闪崩,1d,20,7,10,20,7,35.0,20.0,7.000000000000009,2.857142857142857,24.5,489.9999999999988
恐慌闪崩,1d,100,2,10,23,1,4.3478260869565215,100.0,1.9999999999999998,50.0,24.347826086956523,560.0000000000002
突破买入,1h,20,10,5,487,241,49.48665297741273,5.414620996677878,4.175435573196878,2.0,24.229979466119094,1388.8325459646842
突破买入,1h,15,2,10,855,222,25.964912280701753,6.119755410006306,1.9409008825314575,7.5,24.14035087719298,1299.9544237898745
恐慌闪崩,1d,10,3,25,23,7,30.434782608695656,10.000000000000005,3.0000000000000018,3.3333333333333335,23.91304347826088,550.0000000000002
RSI超卖,4h,50,2,5,261,34,13.026819923371647,16.1036993978573,1.9913841306706805,25.0,23.86973180076628,477.4079093245193
RSI超卖,1h,10,2,25,724,178,24.585635359116022,5.45080706855041,1.9656188870959752,5.0,23.756906077348077,-2574.6063538107346
看涨插针,1h,15,2,10,882,227,25.736961451247165,5.958870960424925,1.9606424228630064,7.5,23.75283446712018,684.429210411882
EMA50/200黄金交叉,1h,15,3,5,151,65,43.04635761589404,5.078868989389235,2.6029406565636637,5.0,23.741721854304636,531.3679392291261
看涨插针,4h,15,3,25,269,59,21.933085501858738,10.595769477370933,2.947410205523866,5.0,23.69888475836433,154.8564001218347
放量突破,4h,30,2,5,133,28,21.052631578947366,15.503550370878953,2.000000000000002,15.0,23.68421052631579,1120.4970519230524
EMA7/25金叉,1d,15,2,15,38,8,21.052631578947366,14.999999999999988,2.000000000000002,7.5,23.68421052631579,899.9999999999975
恐慌闪崩,1h,20,5,15,19,5,26.31578947368421,6.044898926063477,4.433877256267948,4.0,23.68421052631578,-477.7468043615083
恐慌闪崩,1d,20,3,20,22,4,18.181818181818183,19.999999999999996,3.0000000000000027,6.666666666666667,23.636363636363654,519.9999999999987
放量突破,1d,10,2,10,11,4,36.36363636363637,10.00000000000001,2.000000000000005,5.0,23.63636363636364,260.00000000000006
趋势EMA交叉,4h,10,2,30,198,46,23.232323232323232,9.197397031462263,2.0000000000000013,5.0,23.636363636363626,3572.4079034179194
看涨插针,1d,15,3,15,71,18,25.352112676056336,14.999999999999991,3.000000000000003,5.0,23.450704225352112,1664.999999999995
EMA7/25金叉,4h,20,3,10,181,42,23.204419889502763,13.24433519261937,2.981701341925187,6.666666666666667,23.370165745856344,1418.0559156241252
EMA7/25金叉,4h,30,3,5,177,41,23.163841807909606,14.826559621960065,2.98129769505589,10.0,23.220338983050848,1012.1622898638083
RSI超卖,1h,20,10,5,365,178,48.76712328767123,5.6047307658770436,5.008734914274831,2.0,23.15068493150685,305.04323678360157
恐慌闪崩,4h,100,3,5,27,2,7.4074074074074066,5.282658475967096,3.0000000000000036,33.333333333333336,23.14814814814814,-322.17341524032946
恐慌闪崩,4h,50,3,25,27,2,7.4074074074074066,5.282658475967096,3.0000000000000036,16.666666666666668,23.148148148148138,-1610.8670762016473
突破买入,4h,15,5,15,211,69,32.70142180094787,11.494648791810876,4.784772665318684,3.0,23.10426540284361,1705.3957223954594
恐慌闪崩,1d,150,2,5,23,1,4.3478260869565215,88.77194460755786,1.9999999999999998,75.0,23.043478260869566,223.85972303778937
恐慌闪崩,1d,15,3,25,23,5,21.73913043478261,14.999999999999995,3.0000000000000018,5.0,22.826086956521735,524.9999999999982
RSI超卖,4h,15,5,15,184,60,32.608695652173914,11.64811034646178,4.818421451060994,3.0,22.826086956521735,1521.0354128421525
EMA7/25金叉,4h,20,2,15,219,35,15.981735159817351,14.151145549367364,2.0000000000000013,10.0,22.739726027397264,1909.3514134178617
RSI超卖,4h,15,3,20,235,54,22.97872340425532,11.748879250872514,2.96977937552232,5.0,22.723404255319146,1938.1882515515144
看涨插针,1h,10,2,20,911,238,26.125137211855105,5.547915376960194,1.958885810170254,5.0,22.700329308452247,41.47418943891353
趋势EMA交叉,4h,10,3,20,173,55,31.79190751445087,8.962057767286225,3.000000000000003,3.3333333333333335,22.658959537572258,2778.2635440148406
看涨插针,1d,15,2,20,76,14,18.421052631578945,14.999999999999991,2.0000000000000013,7.5,22.631578947368425,1719.999999999995
突破买入,4h,20,3,10,258,59,22.868217054263564,13.111372648597973,2.9877019682999166,6.666666666666667,22.596899224806204,1790.1829457559693
EMA50/200黄金交叉,1h,15,5,5,145,69,47.58620689655172,4.92867513061914,3.9231923777452193,3.0,22.586206896551726,209.57981652042008
趋势EMA交叉,1d,20,2,10,31,6,19.35483870967742,19.999999999999993,2.0000000000000018,10.0,22.580645161290324,699.9999999999991
看涨插针,1d,30,7,5,45,14,31.11111111111111,30.000000000000004,7.000000000000005,4.285714285714286,22.55555555555556,1014.9999999999993
突破买入,1d,15,3,30,48,10,20.833333333333336,14.999999999999995,3.0000000000000027,5.0,22.500000000000014,1079.9999999999939
恐慌闪崩,1d,30,3,15,22,3,13.636363636363635,30.0,3.0000000000000027,10.0,22.5,494.99999999999915
看涨插针,1d,50,2,5,56,7,12.5,38.7508233051483,2.000000000000002,25.0,22.5,866.2788156801901
突破买入,1h,10,2,20,918,239,26.034858387799563,5.812778496724719,1.941831422236353,5.0,22.48366013071896,1415.0105003744764
RSI超卖,4h,30,2,10,264,35,13.257575757575758,15.725070997721414,1.991459378437749,15.0,22.424242424242426,943.3328725800499
EMA50/200黄金交叉,1h,10,5,10,145,70,48.275862068965516,5.097847870544723,3.9088349427818216,2.0,22.413793103448274,636.8673022949396
放量突破,4h,15,5,10,116,42,36.206896551724135,11.419200851248036,4.849372459919292,3.0,22.413793103448263,1207.528737183899
趋势EMA交叉,4h,15,5,10,130,47,36.15384615384615,10.318217625435752,4.756299597393086,3.0,22.307692307692314,901.8336181185401
恐慌闪崩,4h,20,5,15,27,7,25.925925925925924,11.517873288497311,4.78638610869624,4.0,22.22222222222222,-226.5391373166546
趋势EMA交叉,1h,10,2,15,587,170,28.960817717206133,5.4607669311083225,1.9363357543317343,5.0,22.129471890971036,1813.1755309812236
EMA7/25金叉,1d,10,2,15,38,11,28.947368421052634,10.000000000000012,2.000000000000002,5.0,22.105263157894743,840.0000000000008
恐慌闪崩,1h,50,2,30,19,1,5.263157894736842,1.4053077357425119,2.0000000000000018,25.0,22.105263157894733,-1037.8407679277254
恐慌闪崩,1h,30,3,10,19,3,15.789473684210526,3.2665468912883036,2.863524003900972,10.0,22.105263157894733,-360.1674338855063
趋势EMA交叉,4h,20,7,5,116,49,42.241379310344826,11.886432688985135,6.2192184607931384,2.857142857142857,22.02586206896551,828.7378244356569
趋势EMA交叉,4h,20,10,5,100,48,48.0,11.40159900165771,7.083317870257143,2.0,22.0,894.7211141309936
EMA7/25金叉,4h,10,3,30,202,58,28.71287128712871,9.049440950262277,2.9823367119972293,3.3333333333333335,21.980198019801975,2862.332657628331
EMA7/25金叉,4h,15,2,30,224,36,16.071428571428573,11.763569544731732,2.0000000000000013,7.5,21.964285714285722,1424.6551083102656
RSI超卖,1h,20,3,5,577,185,32.06239168110919,5.650345159590463,2.8449479530612134,6.666666666666667,21.87175043327557,-349.52871537880014
突破买入,4h,30,3,5,242,54,22.31404958677686,14.601632363384537,2.986982402615338,10.0,21.81818181818182,1134.6772796554078
突破买入,4h,15,3,15,271,67,24.723247232472325,11.539249212254223,2.9739952353716967,5.0,21.75276752767528,2496.5200380781016
恐慌闪崩,1d,20,2,25,23,3,13.043478260869565,19.999999999999996,1.9999999999999993,10.0,21.73913043478261,500.0
趋势EMA交叉,1d,20,10,5,23,11,47.82608695652174,19.44467324249203,9.999999999999996,2.0,21.739130434782602,469.45702833706184
趋势EMA交叉,1h,20,2,5,576,166,28.819444444444443,5.809248153796543,1.9353103597312726,10.0,21.701388888888886,854.2897302020209
RSI超卖,4h,20,2,20,271,38,14.022140221402212,14.007659463857516,1.9916059985504058,10.0,21.697416974169734,1364.9372392868215
EMA7/25金叉,4h,20,10,5,111,53,47.74774774774775,11.833812178910279,7.454342259576097,2.0,21.621621621621635,974.2009721341562
看涨插针,4h,20,7,5,167,70,41.91616766467065,10.718756460457321,6.106255137110304,2.857142857142857,21.586826347305376,790.0310196615646
RSI超卖,1d,30,10,5,28,10,35.714285714285715,28.41970222336993,9.606210372619874,3.0,21.428571428571438,556.4261776327079
看涨插针,1d,20,5,10,56,16,28.57142857142857,19.999999999999993,5.000000000000004,4.0,21.428571428571423,1199.9999999999973
放量突破,4h,10,3,15,144,49,34.02777777777778,9.234412893272324,2.9770945001612663,3.3333333333333335,21.354166666666668,2544.933813825355
趋势EMA交叉,1h,15,5,5,423,196,46.335697399527184,5.179406332789649,3.7879164890399455,3.0,21.335697399527184,776.5329910735172
恐慌闪崩,4h,30,7,5,23,7,30.434782608695656,7.552529701729336,6.6079826358703,4.285714285714286,21.304347826086953,-264.30007130909735
恐慌闪崩,4h,75,2,25,27,1,3.7037037037037033,6.784116071707838,2.0000000000000027,37.5,21.29629629629629,-1130.3970982073058
放量突破,1h,15,5,5,445,206,46.29213483146067,5.1459658665880275,3.900035438368726,3.0,21.292134831460675,639.8024937350407
EMA50/200黄金交叉,4h,10,2,30,31,7,22.58064516129032,8.186691116842995,2.000000000000003,5.0,21.290322580645153,279.205134537027
突破买入,4h,10,3,30,319,91,28.526645768025077,9.085424237087746,2.989266191630191,3.3333333333333335,21.253918495297796,4356.627416499041
RSI超卖,4h,20,10,5,120,57,47.5,11.650363130998976,8.606757687004405,2.0,21.25,609.224820928321
突破买入,1d,30,2,5,41,8,19.51219512195122,30.000000000000004,2.0000000000000013,15.0,21.21951219512195,870.0
恐慌闪崩,1d,50,3,5,22,3,13.636363636363635,49.99999999999999,3.0000000000000027,16.666666666666668,21.136363636363633,464.9999999999997
RSI超卖,1d,30,2,25,45,4,8.88888888888889,30.000000000000004,2.000000000000001,15.0,21.111111111111114,949.9999999999991
放量突破,1h,10,3,10,524,206,39.31297709923664,5.39415527786192,2.806737577612319,3.3333333333333335,21.106870229007633,2186.534375588381
EMA50/200黄金交叉,1h,15,2,5,156,57,36.53846153846153,5.446185665863759,1.9395910725696164,7.5,21.057692307692303,592.065333849211
恐慌闪崩,1h,30,5,5,19,5,26.31578947368421,4.345546426940336,4.433877256267948,6.0,21.052631578947366,-201.73274726524795
恐慌闪崩,1d,20,10,5,19,9,47.368421052631575,20.0,9.999999999999998,2.0,21.052631578947363,399.9999999999999
趋势EMA交叉,1d,15,7,10,29,12,41.37931034482759,14.999999999999991,7.000000000000007,2.142857142857143,21.034482758620683,609.9999999999975
趋势EMA交叉,1d,30,2,5,31,6,19.35483870967742,30.000000000000004,2.0000000000000018,15.0,20.967741935483872,650.0
看涨插针,4h,30,3,5,248,54,21.774193548387096,13.436042213021866,2.9582491750366295,10.0,20.92741935483871,758.2296977303746
放量突破,1d,15,2,5,11,4,36.36363636363637,14.999999999999986,2.000000000000005,7.5,20.90909090909091,229.9999999999995
突破买入,1d,10,2,25,55,13,23.636363636363637,10.000000000000007,2.0000000000000013,5.0,20.909090909090907,1150.0000000000011
恐慌闪崩,1d,15,2,25,24,4,16.666666666666664,14.999999999999991,2.0,7.5,20.833333333333314,499.9999999999991
看涨插针,1d,10,3,20,74,23,31.08108108108108,10.000000000000009,3.0000000000000027,3.3333333333333335,20.810810810810807,1540.0000000000011
EMA50/200黄金交叉,1h,15,7,5,142,72,50.70422535211267,4.841047696053814,4.452772996384771,2.142857142857143,20.77464788732394,184.30662184470327
趋势EMA交叉,1d,20,3,5,29,9,31.03448275862069,19.321267296379148,3.0000000000000044,6.666666666666667,20.689655172413794,569.4570283370613
放量突破,1h,15,7,5,415,210,50.602409638554214,5.061909552956967,4.4294792425963125,2.142857142857143,20.662650602409634,774.7888069435962
趋势EMA交叉,4h,15,2,20,185,33,17.83783783783784,11.590008059156936,2.000000000000001,7.5,20.648648648648646,1569.4053190435739
放量突破,1h,10,2,15,608,171,28.125,5.489212420431078,1.9591389292450898,5.0,20.625,1237.6741772041507
看涨插针,4h,20,3,10,259,57,22.00772200772201,12.002485957228345,2.945327441386197,6.666666666666667,20.617760617760617,891.8555640200397
EMA7/25金叉,1d,15,5,10,34,12,35.294117647058826,14.999999999999991,5.000000000000003,3.0,20.58823529411766,699.9999999999982
恐慌闪崩,1h,20,10,5,17,8,47.05882352941176,7.403912890007536,8.008253509750134,2.0,20.58823529411763,-64.21489233845456
EMA7/25金叉,1h,20,2,5,691,192,27.785817655571638,5.946869262085092,1.9523437544704638,10.0,20.5643994211288,837.8968241978804
EMA7/25金叉,1d,10,3,10,36,14,38.88888888888889,10.000000000000009,3.0000000000000044,3.3333333333333335,20.555555555555564,740.0000000000002
恐慌闪崩,1h,75,2,10,19,1,5.263157894736842,1.4053077357425119,2.0000000000000018,37.5,20.52631578947368,-345.94692264257515
EMA7/25金叉,1d,20,2,10,38,7,18.421052631578945,19.999999999999993,2.000000000000002,10.0,20.52631578947368,779.9999999999991
RSI超卖,1d,20,3,20,40,7,17.5,20.0,3.0000000000000018,6.666666666666667,20.500000000000007,819.9999999999986
RSI超卖,1h,10,5,15,469,199,42.430703624733475,5.104794593917744,4.094175822382911,2.0,20.469083155650317,-1343.6002178063216
放量突破,1d,15,5,5,11,5,45.45454545454545,14.999999999999986,5.000000000000004,3.0,20.45454545454546,224.99999999999946
放量突破,4h,15,3,10,132,37,28.030303030303028,11.901786556781829,2.9770945001612663,5.0,20.454545454545446,1575.421250856074
趋势EMA交叉,1h,15,7,5,393,198,50.38167938931297,4.999065445844257,4.244497423817247,2.142857142857143,20.419847328244273,810.6898031639989
放量突破,1h,10,5,10,458,215,46.943231441048034,5.068515460055906,3.8825636381668045,2.0,20.41484716157205,1462.678598374863
突破买入,1d,20,2,10,49,9,18.367346938775512,19.999999999999993,2.0000000000000013,10.0,20.408163265306126,999.9999999999989
EMA7/25金叉,4h,15,3,15,186,45,24.193548387096776,11.06420730729462,2.981960897358872,5.0,20.32258064516129,1161.4926345098531
EMA50/200黄金交叉,4h,10,3,10,31,12,38.70967741935484,8.942236484825084,3.0000000000000027,3.3333333333333335,20.32258064516129,503.06837817900947
RSI超卖,1d,15,5,10,37,13,35.13513513513514,14.999999999999991,5.000000000000004,3.0,20.270270270270267,749.9999999999978
看涨插针,1d,30,10,5,37,13,35.13513513513514,28.50769584441454,9.461611246278528,3.0,20.270270270270267,717.6068803335216
恐慌闪崩,1d,75,2,15,23,1,4.3478260869565215,74.99999999999999,1.9999999999999998,37.5,20.217391304347824,465.00000000000006
EMA7/25金叉,1h,15,5,5,480,217,45.208333333333336,5.346851246100006,3.7865045196344256,3.0,20.208333333333336,822.0801586992368
RSI超卖,1h,15,2,10,711,168,23.628691983122362,5.7775903783565745,1.965428936195953,7.5,20.16877637130802,-965.9272879049772
突破买入,1d,15,2,20,51,9,17.647058823529413,14.999999999999993,2.000000000000001,7.5,20.000000000000014,1019.9999999999976
恐慌闪崩,1d,10,2,20,24,6,25.0,10.000000000000005,2.0,5.0,20.0,480.0000000000005
看涨插针,1d,10,2,20,80,20,25.0,10.000000000000009,2.0000000000000013,5.0,20.0,1600.0000000000011
突破买入,1d,20,3,10,46,10,21.73913043478261,19.389140566741233,3.000000000000003,6.666666666666667,20.0,858.9140566741221
突破买入,4h,15,2,20,329,58,17.62917933130699,12.347712934144186,1.994659378936101,7.5,19.939209726443764,3512.293169773586
放量突破,4h,15,10,5,93,52,55.91397849462365,9.500526282653038,7.332732390677571,1.5,19.892473118279568,966.9266934008872
RSI超卖,1h,10,3,15,592,197,33.27702702702703,5.191018330288347,2.8472990855751923,3.3333333333333335,19.890202702702727,-1530.7879160309494
看涨插针,4h,15,2,30,313,49,15.654952076677317,11.30879735795491,1.995167314178255,7.5,19.84025559105431,822.20698790194
EMA50/200黄金交叉,4h,15,3,5,31,12,38.70967741935484,10.648381845316129,3.0000000000000027,5.0,19.838709677419352,353.90291071896746
放量突破,4h,15,2,10,141,33,23.404255319148938,11.656657914265669,2.000000000000002,7.5,19.78723404255319,1686.6971117076687
看涨插针,4h,20,2,15,305,46,15.081967213114755,13.617338205163145,1.9950740190851712,10.0,19.770491803278695,1645.1007974166823
趋势EMA交叉,1h,10,5,10,430,200,46.51162790697674,5.042418816129811,3.8272425295189794,2.0,19.76744186046512,1282.1798143659694
放量突破,4h,10,2,15,152,42,27.631578947368425,9.106815042151043,2.0000000000000018,5.0,19.736842105263165,2437.293476555155
RSI超卖,1d,10,5,15,38,16,42.10526315789473,10.00000000000001,5.000000000000005,2.0,19.73684210526315,750.0000000000009
看涨插针,1d,20,2,10,72,13,18.055555555555554,19.999999999999996,2.0000000000000013,10.0,19.722222222222218,1419.999999999998
趋势EMA交叉,4h,10,2,25,198,46,23.232323232323232,9.197397031462263,2.0000000000000013,5.0,19.69696969696969,2977.0065861815997
放量突破,1h,15,3,5,511,197,38.551859099804304,5.443828876011082,2.7979698364656795,5.0,19.696673189823873,969.3587996197988
EMA7/25金叉,1h,10,2,15,707,195,27.58132956152758,5.564975698525712,1.9504509720788263,5.0,19.64639321074964,1298.0904526223226
EMA7/25金叉,4h,15,7,10,135,55,40.74074074074074,10.60506038547881,6.187196910660376,2.142857142857143,19.629629629629626,883.0256834850443
RSI超卖,4h,20,3,10,223,48,21.524663677130047,12.947976366800651,2.9687432398259426,6.666666666666667,19.5067264573991,1019.7279863689121
RSI超卖,1d,30,3,10,40,6,15.0,30.000000000000004,3.0000000000000018,10.0,19.5,779.9999999999995
EMA7/25金叉,1d,30,2,5,38,7,18.421052631578945,30.000000000000004,2.000000000000002,15.0,19.473684210526315,740.0
放量突破,4h,10,5,15,131,55,41.98473282442748,9.146264553135788,4.853336342552995,2.0,19.465648854961835,2012.8648258266105
突破买入,4h,20,7,5,176,71,40.340909090909086,12.554230005146,6.52747781493067,2.857142857142857,19.460227272727273,1029.8257989882286
RSI超卖,1d,20,5,10,36,10,27.77777777777778,19.999999999999996,5.000000000000004,4.0,19.444444444444443,699.9999999999986
EMA7/25金叉,4h,20,7,5,129,52,40.310077519379846,12.441456367960372,6.2089294004065465,2.857142857142857,19.418604651162795,844.3408365131769
EMA7/25金叉,1h,15,7,5,447,221,49.44071588366891,5.237762613173155,4.3836409123186835,2.142857142857143,19.384787472035793,834.2134566362239
突破买入,1h,15,5,5,573,254,44.32809773123909,5.567118182066689,3.734031543045291,3.0,19.328097731239094,1114.459780067455
放量突破,1h,20,2,5,596,158,26.51006711409396,5.478478419812531,1.9592322193609686,10.0,19.161073825503358,37.279391251377945
恐慌闪崩,1d,10,3,20,23,7,30.434782608695656,10.000000000000005,3.0000000000000018,3.3333333333333335,19.130434782608702,440.0000000000001
趋势EMA交叉,1h,10,3,10,495,187,37.77777777777778,5.116155512843989,2.737031341491758,3.3333333333333335,19.11111111111111,1137.1542772236444
看涨插针,4h,15,7,10,173,70,40.46242774566474,9.783550357205211,6.041082765136231,2.142857142857143,19.01734104046244,626.1700019533304
RSI超卖,1h,10,2,20,724,178,24.585635359116022,5.45080706855041,1.9656188870959752,5.0,19.00552486187846,-2059.685083048588
趋势EMA交叉,4h,20,5,5,125,44,35.199999999999996,11.966859584710882,4.737432253321058,4.0,18.999999999999993,714.0490460413655
趋势EMA交叉,4h,15,3,10,158,43,27.21518987341772,10.83569606776252,3.0000000000000036,5.0,18.9873417721519,1209.3493091378791
看涨插针,4h,15,3,20,269,59,21.933085501858738,10.595769477370933,2.947410205523866,5.0,18.959107806691456,123.88512009746776
恐慌闪崩,1h,20,3,30,19,3,15.789473684210526,3.2665468912883036,2.863524003900972,6.666666666666667,18.947368421052644,-1080.502301656519
趋势EMA交叉,4h,20,2,10,181,32,17.67955801104972,13.883495517802942,2.000000000000001,10.0,18.895027624309385,1462.7185656969395
突破买入,1d,30,3,5,39,8,20.51282051282051,30.000000000000004,3.000000000000003,10.0,18.84615384615384,734.9999999999998
RSI超卖,1d,10,3,30,43,12,27.906976744186046,10.000000000000009,3.0000000000000013,3.3333333333333335,18.83720930232559,810.0000000000024
EMA7/25金叉,1d,20,3,5,34,10,29.411764705882355,19.389140566741233,3.0000000000000036,6.666666666666667,18.82352941176471,609.4570283370612
突破买入,1h,20,2,5,841,220,26.159334126040427,6.203543931333486,1.9402921762352296,10.0,18.775267538644474,799.2911172564453
趋势EMA交叉,4h,30,2,5,178,32,17.97752808988764,15.929331451972462,2.000000000000001,15.0,18.764044943820227,1088.6930323155932
EMA7/25金叉,1d,10,5,15,36,15,41.66666666666667,10.000000000000007,5.000000000000002,2.0,18.75000000000002,675.0000000000015
RSI超卖,1d,30,15,5,24,10,41.66666666666667,28.41970222336993,13.584094703428201,2.0,18.750000000000014,470.09848192852246
突破买入,1d,15,3,25,48,10,20.833333333333336,14.999999999999995,3.0000000000000027,5.0,18.750000000000014,899.9999999999949
恐慌闪崩,1d,20,5,15,20,5,25.0,20.0,5.0000000000000036,4.0,18.75,374.99999999999903
恐慌闪崩,1d,30,5,5,20,5,25.0,30.0,5.0000000000000036,6.0,18.75,374.9999999999997
趋势EMA交叉,1d,10,2,10,31,10,32.25806451612903,10.00000000000001,2.000000000000002,5.0,18.709677419354836,580.0000000000007
趋势EMA交叉,1h,15,3,5,487,182,37.37166324435318,5.140039122016431,2.7333486024050475,5.0,18.63449691991786,509.07898236725543
EMA7/25金叉,1h,10,5,10,486,222,45.67901234567901,5.099034721744919,3.84480724646081,2.0,18.51851851851853,1169.5659516171838
恐慌闪崩,4h,50,3,20,27,2,7.4074074074074066,5.282658475967096,3.0000000000000036,16.666666666666668,18.518518518518505,-1288.6936609613178
趋势EMA交叉,4h,10,5,15,142,59,41.54929577464789,8.74012921191908,4.756299597393086,2.0,18.48591549295775,1813.4213537939909
突破买入,4h,15,7,10,184,74,40.21739130434783,10.824740605854663,6.427102482123543,2.142857142857143,18.47826086956521,940.4953179965531
看涨插针,1h,20,2,5,866,224,25.86605080831409,6.081233828906312,1.959845462578301,10.0,18.452655889145493,519.8779534987226
恐慌闪崩,1h,50,2,25,19,1,5.263157894736842,1.4053077357425119,2.0000000000000018,25.0,18.421052631578938,-864.867306606438
EMA50/200黄金交叉,4h,15,2,10,31,7,22.58064516129032,10.368028244708338,2.000000000000003,7.5,18.387096774193544,245.76197712958282
趋势EMA交叉,1d,15,2,10,31,7,22.58064516129032,14.99999999999999,2.000000000000002,7.5,18.387096774193544,569.9999999999986
看涨插针,1h,15,5,5,581,252,43.373493975903614,5.45379267065831,3.8989725130963575,3.0,18.373493975903614,457.96898098596444
突破买入,1h,10,5,10,606,276,45.54455445544555,5.277936621083774,3.788694223858364,2.0,18.316831683168324,2064.4141354586145
EMA7/25金叉,4h,10,3,25,202,58,28.71287128712871,9.049440950262277,2.9823367119972293,3.3333333333333335,18.31683168316831,2385.2772146902757
EMA7/25金叉,4h,15,2,25,224,36,16.071428571428573,11.763569544731732,2.0000000000000013,7.5,18.303571428571438,1187.2125902585547
恐慌闪崩,1d,15,3,20,23,5,21.73913043478261,14.999999999999995,3.0000000000000018,5.0,18.26086956521739,419.9999999999986
放量突破,1d,10,5,10,11,5,45.45454545454545,10.000000000000007,5.000000000000004,2.0,18.181818181818183,200.00000000000017
放量突破,4h,20,5,5,110,38,34.54545454545455,12.394079552384076,4.758949095190711,4.0,18.181818181818183,641.6534406843184
恐慌闪崩,4h,150,2,5,27,1,3.7037037037037033,6.784116071707838,2.0000000000000027,75.0,18.14814814814815,-226.0794196414612
趋势EMA交叉,1d,20,5,5,29,10,34.48275862068966,19.389140566741233,5.000000000000003,4.0,18.103448275862075,494.4570283370615
RSI超卖,4h,30,3,5,215,43,20.0,14.281096249507733,2.968198063776395,10.0,18.0,517.7853587964635
恐慌闪崩,4h,15,7,10,25,10,40.0,12.234881535644332,6.581848144928319,2.142857142857143,18.0,236.2109318251853
看涨插针,1d,30,5,5,53,13,24.528301886792452,30.000000000000004,5.000000000000004,6.0,17.92452830188679,949.9999999999995
看涨插针,1h,15,7,5,524,252,48.091603053435115,5.2950302771020406,4.4117066140476675,2.142857142857143,17.90076335877863,671.8171540437435
恐慌闪崩,4h,100,2,10,27,1,3.7037037037037033,6.784116071707838,2.0000000000000027,50.0,17.77777777777777,-452.1588392829224
EMA50/200黄金交叉,4h,10,2,25,31,7,22.58064516129032,8.186691116842995,2.000000000000003,5.0,17.74193548387096,232.67094544752246
趋势EMA交叉,1d,10,5,10,31,14,45.16129032258064,10.000000000000009,5.000000000000002,2.0,17.74193548387096,550.0000000000013
EMA7/25金叉,1h,15,3,5,580,211,36.37931034482759,5.445333748725731,2.751919935285363,5.0,17.741379310344826,667.5348243041522
恐慌闪崩,1d,20,3,15,22,4,18.181818181818183,19.999999999999996,3.0000000000000027,6.666666666666667,17.727272727272734,389.9999999999991
放量突破,1d,15,3,5,11,4,36.36363636363637,14.999999999999986,3.000000000000003,5.0,17.727272727272727,194.99999999999957
突破买入,4h,10,3,25,319,91,28.526645768025077,9.085424237087746,2.989266191630191,3.3333333333333335,17.7115987460815,3630.522847082534
突破买入,4h,10,2,30,380,82,21.578947368421055,9.326473067325923,1.9951432607103472,5.0,17.68421052631581,5106.542994871264
突破买入,1h,15,3,5,687,249,36.24454148471616,5.731737767311486,2.7290146252527876,5.0,17.620087336244545,1159.4714909991944
EMA7/25金叉,1h,10,3,10,590,216,36.610169491525426,5.278094625073129,2.76888361280942,3.3333333333333335,17.593220338983052,1045.0596782507305
EMA7/25金叉,4h,15,5,10,151,51,33.77483443708609,10.46697537496859,4.769370739237701,3.0,17.549668874172184,568.7867019962807
恐慌闪崩,1h,20,7,5,18,7,38.88888888888889,5.604471874294328,5.915843780704659,2.857142857142857,17.500000000000004,-129.21489233845475
恐慌闪崩,1d,20,2,20,23,3,13.043478260869565,19.999999999999996,1.9999999999999993,10.0,17.391304347826093,400.0
放量突破,1d,10,3,10,11,4,36.36363636363637,10.00000000000001,3.000000000000003,3.3333333333333335,17.272727272727273,190.00000000000017
放量突破,1h,15,10,5,396,213,53.78787878787878,4.759243937548143,4.377505964936545,1.5,17.234848484848488,1063.1768355718334
突破买入,1h,10,3,10,735,267,36.3265306122449,5.475120625655829,2.749420465845965,3.3333333333333335,17.224489795918366,1751.284290341945
看涨插针,1h,10,3,10,745,270,36.241610738255034,5.236314780986315,2.797275526382797,3.3333333333333335,17.11409395973154,850.9911583447652
看涨插针,4h,20,5,5,193,65,33.67875647668394,11.111151785840757,4.716737405605336,4.0,17.098445595854912,592.4123908108311
RSI超卖,4h,15,3,15,235,54,22.97872340425532,11.748879250872514,2.96977937552232,5.0,17.042553191489354,1453.6411886636358
恐慌闪崩,4h,75,2,20,27,1,3.7037037037037033,6.784116071707838,2.0000000000000027,37.5,17.037037037037038,-904.3176785658447
看涨插针,1h,10,2,15,911,238,26.125137211855105,5.547915376960194,1.958885810170254,5.0,17.025246981339187,31.105642079185145
趋势EMA交叉,4h,10,3,15,173,55,31.79190751445087,8.962057767286225,3.000000000000003,3.3333333333333335,16.994219653179194,2083.6976580111304
RSI超卖,1h,15,7,5,402,190,47.2636815920398,5.203669296270643,4.770267334306579,2.142857142857143,16.99004975124378,-112.99754290786312
看涨插针,1d,15,2,15,76,14,18.421052631578945,14.999999999999991,2.0000000000000013,7.5,16.973684210526315,1289.9999999999961
看涨插针,1h,10,5,10,607,271,44.64579901153213,5.2537377910111065,3.878253858616538,2.0,16.9686985172982,1206.6964486885304
突破买入,1h,15,7,5,525,248,47.23809523809524,5.527857946310734,4.063729379499358,2.142857142857143,16.961904761904762,1226.2786628187
看涨插针,1h,15,3,5,721,256,35.50624133148405,5.33133844049331,2.810487586371908,5.0,16.95561719833565,289.72956551675105
RSI超卖,1d,30,2,20,45,4,8.88888888888889,30.000000000000004,2.000000000000001,15.0,16.8888888888889,759.9999999999993
突破买入,1h,10,2,15,918,239,26.034858387799563,5.812778496724719,1.941831422236353,5.0,16.862745098039216,1061.2578752808572
恐慌闪崩,1h,100,2,5,19,1,5.263157894736842,1.4053077357425119,2.0000000000000018,50.0,16.84210526315789,-172.97346132128757
EMA7/25金叉,1h,15,10,5,425,227,53.41176470588235,5.0557373621532555,4.4774614717327434,1.5,16.764705882352942,1305.5750490285286
突破买入,1d,10,2,20,55,13,23.636363636363637,10.000000000000007,2.0000000000000013,5.0,16.727272727272727,920.0000000000009
恐慌闪崩,1d,15,2,20,24,4,16.666666666666664,14.999999999999991,2.0,7.5,16.666666666666657,399.9999999999993
突破买入,4h,20,2,10,313,52,16.61341853035144,13.501404642872412,1.9944547574393996,10.0,16.549520766773167,1815.2034973768205
看涨插针,4h,15,2,25,313,49,15.654952076677317,11.30879735795491,1.995167314178255,7.5,16.533546325878596,685.1724899182834
放量突破,4h,20,3,5,124,34,27.419354838709676,12.924551730266648,2.9758219723924477,6.666666666666667,16.532258064516128,858.0539065687288
突破买入,1d,20,5,15,41,10,24.390243902439025,19.389140566741233,5.0000000000000036,4.0,16.463414634146346,583.371085011183
EMA7/25金叉,4h,20,5,5,145,48,33.10344827586207,12.223976689415826,4.73331896368216,4.0,16.379310344827587,638.09470807395
看涨插针,4h,15,5,10,205,68,33.170731707317074,10.506996344541209,4.735345897207906,3.0,16.341463414634156,657.3336351131911
看涨插针,1d,20,7,5,50,19,38.0,19.999999999999993,7.000000000000005,2.857142857142857,16.3,814.9999999999987
EMA7/25金叉,4h,30,2,5,213,35,16.431924882629108,15.98067485505651,2.0000000000000013,15.0,16.291079812206576,1016.6180996348879
看涨插针,1d,20,10,5,43,19,44.18604651162791,19.999999999999993,9.999999999999998,2.0,16.27906976744186,699.9999999999998
RSI超卖,4h,20,2,15,271,38,14.022140221402212,14.007659463857516,1.9916059985504058,10.0,16.273062730627302,1023.7029294651162
趋势EMA交叉,1d,20,7,5,29,11,37.93103448275862,19.44467324249203,7.000000000000007,2.857142857142857,16.206896551724135,439.45702833706105
RSI超卖,1h,15,5,5,459,189,41.17647058823529,5.598413309590196,4.059821954526724,3.0,16.17647058823529,-190.25906104834297
EMA50/200黄金交叉,4h,10,5,5,31,17,54.83870967741935,8.483324526307857,5.000000000000004,2.0,16.129032258064512,371.08258473616775
趋势EMA交叉,1d,15,3,5,29,10,34.48275862068966,14.99999999999999,3.000000000000005,5.0,16.03448275862069,464.99999999999915
RSI超卖,1h,20,2,5,709,167,23.554301833568406,5.866842585403146,1.9653651519453919,10.0,15.909732016925247,-427.3260029603853
EMA7/25金叉,1d,15,2,10,38,8,21.052631578947366,14.999999999999988,2.000000000000002,7.5,15.789473684210527,599.9999999999984
恐慌闪崩,1h,20,3,25,19,3,15.789473684210526,3.2665468912883036,2.863524003900972,6.666666666666667,15.789473684210527,-900.4185847137658
恐慌闪崩,1h,20,5,10,19,5,26.31578947368421,6.044898926063477,4.433877256267948,4.0,15.78947368421052,-318.49786957433884
突破买入,4h,30,2,5,298,48,16.10738255033557,15.520577652955865,1.9942107667667335,15.0,15.771812080536915,1232.1751782509905
放量突破,4h,15,7,5,104,48,46.15384615384615,10.01973160224753,6.287833027059635,2.142857142857143,15.769230769230763,644.1423369627094
趋势EMA交叉,4h,10,2,20,198,46,23.232323232323232,9.197397031462263,2.0000000000000013,5.0,15.757575757575754,2381.60526894528
RSI超卖,1d,10,3,25,43,12,27.906976744186046,10.000000000000009,3.0000000000000013,3.3333333333333335,15.697674418604649,675.0000000000019
看涨插针,1d,15,3,10,71,18,25.352112676056336,14.999999999999991,3.000000000000003,5.0,15.633802816901404,1109.9999999999966
看涨插针,1d,10,3,15,74,23,31.08108108108108,10.000000000000009,3.0000000000000027,3.3333333333333335,15.608108108108109,1155.000000000001
恐慌闪崩,1h,15,7,10,18,7,38.88888888888889,4.890186160008615,5.915843780704659,2.142857142857143,15.555555555555564,-308.42978467690943
趋势EMA交叉,4h,15,2,15,185,33,17.83783783783784,11.590008059156936,2.000000000000001,7.5,15.486486486486488,1177.0539892826805
趋势EMA交叉,1h,15,10,5,382,200,52.35602094240838,4.938287168757263,4.327078594763382,1.5,15.445026178010473,1000.6456475225856
EMA7/25金叉,1d,20,5,5,34,11,32.35294117647059,19.44467324249203,5.000000000000003,4.0,15.441176470588232,494.45702833706144
突破买入,4h,15,5,10,211,69,32.70142180094787,11.494648791810876,4.784772665318684,3.0,15.40284360189574,1136.930481596973
恐慌闪崩,4h,30,5,5,26,6,23.076923076923077,8.474284193868595,4.78638610869624,6.0,15.384615384615383,-224.41008505356618
RSI超卖,1d,20,3,15,40,7,17.5,20.0,3.0000000000000018,6.666666666666667,15.375000000000007,614.999999999999
RSI超卖,1d,15,3,30,41,8,19.51219512195122,14.99999999999999,3.0000000000000018,5.0,15.365853658536565,629.9999999999957
RSI超卖,4h,15,5,10,184,60,32.608695652173914,11.64811034646178,4.818421451060994,3.0,15.217391304347828,1014.023608561435
趋势EMA交叉,1d,15,10,5,23,12,52.17391304347826,14.999999999999991,9.999999999999996,1.5,15.217391304347828,349.9999999999995
EMA7/25金叉,4h,20,2,10,219,35,15.981735159817351,14.151145549367364,2.0000000000000013,10.0,15.159817351598171,1272.9009422785746
RSI超卖,1d,10,2,30,48,10,20.833333333333336,10.000000000000009,2.0000000000000013,5.0,15.000000000000014,720.0000000000014
突破买入,1d,15,2,15,51,9,17.647058823529413,14.999999999999993,2.000000000000001,7.5,15.000000000000007,764.9999999999982
突破买入,1d,15,3,20,48,10,20.833333333333336,14.999999999999995,3.0000000000000027,5.0,15.000000000000007,719.9999999999959
恐慌闪崩,1d,10,2,15,24,6,25.0,10.000000000000005,2.0,5.0,15.0,360.0000000000004
看涨插针,1d,10,2,15,80,20,25.0,10.000000000000009,2.0000000000000013,5.0,15.0,1200.000000000001
RSI超卖,1d,30,5,5,35,8,22.857142857142858,28.02462777921241,5.000000000000005,6.0,15.0,445.98511116849573
恐慌闪崩,1d,30,3,10,22,3,13.636363636363635,30.0,3.0000000000000027,10.0,15.0,329.99999999999943
突破买入,4h,15,2,15,329,58,17.62917933130699,12.347712934144186,1.994659378936101,7.5,14.954407294832826,2634.21987733019
趋势EMA交叉,4h,20,3,5,154,40,25.97402597402597,12.94895341346953,3.0000000000000036,6.666666666666667,14.870129870129869,879.7906826939038
EMA50/200黄金交叉,4h,20,2,5,31,7,22.58064516129032,12.509161195584543,2.000000000000003,10.0,14.838709677419352,197.8206418454587
恐慌闪崩,4h,20,5,10,27,7,25.925925925925924,11.517873288497311,4.78638610869624,4.0,14.814814814814817,-151.0260915444364
突破买入,4h,20,5,5,201,64,31.8407960199005,13.273873103827334,4.811441137654107,4.0,14.800995024875618,951.8022139316834
趋势EMA交叉,1h,10,2,10,587,170,28.960817717206133,5.4607669311083225,1.9363357543317343,5.0,14.75298126064736,1208.7836873208157
趋势EMA交叉,1h,15,2,5,577,168,29.116117850953206,5.6262616834838965,1.9397852253091092,7.5,14.748700173310223,759.1990283693451
突破买入,4h,10,2,25,380,82,21.578947368421055,9.326473067325923,1.9951432607103472,5.0,14.736842105263172,4255.452495726054
EMA7/25金叉,1d,10,2,10,38,11,28.947368421052634,10.000000000000012,2.000000000000002,5.0,14.736842105263161,560.0000000000005
恐慌闪崩,1h,50,2,20,19,1,5.263157894736842,1.4053077357425119,2.0000000000000018,25.0,14.73684210526315,-691.8938452851503
RSI超卖,4h,15,2,30,280,41,14.642857142857144,11.98512098153841,1.9918167266202698,7.5,14.678571428571438,460.37287742491003
EMA7/25金叉,4h,10,3,20,202,58,28.71287128712871,9.049440950262277,2.9823367119972293,3.3333333333333335,14.653465346534652,1908.2217717522208
EMA7/25金叉,4h,15,2,20,224,36,16.071428571428573,11.763569544731732,2.0000000000000013,7.5,14.642857142857153,949.7700722068437
突破买入,4h,15,10,5,155,80,51.61290322580645,10.083238047369978,7.954467667724384,1.5,14.516129032258064,1050.3698435513477
突破买入,4h,15,3,10,271,67,24.723247232472325,11.539249212254223,2.9739952353716967,5.0,14.501845018450187,1664.3466920520677
EMA7/25金叉,4h,10,2,30,237,49,20.675105485232066,9.267316349090361,2.0000000000000013,5.0,14.430379746835449,2342.9550331628247
恐慌闪崩,1d,10,3,15,23,7,30.434782608695656,10.000000000000005,3.0000000000000018,3.3333333333333335,14.347826086956527,330.0000000000001
突破买入,1d,30,7,5,30,8,26.666666666666668,30.000000000000004,7.000000000000006,4.285714285714286,14.333333333333332,429.9999999999994
看涨插针,1h,15,10,5,484,249,51.446280991735534,5.008148972466926,4.776086299765259,1.5,14.307851239669418,623.244068497143
RSI超卖,4h,15,7,10,154,59,38.311688311688314,11.024599875916046,6.443299802717595,2.142857142857143,14.285714285714299,383.3791142087506
EMA7/25金叉,1d,20,10,5,28,12,42.857142857142854,19.490950472284364,9.999999999999996,2.0,14.285714285714285,369.45702833706196
看涨插针,1d,30,3,5,62,11,17.741935483870968,30.0,3.0000000000000036,10.0,14.2741935483871,884.9999999999994
RSI超卖,1h,10,2,15,724,178,24.585635359116022,5.45080706855041,1.9656188870959752,5.0,14.254143646408846,-1544.7638122864407
放量突破,4h,10,3,10,144,49,34.02777777777778,9.234412893272324,2.9770945001612663,3.3333333333333335,14.236111111111114,1696.6225425502366
看涨插针,4h,15,3,15,269,59,21.933085501858738,10.595769477370933,2.947410205523866,5.0,14.21933085501859,92.91384007310083
EMA50/200黄金交叉,4h,10,2,20,31,7,22.58064516129032,8.186691116842995,2.000000000000003,5.0,14.193548387096769,186.13675635801798
突破买入,4h,10,3,20,319,91,28.526645768025077,9.085424237087746,2.989266191630191,3.3333333333333335,14.169278996865202,2904.4182776660273
EMA7/25金叉,1d,15,3,5,34,11,32.35294117647059,14.99999999999999,3.0000000000000044,5.0,14.117647058823527,479.999999999999
EMA7/25金叉,1d,15,7,10,34,13,38.23529411764706,14.999999999999988,7.000000000000005,2.142857142857143,14.117647058823515,479.99999999999716
RSI超卖,4h,20,5,5,176,55,31.25,12.184813244231853,4.813919503566637,4.0,14.0625,438.40234250594364
看涨插针,4h,30,2,5,293,44,15.017064846416384,15.279902448765496,1.9948761885263422,15.0,14.027303754266214,877.9576840131126
RSI超卖,1d,30,7,5,34,9,26.47058823529412,28.244113581522143,7.000000000000007,4.285714285714286,13.970588235294112,395.9851111684955
RSI超卖,4h,20,7,5,149,54,36.241610738255034,11.903779483181571,6.443299802717595,2.857142857142857,13.926174496644293,153.4530541681661
RSI超卖,1h,15,3,5,579,186,32.12435233160622,5.5590889215975325,2.845342487531796,5.0,13.911917098445596,-421.1452909142733
恐慌闪崩,4h,15,5,15,27,8,29.629629629629626,11.543601919555417,4.775143272311832,3.0,13.888888888888893,24.316397737778004
恐慌闪崩,4h,75,3,5,27,2,7.4074074074074066,5.282658475967096,3.0000000000000036,25.0,13.88888888888889,-322.17341524032946
突破买入,1d,30,5,5,36,8,22.22222222222222,30.000000000000007,5.000000000000004,6.0,13.888888888888886,499.9999999999997
恐慌闪崩,4h,50,3,15,27,2,7.4074074074074066,5.282658475967096,3.0000000000000036,16.666666666666668,13.888888888888886,-966.5202457209884
EMA7/25金叉,1h,15,2,5,694,194,27.953890489913547,5.882686289358155,1.953102090598903,7.5,13.760806916426512,823.4504741801541
放量突破,1h,10,2,10,608,171,28.125,5.489212420431078,1.9591389292450898,5.0,13.75,825.1161181361005
恐慌闪崩,1d,15,3,15,23,5,21.73913043478261,14.999999999999995,3.0000000000000018,5.0,13.69565217391304,314.9999999999989
恐慌闪崩,1d,30,7,5,19,5,26.31578947368421,30.0,7.000000000000008,4.285714285714286,13.684210526315784,259.99999999999943
RSI超卖,1h,10,5,10,469,199,42.430703624733475,5.104794593917744,4.094175822382911,2.0,13.646055437100209,-895.7334785375476
放量突破,4h,20,2,5,135,29,21.48148148148148,12.959237714497636,2.000000000000002,10.0,13.629629629629633,819.0894686021563
恐慌闪崩,4h,20,7,5,25,9,36.0,11.405235085374995,6.6079826358703,2.857142857142857,13.599999999999998,-15.403032027749289
EMA7/25金叉,4h,15,3,10,186,45,24.193548387096776,11.06420730729462,2.981960897358872,5.0,13.548387096774192,774.3284230065688
恐慌闪崩,1d,75,2,10,23,1,4.3478260869565215,74.99999999999999,1.9999999999999998,37.5,13.478260869565219,310.00000000000006
突破买入,1d,10,3,30,49,13,26.53061224489796,10.000000000000007,3.0000000000000036,3.3333333333333335,13.469387755102048,660.0
EMA50/200黄金交叉,1h,10,3,5,151,66,43.70860927152318,5.170348902989027,2.598269370170295,3.3333333333333335,13.410596026490067,601.9506556640039
EMA50/200黄金交叉,1h,15,10,5,140,71,50.71428571428571,4.734888180270438,4.694550415813078,1.5,13.392857142857139,61.26541054049375
RSI超卖,1d,20,2,30,45,5,11.11111111111111,19.999999999999993,2.000000000000001,10.0,13.333333333333343,599.9999999999978
RSI超卖,1h,10,3,10,592,197,33.27702702702703,5.191018330288347,2.8472990855751923,3.3333333333333335,13.260135135135144,-1020.5252773539662
看涨插针,4h,15,2,20,313,49,15.654952076677317,11.30879735795491,1.995167314178255,7.5,13.226837060702877,548.1379919346267
看涨插针,1d,30,2,5,69,10,14.492753623188406,30.000000000000007,2.0000000000000013,15.0,13.18840579710145,909.9999999999998
看涨插针,4h,20,2,10,305,46,15.081967213114755,13.617338205163145,1.9950740190851712,10.0,13.180327868852462,1096.733864944455
放量突破,4h,10,2,10,152,42,27.631578947368425,9.106815042151043,2.0000000000000018,5.0,13.15789473684211,1624.8623177034367
RSI超卖,1d,10,5,10,38,16,42.10526315789473,10.00000000000001,5.000000000000005,2.0,13.157894736842099,500.0000000000006
RSI超卖,1d,50,2,5,45,4,8.88888888888889,50.0,2.000000000000001,25.0,13.11111111111111,589.9999999999998
EMA7/25金叉,1h,10,2,10,707,195,27.58132956152758,5.564975698525712,1.9504509720788263,5.0,13.09759547383309,865.3936350815484
突破买入,1d,30,15,5,23,9,39.130434782608695,24.2310631849033,14.25144495243751,2.0,13.04347826086957,92.79669665002277
恐慌闪崩,1d,20,2,15,23,3,13.043478260869565,19.999999999999996,1.9999999999999993,10.0,13.043478260869566,300.0
看涨插针,1d,15,7,10,53,20,37.735849056603776,14.999999999999991,7.000000000000005,2.142857142857143,13.018867924528308,689.9999999999964
放量突破,4h,10,5,10,131,55,41.98473282442748,9.146264553135788,4.853336342552995,2.0,12.977099236641223,1341.909883884407
趋势EMA交叉,1d,15,5,5,29,11,37.93103448275862,14.99999999999999,5.000000000000003,3.0,12.93103448275862,374.99999999999915
看涨插针,4h,15,10,5,153,77,50.326797385620914,9.701284980901447,7.8022320739901945,1.5,12.90849673202614,770.1465295307823
看涨插针,1d,20,3,5,66,16,24.242424242424242,19.999999999999993,3.0000000000000036,6.666666666666667,12.878787878787879,849.9999999999987
RSI超卖,1d,15,3,25,41,8,19.51219512195122,14.99999999999999,3.0000000000000018,5.0,12.80487804878048,524.9999999999965
恐慌闪崩,4h,75,2,15,27,1,3.7037037037037033,6.784116071707838,2.0000000000000027,37.5,12.777777777777775,-678.2382589243836
RSI超卖,1d,30,2,15,45,4,8.88888888888889,30.000000000000004,2.000000000000001,15.0,12.666666666666675,569.9999999999994
EMA7/25金叉,1d,20,7,5,34,12,35.294117647058826,19.490950472284364,7.0000000000000036,2.857142857142857,12.647058823529413,399.45702833706093
恐慌闪崩,1h,20,3,20,19,3,15.789473684210526,3.2665468912883036,2.863524003900972,6.666666666666667,12.631578947368425,-720.3348677710126
放量突破,1h,15,2,5,599,159,26.54424040066778,5.359637689095615,1.9594175274547825,7.5,12.562604340567614,-49.80659756950672
RSI超卖,1d,10,3,20,43,12,27.906976744186046,10.000000000000009,3.0000000000000013,3.3333333333333335,12.558139534883722,540.0000000000016
突破买入,1d,10,2,15,55,13,23.636363636363637,10.000000000000007,2.0000000000000013,5.0,12.545454545454543,690.0000000000007
RSI超卖,1d,10,2,25,48,10,20.833333333333336,10.000000000000009,2.0000000000000013,5.0,12.500000000000021,600.0000000000011
EMA7/25金叉,1d,10,5,10,36,15,41.66666666666667,10.000000000000007,5.000000000000002,2.0,12.500000000000018,450.000000000001
恐慌闪崩,1d,20,5,10,20,5,25.0,20.0,5.0000000000000036,4.0,12.5,249.99999999999937
恐慌闪崩,1d,15,2,15,24,4,16.666666666666664,14.999999999999991,2.0,7.5,12.499999999999993,299.9999999999995
突破买入,4h,10,5,15,247,96,38.8663967611336,8.964052517762072,4.7901044115021945,2.0,12.44939271255059,2058.6491335249134
趋势EMA交叉,4h,10,5,10,142,59,41.54929577464789,8.74012921191908,4.756299597393086,2.0,12.323943661971832,1208.9475691959938
EMA50/200黄金交叉,1h,10,2,5,156,58,37.17948717948718,5.457923033114303,1.938974654942776,5.0,12.30769230769231,632.7000986811879
趋势EMA交叉,4h,15,7,5,121,52,42.97520661157025,10.194371835854414,6.127703558154871,2.142857142857143,12.272727272727273,536.4789497587167
趋势EMA交叉,1d,10,3,5,31,13,41.935483870967744,10.000000000000009,3.0000000000000053,3.3333333333333335,12.258064516129034,380.0000000000003
恐慌闪崩,1d,20,7,5,20,7,35.0,20.0,7.000000000000009,2.857142857142857,12.25,244.9999999999994
RSI超卖,4h,15,2,25,280,41,14.642857142857144,11.98512098153841,1.9918167266202698,7.5,12.232142857142868,383.6440645207583
恐慌闪崩,1d,100,2,5,23,1,4.3478260869565215,100.0,1.9999999999999998,50.0,12.173913043478262,280.0000000000001
突破买入,1h,15,2,5,855,222,25.964912280701753,6.119755410006306,1.9409008825314575,7.5,12.07017543859649,649.9772118949372
RSI超卖,1d,20,10,5,29,12,41.37931034482759,20.0,9.583046276891631,2.0,12.068965517241377,385.4410664642113
EMA7/25金叉,4h,10,2,25,237,49,20.675105485232066,9.267316349090361,2.0000000000000013,5.0,12.025316455696206,1952.4625276356871
趋势EMA交叉,4h,15,10,5,103,51,49.51456310679612,9.82468401118202,7.189590686366906,1.5,11.893203883495147,636.0008443960196
看涨插针,1h,15,2,5,882,227,25.736961451247165,5.958870960424925,1.9606424228630064,7.5,11.87641723356009,342.214605205941
恐慌闪崩,1d,20,3,10,22,4,18.181818181818183,19.999999999999996,3.0000000000000027,6.666666666666667,11.818181818181827,259.9999999999994
放量突破,1d,10,2,5,11,4,36.36363636363637,10.00000000000001,2.000000000000005,5.0,11.81818181818182,130.00000000000003
突破买入,1d,20,7,10,33,10,30.303030303030305,19.389140566741236,7.000000000000006,2.857142857142857,11.81818181818182,328.9140566741218
趋势EMA交叉,4h,10,2,15,198,46,23.232323232323232,9.197397031462263,2.0000000000000013,5.0,11.818181818181813,1786.2039517089597
突破买入,4h,10,2,20,380,82,21.578947368421055,9.326473067325923,1.9951432607103472,5.0,11.789473684210538,3404.361996580843
EMA7/25金叉,4h,20,3,5,181,42,23.204419889502763,13.24433519261937,2.981701341925187,6.666666666666667,11.685082872928172,709.0279578120626
突破买入,1h,15,10,5,495,244,49.292929292929294,5.383644394748081,4.224885758419157,1.5,11.61616161616162,1265.8145347766167
EMA7/25金叉,4h,15,10,5,114,56,49.122807017543856,9.954740246134017,7.531957784018053,1.5,11.403508771929815,603.0595115522888
RSI超卖,4h,15,3,10,235,54,22.97872340425532,11.748879250872514,2.96977937552232,5.0,11.361702127659573,969.0941257757572
看涨插针,1h,10,2,10,911,238,26.125137211855105,5.547915376960194,1.958885810170254,5.0,11.350164654226123,20.737094719456763
趋势EMA交叉,4h,10,3,10,173,55,31.79190751445087,8.962057767286225,3.000000000000003,3.3333333333333335,11.329479768786129,1389.1317720074203
看涨插针,1d,15,2,10,76,14,18.421052631578945,14.999999999999991,2.0000000000000013,7.5,11.315789473684212,859.9999999999975
突破买入,4h,20,3,5,258,59,22.868217054263564,13.111372648597973,2.9877019682999166,6.666666666666667,11.298449612403102,895.0914728779846
趋势EMA交叉,1d,20,2,5,31,6,19.35483870967742,19.999999999999993,2.0000000000000018,10.0,11.290322580645162,349.99999999999955
突破买入,1d,15,3,15,48,10,20.833333333333336,14.999999999999995,3.0000000000000027,5.0,11.250000000000007,539.9999999999969
突破买入,1h,10,2,10,918,239,26.034858387799563,5.812778496724719,1.941831422236353,5.0,11.24183006535948,707.5052501872382
突破买入,1d,10,3,25,49,13,26.53061224489796,10.000000000000007,3.0000000000000036,3.3333333333333335,11.224489795918387,550.0
RSI超卖,4h,30,2,5,264,35,13.257575757575758,15.725070997721414,1.991459378437749,15.0,11.212121212121213,471.66643629002493
EMA50/200黄金交叉,1h,10,5,5,145,70,48.275862068965516,5.097847870544723,3.9088349427818216,2.0,11.206896551724137,318.4336511474698
放量突破,4h,15,5,5,116,42,36.206896551724135,11.419200851248036,4.849372459919292,3.0,11.206896551724132,603.7643685919495
看涨插针,1d,15,10,5,47,23,48.93617021276596,14.999999999999993,9.999999999999998,1.5,11.170212765957444,524.999999999999
趋势EMA交叉,4h,15,5,5,130,47,36.15384615384615,10.318217625435752,4.756299597393086,3.0,11.153846153846157,450.91680905927007
RSI超卖,1h,15,10,5,366,179,48.90710382513661,5.445588904287233,5.008734914274831,1.5,11.133879781420763,190.63492449010698
RSI超卖,1d,20,2,25,45,5,11.11111111111111,19.999999999999993,2.000000000000001,10.0,11.111111111111114,499.99999999999824
看涨插针,4h,10,3,30,301,78,25.91362126245847,8.78814330120439,2.947583285237518,3.3333333333333335,11.063122923588026,844.9231465792766
恐慌闪崩,1h,50,2,15,19,1,5.263157894736842,1.4053077357425119,2.0000000000000018,25.0,11.052631578947366,-518.9203839638627
恐慌闪崩,1h,30,3,5,19,3,15.789473684210526,3.2665468912883036,2.863524003900972,10.0,11.052631578947366,-180.08371694275314
看涨插针,4h,10,5,15,238,91,38.23529411764706,8.402645425741595,4.745301483961002,2.0,11.029411764705877,1006.2212340032652
EMA7/25金叉,4h,10,3,15,202,58,28.71287128712871,9.049440950262277,2.9823367119972293,3.3333333333333335,10.990099009900987,1431.1663288141656
EMA7/25金叉,4h,15,2,15,224,36,16.071428571428573,11.763569544731732,2.0000000000000013,7.5,10.982142857142861,712.3275541551328
突破买入,1d,20,5,10,41,10,24.390243902439025,19.389140566741233,5.0000000000000036,4.0,10.975609756097562,388.914056674122
RSI超卖,4h,20,2,10,271,38,14.022140221402212,14.007659463857516,1.9916059985504058,10.0,10.848708487084867,682.4686196434108
看涨插针,1d,20,5,5,56,16,28.57142857142857,19.999999999999993,5.000000000000004,4.0,10.714285714285712,599.9999999999986
恐慌闪崩,1d,10,5,15,21,8,38.095238095238095,10.000000000000005,5.0000000000000036,2.0,10.714285714285708,224.99999999999977
恐慌闪崩,1d,15,5,15,21,6,28.57142857142857,14.999999999999993,5.0000000000000036,3.0,10.714285714285701,224.99999999999835
RSI超卖,4h,10,3,30,248,64,25.806451612903224,9.212427731613658,2.9863362462353034,3.3333333333333335,10.64516129032259,1203.2851654793465
EMA50/200黄金交叉,4h,10,2,15,31,7,22.58064516129032,8.186691116842995,2.000000000000003,5.0,10.645161290322577,139.6025672685135
突破买入,4h,10,3,15,319,91,28.526645768025077,9.085424237087746,2.989266191630191,3.3333333333333335,10.626959247648898,2178.3137082495205
EMA7/25金叉,4h,10,5,15,163,62,38.036809815950924,8.702050632760379,4.77165419726505,2.0,10.582822085889575,863.850979610601
放量突破,1h,10,3,5,524,206,39.31297709923664,5.39415527786192,2.806737577612319,3.3333333333333335,10.553435114503817,1093.2671877941905
趋势EMA交叉,1d,15,7,5,29,12,41.37931034482759,14.999999999999991,7.000000000000007,2.142857142857143,10.517241379310342,304.99999999999875
RSI超卖,4h,15,10,5,126,61,48.41269841269841,10.94080441157667,8.47944998641766,1.5,10.51587301587302,581.1240999451446
RSI超卖,1d,15,10,5,31,15,48.38709677419355,14.999999999999993,10.0,1.5,10.483870967741936,324.99999999999943
看涨插针,1d,10,3,10,74,23,31.08108108108108,10.000000000000009,3.0000000000000027,3.3333333333333335,10.405405405405403,770.0000000000006
趋势EMA交叉,4h,15,2,10,185,33,17.83783783783784,11.590008059156936,2.000000000000001,7.5,10.324324324324323,784.7026595217869
看涨插针,4h,20,3,5,259,57,22.00772200772201,12.002485957228345,2.945327441386197,6.666666666666667,10.308880308880308,445.9277820100198
EMA7/25金叉,1d,15,5,5,34,12,35.294117647058826,14.999999999999991,5.000000000000003,3.0,10.29411764705883,349.9999999999991
EMA7/25金叉,1d,10,3,5,36,14,38.88888888888889,10.000000000000009,3.0000000000000044,3.3333333333333335,10.277777777777782,370.0000000000001
恐慌闪崩,1h,75,2,5,19,1,5.263157894736842,1.4053077357425119,2.0000000000000018,37.5,10.26315789473684,-172.97346132128757
EMA7/25金叉,1d,20,2,5,38,7,18.421052631578945,19.999999999999993,2.000000000000002,10.0,10.26315789473684,389.99999999999955
RSI超卖,1d,20,3,10,40,7,17.5,20.0,3.0000000000000018,6.666666666666667,10.250000000000004,409.9999999999993
RSI超卖,1d,15,3,20,41,8,19.51219512195122,14.99999999999999,3.0000000000000018,5.0,10.243902439024382,419.99999999999716
放量突破,4h,15,3,5,132,37,28.030303030303028,11.901786556781829,2.9770945001612663,5.0,10.227272727272723,787.710625428037
放量突破,1h,10,5,5,458,215,46.943231441048034,5.068515460055906,3.8825636381668045,2.0,10.207423580786026,731.3392991874315
突破买入,1d,20,2,5,49,9,18.367346938775512,19.999999999999993,2.0000000000000013,10.0,10.204081632653063,499.99999999999943
EMA50/200黄金交叉,4h,10,3,5,31,12,38.70967741935484,8.942236484825084,3.0000000000000027,3.3333333333333335,10.161290322580644,251.53418908950474
RSI超卖,1d,15,5,5,37,13,35.13513513513514,14.999999999999991,5.000000000000004,3.0,10.135135135135133,374.9999999999989
RSI超卖,1h,15,2,5,711,168,23.628691983122362,5.7775903783565745,1.965428936195953,7.5,10.08438818565401,-482.9636439524886
RSI超卖,1d,10,2,20,48,10,20.833333333333336,10.000000000000009,2.0000000000000013,5.0,10.000000000000014,480.0000000000009
突破买入,1d,15,2,10,51,9,17.647058823529413,14.999999999999993,2.000000000000001,7.5,10.000000000000007,509.9999999999988
看涨插针,1d,15,5,15,60,17,28.333333333333332,14.999999999999988,5.0000000000000036,3.0,10.0,599.9999999999942
恐慌闪崩,1d,10,2,10,24,6,25.0,10.000000000000005,2.0,5.0,10.0,240.00000000000026
突破买入,1d,20,3,5,46,10,21.73913043478261,19.389140566741233,3.000000000000003,6.666666666666667,10.0,429.45702833706105
看涨插针,1d,10,2,10,80,20,25.0,10.000000000000009,2.0000000000000013,5.0,10.0,800.0000000000006
突破买入,4h,15,2,10,329,58,17.62917933130699,12.347712934144186,1.994659378936101,7.5,9.969604863221882,1756.146584886793
看涨插针,4h,15,2,15,313,49,15.654952076677317,11.30879735795491,1.995167314178255,7.5,9.920127795527154,411.10349395097
放量突破,4h,15,2,5,141,33,23.404255319148938,11.656657914265669,2.000000000000002,7.5,9.893617021276595,843.3485558538343
趋势EMA交叉,1h,10,5,5,430,200,46.51162790697674,5.042418816129811,3.8272425295189794,2.0,9.88372093023256,641.0899071829847
看涨插针,1d,20,2,5,72,13,18.055555555555554,19.999999999999996,2.0000000000000013,10.0,9.861111111111109,709.999999999999
EMA7/25金叉,4h,15,7,5,135,55,40.74074074074074,10.60506038547881,6.187196910660376,2.142857142857143,9.814814814814813,441.51284174252214
RSI超卖,4h,15,2,20,280,41,14.642857142857144,11.98512098153841,1.9918167266202698,7.5,9.785714285714292,306.91525161660667
RSI超卖,4h,20,3,5,223,48,21.524663677130047,12.947976366800651,2.9687432398259426,6.666666666666667,9.75336322869955,509.86399318445604
RSI超卖,1d,30,3,5,40,6,15.0,30.000000000000004,3.0000000000000018,10.0,9.75,389.9999999999998
RSI超卖,1d,20,5,5,36,10,27.77777777777778,19.999999999999996,5.000000000000004,4.0,9.722222222222221,349.9999999999993
EMA7/25金叉,4h,10,2,20,237,49,20.675105485232066,9.267316349090361,2.0000000000000013,5.0,9.62025316455696,1561.9700221085498
恐慌闪崩,1d,10,3,10,23,7,30.434782608695656,10.000000000000005,3.0000000000000018,3.3333333333333335,9.565217391304351,220.00000000000006
趋势EMA交叉,1h,10,3,5,495,187,37.77777777777778,5.116155512843989,2.737031341491758,3.3333333333333335,9.555555555555555,568.5771386118222
看涨插针,4h,15,7,5,173,70,40.46242774566474,9.783550357205211,6.041082765136231,2.142857142857143,9.50867052023122,313.0850009766652
RSI超卖,1h,10,2,10,724,178,24.585635359116022,5.45080706855041,1.9656188870959752,5.0,9.50276243093923,-1029.842541524294
趋势EMA交叉,4h,15,3,5,158,43,27.21518987341772,10.83569606776252,3.0000000000000036,5.0,9.49367088607595,604.6746545689396
看涨插针,4h,15,3,10,269,59,21.933085501858738,10.595769477370933,2.947410205523866,5.0,9.479553903345728,61.94256004873388
恐慌闪崩,1h,20,3,15,19,3,15.789473684210526,3.2665468912883036,2.863524003900972,6.666666666666667,9.473684210526322,-540.2511508282595
趋势EMA交叉,4h,20,2,5,181,32,17.67955801104972,13.883495517802942,2.000000000000001,10.0,9.447513812154693,731.3592828484698
RSI超卖,1d,10,3,15,43,12,27.906976744186046,10.000000000000009,3.0000000000000013,3.3333333333333335,9.418604651162795,405.0000000000012
RSI超卖,1d,20,7,10,34,10,29.411764705882355,19.999999999999996,7.000000000000007,2.857142857142857,9.411764705882362,319.99999999999795
趋势EMA交叉,1d,10,2,5,31,10,32.25806451612903,10.00000000000001,2.000000000000002,5.0,9.354838709677418,290.00000000000034
EMA7/25金叉,1h,10,5,5,486,222,45.67901234567901,5.099034721744919,3.84480724646081,2.0,9.259259259259265,584.7829758085919
突破买入,1d,30,10,5,27,8,29.629629629629626,27.651377001524725,9.999999999999996,3.0,9.25925925925926,156.0550800609894
恐慌闪崩,4h,15,5,10,27,8,29.629629629629626,11.543601919555417,4.775143272311832,3.0,9.25925925925926,16.210931825185337
恐慌闪崩,4h,50,3,10,27,2,7.4074074074074066,5.282658475967096,3.0000000000000036,16.666666666666668,9.259259259259252,-644.3468304806589
突破买入,4h,15,7,5,184,74,40.21739130434783,10.824740605854663,6.427102482123543,2.142857142857143,9.239130434782606,470.24765899827656
看涨插针,4h,10,3,25,301,78,25.91362126245847,8.78814330120439,2.947583285237518,3.3333333333333335,9.219269102990026,704.1026221493972
恐慌闪崩,1d,15,10,5,19,9,47.368421052631575,14.999999999999993,9.999999999999998,1.5,9.210526315789473,174.99999999999977
EMA50/200黄金交叉,4h,15,2,5,31,7,22.58064516129032,10.368028244708338,2.000000000000003,7.5,9.193548387096772,122.88098856479141
趋势EMA交叉,1d,15,2,5,31,7,22.58064516129032,14.99999999999999,2.000000000000002,7.5,9.193548387096772,284.9999999999993
突破买入,1h,10,5,5,606,276,45.54455445544555,5.277936621083774,3.788694223858364,2.0,9.158415841584162,1032.2070677293073
恐慌闪崩,1d,15,3,10,23,5,21.73913043478261,14.999999999999995,3.0000000000000018,5.0,9.130434782608695,209.9999999999993
放量突破,1d,10,5,5,11,5,45.45454545454545,10.000000000000007,5.000000000000004,2.0,9.090909090909092,100.00000000000009
恐慌闪崩,4h,15,7,5,25,10,40.0,12.234881535644332,6.581848144928319,2.142857142857143,9.0,118.10546591259265
突破买入,1d,10,3,20,49,13,26.53061224489796,10.000000000000007,3.0000000000000036,3.3333333333333335,8.979591836734706,440.0
RSI超卖,1d,20,2,20,45,5,11.11111111111111,19.999999999999993,2.000000000000001,10.0,8.888888888888886,399.9999999999986
恐慌闪崩,4h,100,2,5,27,1,3.7037037037037033,6.784116071707838,2.0000000000000027,50.0,8.888888888888886,-226.0794196414612
RSI超卖,4h,10,3,25,248,64,25.806451612903224,9.212427731613658,2.9863362462353034,3.3333333333333335,8.870967741935488,1002.7376378994553
趋势EMA交叉,1d,10,5,5,31,14,45.16129032258064,10.000000000000009,5.000000000000002,2.0,8.87096774193548,275.0000000000006
突破买入,4h,10,2,15,380,82,21.578947368421055,9.326473067325923,1.9951432607103472,5.0,8.842105263157904,2553.271497435632
恐慌闪崩,1h,15,10,5,17,8,47.05882352941176,6.153912890007539,8.008253509750134,1.5,8.823529411764696,-114.21489233845446
EMA7/25金叉,1h,10,3,5,590,216,36.610169491525426,5.278094625073129,2.76888361280942,3.3333333333333335,8.796610169491526,522.5298391253652
EMA7/25金叉,4h,15,5,5,151,51,33.77483443708609,10.46697537496859,4.769370739237701,3.0,8.774834437086092,284.39335099814036
恐慌闪崩,1d,20,2,10,23,3,13.043478260869565,19.999999999999996,1.9999999999999993,10.0,8.695652173913047,200.0
放量突破,1d,10,3,5,11,4,36.36363636363637,10.00000000000001,3.000000000000003,3.3333333333333335,8.636363636363637,95.00000000000009
突破买入,1h,10,3,5,735,267,36.3265306122449,5.475120625655829,2.749420465845965,3.3333333333333335,8.612244897959183,875.6421451709725
看涨插针,1h,10,3,5,745,270,36.241610738255034,5.236314780986315,2.797275526382797,3.3333333333333335,8.55704697986577,425.4955791723826
恐慌闪崩,4h,75,2,10,27,1,3.7037037037037033,6.784116071707838,2.0000000000000027,37.5,8.518518518518519,-452.1588392829224
看涨插针,1h,10,5,5,607,271,44.64579901153213,5.2537377910111065,3.878253858616538,2.0,8.4843492586491,603.3482243442652
RSI超卖,1d,30,2,10,45,4,8.88888888888889,30.000000000000004,2.000000000000001,15.0,8.44444444444445,379.99999999999966
突破买入,1d,10,2,10,55,13,23.636363636363637,10.000000000000007,2.0000000000000013,5.0,8.363636363636363,460.00000000000045
恐慌闪崩,1d,15,2,10,24,4,16.666666666666664,14.999999999999991,2.0,7.5,8.333333333333329,199.99999999999966
突破买入,4h,10,5,10,247,96,38.8663967611336,8.964052517762072,4.7901044115021945,2.0,8.2995951417004,1372.4327556832757
突破买入,4h,20,2,5,313,52,16.61341853035144,13.501404642872412,1.9944547574393996,10.0,8.274760383386583,907.6017486884102
看涨插针,4h,15,5,5,205,68,33.170731707317074,10.506996344541209,4.735345897207906,3.0,8.170731707317078,328.66681755659556
看涨插针,1d,10,5,15,65,24,36.92307692307693,10.000000000000009,5.000000000000004,2.0,8.07692307692308,525.0000000000002
EMA7/25金叉,1d,15,10,5,28,13,46.42857142857143,14.999999999999991,9.999999999999998,1.5,8.035714285714285,224.99999999999946
EMA7/25金叉,1d,15,2,5,38,8,21.052631578947366,14.999999999999988,2.000000000000002,7.5,7.894736842105264,299.9999999999992
恐慌闪崩,1h,10,5,15,19,7,36.84210526315789,5.746356375759634,4.339523465645938,2.0,7.89473684210526,-177.74680436150732
RSI超卖,4h,10,5,15,190,70,36.84210526315789,8.797505406165925,4.85366718557766,2.0,7.89473684210526,500.77974243443435
恐慌闪崩,1h,20,5,5,19,5,26.31578947368421,6.044898926063477,4.433877256267948,4.0,7.89473684210526,-159.24893478716942
趋势EMA交叉,4h,10,2,10,198,46,23.232323232323232,9.197397031462263,2.0000000000000013,5.0,7.878787878787877,1190.80263447264
恐慌闪崩,1d,50,2,30,23,1,4.3478260869565215,49.999999999999986,1.9999999999999998,25.0,7.826086956521742,179.9999999999999
看涨插针,1d,15,3,5,71,18,25.352112676056336,14.999999999999991,3.000000000000003,5.0,7.816901408450702,554.9999999999983
恐慌闪崩,1h,15,7,5,18,7,38.88888888888889,4.890186160008615,5.915843780704659,2.142857142857143,7.777777777777782,-154.21489233845472
突破买入,4h,15,5,5,211,69,32.70142180094787,11.494648791810876,4.784772665318684,3.0,7.70142180094787,568.4652407984865
RSI超卖,1d,15,3,15,41,8,19.51219512195122,14.99999999999999,3.0000000000000018,5.0,7.682926829268283,314.99999999999784
突破买入,1d,15,7,10,34,12,35.294117647058826,14.999999999999991,7.000000000000006,2.142857142857143,7.64705882352942,259.9999999999976
RSI超卖,1d,15,7,10,34,12,35.294117647058826,14.999999999999993,7.000000000000006,2.142857142857143,7.64705882352942,259.9999999999974
RSI超卖,4h,15,5,5,184,60,32.608695652173914,11.64811034646178,4.818421451060994,3.0,7.608695652173914,507.0118042807175
EMA7/25金叉,4h,20,2,5,219,35,15.981735159817351,14.151145549367364,2.0000000000000013,10.0,7.579908675799086,636.4504711392873
RSI超卖,1d,10,2,15,48,10,20.833333333333336,10.000000000000009,2.0000000000000013,5.0,7.500000000000007,360.0000000000007
突破买入,1d,15,3,10,48,10,20.833333333333336,14.999999999999995,3.0000000000000027,5.0,7.5000000000000036,359.99999999999795
恐慌闪崩,1d,30,3,5,22,3,13.636363636363635,30.0,3.0000000000000027,10.0,7.5,164.99999999999972
恐慌闪崩,4h,20,5,5,27,7,25.925925925925924,11.517873288497311,4.78638610869624,4.0,7.407407407407408,-75.5130457722182
趋势EMA交叉,1h,10,2,5,587,170,28.960817717206133,5.4607669311083225,1.9363357543317343,5.0,7.37649063032368,604.3918436604079
看涨插针,4h,10,3,20,301,78,25.91362126245847,8.78814330120439,2.947583285237518,3.3333333333333335,7.3754152823920265,563.2820977195178
EMA7/25金叉,1d,10,2,5,38,11,28.947368421052634,10.000000000000012,2.000000000000002,5.0,7.3684210526315805,280.0000000000002
恐慌闪崩,1h,50,2,10,19,1,5.263157894736842,1.4053077357425119,2.0000000000000018,25.0,7.368421052631575,-345.94692264257515
看涨插针,4h,10,5,10,238,91,38.23529411764706,8.402645425741595,4.745301483961002,2.0,7.352941176470587,670.8141560021768
RSI超卖,4h,15,2,15,280,41,14.642857142857144,11.98512098153841,1.9918167266202698,7.5,7.339285714285719,230.18643871245501
EMA7/25金叉,4h,10,3,10,202,58,28.71287128712871,9.049440950262277,2.9823367119972293,3.3333333333333335,7.326732673267326,954.1108858761104
EMA7/25金叉,4h,15,2,10,224,36,16.071428571428573,11.763569544731732,2.0000000000000013,7.5,7.3214285714285765,474.88503610342184
突破买入,4h,15,3,5,271,67,24.723247232472325,11.539249212254223,2.9739952353716967,5.0,7.250922509225093,832.1733460260339
EMA7/25金叉,4h,10,2,15,237,49,20.675105485232066,9.267316349090361,2.0000000000000013,5.0,7.215189873417724,1171.4775165814124
RSI超卖,4h,15,7,5,154,59,38.311688311688314,11.024599875916046,6.443299802717595,2.142857142857143,7.1428571428571495,191.6895571043753
恐慌闪崩,1d,10,5,10,21,8,38.095238095238095,10.000000000000005,5.0000000000000036,2.0,7.142857142857142,149.99999999999986
恐慌闪崩,1d,15,5,10,21,6,28.57142857142857,14.999999999999993,5.0000000000000036,3.0,7.142857142857139,149.9999999999989
放量突破,4h,10,3,5,144,49,34.02777777777778,9.234412893272324,2.9770945001612663,3.3333333333333335,7.118055555555557,848.3112712751183
EMA50/200黄金交叉,4h,10,2,10,31,7,22.58064516129032,8.186691116842995,2.000000000000003,5.0,7.096774193548384,93.06837817900899
RSI超卖,4h,10,3,20,248,64,25.806451612903224,9.212427731613658,2.9863362462353034,3.3333333333333335,7.096774193548384,802.1901103195643
突破买入,4h,10,3,10,319,91,28.526645768025077,9.085424237087746,2.989266191630191,3.3333333333333335,7.084639498432601,1452.2091388330136
EMA7/25金叉,1d,15,7,5,34,13,38.23529411764706,14.999999999999988,7.000000000000005,2.142857142857143,7.058823529411757,239.99999999999858
EMA7/25金叉,4h,10,5,10,163,62,38.036809815950924,8.702050632760379,4.77165419726505,2.0,7.055214723926387,575.900653073734
恐慌闪崩,1d,15,7,10,20,7,35.0,14.999999999999995,7.000000000000009,2.142857142857143,7.0,139.9999999999984
放量突破,1h,10,2,5,608,171,28.125,5.489212420431078,1.9591389292450898,5.0,6.875,412.5580590680502
RSI超卖,1h,10,5,5,469,199,42.430703624733475,5.104794593917744,4.094175822382911,2.0,6.8230277185501045,-447.8667392687738
EMA7/25金叉,4h,15,3,5,186,45,24.193548387096776,11.06420730729462,2.981960897358872,5.0,6.774193548387096,387.1642115032844
恐慌闪崩,1d,75,2,5,23,1,4.3478260869565215,74.99999999999999,1.9999999999999998,37.5,6.739130434782609,155.00000000000003
突破买入,1d,10,3,15,49,13,26.53061224489796,10.000000000000007,3.0000000000000036,3.3333333333333335,6.734693877551024,330.0
RSI超卖,1d,20,2,15,45,5,11.11111111111111,19.999999999999993,2.000000000000001,10.0,6.666666666666671,299.9999999999989
看涨插针,1d,15,5,10,60,17,28.333333333333332,14.999999999999988,5.0000000000000036,3.0,6.666666666666664,399.99999999999613
RSI超卖,1h,10,3,5,592,197,33.27702702702703,5.191018330288347,2.8472990855751923,3.3333333333333335,6.630067567567572,-510.2626386769831
看涨插针,4h,15,2,10,313,49,15.654952076677317,11.30879735795491,1.995167314178255,7.5,6.613418530351439,274.06899596731336
看涨插针,4h,20,2,5,305,46,15.081967213114755,13.617338205163145,1.9950740190851712,10.0,6.590163934426231,548.3669324722275
放量突破,4h,10,2,5,152,42,27.631578947368425,9.106815042151043,2.0000000000000018,5.0,6.578947368421055,812.4311588517184
RSI超卖,1d,10,5,5,38,16,42.10526315789473,10.00000000000001,5.000000000000005,2.0,6.5789473684210495,250.0000000000003
EMA7/25金叉,1h,10,2,5,707,195,27.58132956152758,5.564975698525712,1.9504509720788263,5.0,6.548797736916545,432.6968175407742
RSI超卖,1d,15,2,30,46,6,13.043478260869565,14.999999999999986,2.0000000000000013,7.5,6.5217391304347885,299.9999999999961
恐慌闪崩,1d,50,2,25,23,1,4.3478260869565215,49.999999999999986,1.9999999999999998,25.0,6.521739130434774,149.99999999999991
看涨插针,1d,15,7,5,53,20,37.735849056603776,14.999999999999991,7.000000000000005,2.142857142857143,6.509433962264154,344.9999999999982
放量突破,4h,10,5,5,131,55,41.98473282442748,9.146264553135788,4.853336342552995,2.0,6.4885496183206115,670.9549419422035
恐慌闪崩,1h,20,3,10,19,3,15.789473684210526,3.2665468912883036,2.863524003900972,6.666666666666667,6.315789473684212,-360.1674338855063
RSI超卖,1d,10,3,10,43,12,27.906976744186046,10.000000000000009,3.0000000000000013,3.3333333333333335,6.279069767441861,270.0000000000008
EMA7/25金叉,1d,10,5,5,36,15,41.66666666666667,10.000000000000007,5.000000000000002,2.0,6.250000000000009,225.0000000000005
恐慌闪崩,1d,20,5,5,20,5,25.0,20.0,5.0000000000000036,4.0,6.25,124.99999999999969
趋势EMA交叉,4h,10,5,5,142,59,41.54929577464789,8.74012921191908,4.756299597393086,2.0,6.161971830985916,604.4737845979969
恐慌闪崩,1d,20,3,5,22,4,18.181818181818183,19.999999999999996,3.0000000000000027,6.666666666666667,5.909090909090914,129.9999999999997
突破买入,1d,20,7,5,33,10,30.303030303030305,19.389140566741236,7.000000000000006,2.857142857142857,5.90909090909091,164.4570283370609
突破买入,4h,10,2,10,380,82,21.578947368421055,9.326473067325923,1.9951432607103472,5.0,5.894736842105269,1702.1809982904215
RSI超卖,4h,15,3,5,235,54,22.97872340425532,11.748879250872514,2.96977937552232,5.0,5.680851063829786,484.5470628878786
看涨插针,1h,10,2,5,911,238,26.125137211855105,5.547915376960194,1.958885810170254,5.0,5.675082327113062,10.368547359728382
趋势EMA交叉,4h,10,3,5,173,55,31.79190751445087,8.962057767286225,3.000000000000003,3.3333333333333335,5.6647398843930645,694.5658860037101
看涨插针,1d,15,2,5,76,14,18.421052631578945,14.999999999999991,2.0000000000000013,7.5,5.657894736842106,429.99999999999875
突破买入,1h,10,2,5,918,239,26.034858387799563,5.812778496724719,1.941831422236353,5.0,5.62091503267974,353.7526250936191
看涨插针,4h,10,3,15,301,78,25.91362126245847,8.78814330120439,2.947583285237518,3.3333333333333335,5.531561461794013,422.4615732896383
突破买入,1d,20,5,5,41,10,24.390243902439025,19.389140566741233,5.0000000000000036,4.0,5.487804878048781,194.457028337061
RSI超卖,1d,15,2,25,46,6,13.043478260869565,14.999999999999986,2.0000000000000013,7.5,5.434782608695649,249.9999999999967
RSI超卖,4h,20,2,5,271,38,14.022140221402212,14.007659463857516,1.9916059985504058,10.0,5.4243542435424335,341.2343098217054
看涨插针,1d,10,5,10,65,24,36.92307692307693,10.000000000000009,5.000000000000004,2.0,5.38461538461539,350.0000000000001
看涨插针,4h,10,2,30,347,63,18.155619596541786,9.224373799489301,1.9955076441657018,5.0,5.360230547550422,432.34135274300024
RSI超卖,4h,10,3,15,248,64,25.806451612903224,9.212427731613658,2.9863362462353034,3.3333333333333335,5.322580645161295,601.6425827396732
RSI超卖,4h,10,5,10,190,70,36.84210526315789,8.797505406165925,4.85366718557766,2.0,5.263157894736835,333.85316162295624
恐慌闪崩,1h,10,5,10,19,7,36.84210526315789,5.746356375759634,4.339523465645938,2.0,5.263157894736835,-118.49786957433821
恐慌闪崩,1d,50,2,20,23,1,4.3478260869565215,49.999999999999986,1.9999999999999998,25.0,5.217391304347828,119.99999999999993
看涨插针,1d,10,3,5,74,23,31.08108108108108,10.000000000000009,3.0000000000000027,3.3333333333333335,5.202702702702702,385.0000000000003
趋势EMA交叉,4h,15,2,5,185,33,17.83783783783784,11.590008059156936,2.000000000000001,7.5,5.162162162162161,392.35132976089346
RSI超卖,1d,20,3,5,40,7,17.5,20.0,3.0000000000000018,6.666666666666667,5.125000000000002,204.99999999999966
RSI超卖,1d,15,3,10,41,8,19.51219512195122,14.99999999999999,3.0000000000000018,5.0,5.121951219512191,209.99999999999858
RSI超卖,1d,10,2,10,48,10,20.833333333333336,10.000000000000009,2.0000000000000013,5.0,5.000000000000007,240.00000000000045
突破买入,1d,15,2,5,51,9,17.647058823529413,14.999999999999993,2.000000000000001,7.5,5.0000000000000036,254.9999999999994
看涨插针,1d,10,2,5,80,20,25.0,10.000000000000009,2.0000000000000013,5.0,5.0,400.0000000000003
恐慌闪崩,1d,10,2,5,24,6,25.0,10.000000000000005,2.0,5.0,5.0,120.00000000000013
突破买入,4h,15,2,5,329,58,17.62917933130699,12.347712934144186,1.994659378936101,7.5,4.984802431610941,878.0732924433966
RSI超卖,4h,15,2,10,280,41,14.642857142857144,11.98512098153841,1.9918167266202698,7.5,4.892857142857146,153.45762580830333
EMA7/25金叉,4h,10,2,10,237,49,20.675105485232066,9.267316349090361,2.0000000000000013,5.0,4.81012658227848,780.9850110542749
恐慌闪崩,1d,10,3,5,23,7,30.434782608695656,10.000000000000005,3.0000000000000018,3.3333333333333335,4.782608695652176,110.00000000000003
RSI超卖,1h,10,2,5,724,178,24.585635359116022,5.45080706855041,1.9656188870959752,5.0,4.751381215469615,-514.921270762147
看涨插针,4h,15,3,5,269,59,21.933085501858738,10.595769477370933,2.947410205523866,5.0,4.739776951672864,30.97128002436694
RSI超卖,1d,20,7,5,34,10,29.411764705882355,19.999999999999996,7.000000000000007,2.857142857142857,4.705882352941181,159.99999999999898
恐慌闪崩,4h,15,5,5,27,8,29.629629629629626,11.543601919555417,4.775143272311832,3.0,4.62962962962963,8.105465912592669
恐慌闪崩,4h,50,3,5,27,2,7.4074074074074066,5.282658475967096,3.0000000000000036,16.666666666666668,4.629629629629626,-322.17341524032946
恐慌闪崩,1d,15,3,5,23,5,21.73913043478261,14.999999999999995,3.0000000000000018,5.0,4.565217391304348,104.99999999999964
突破买入,1d,10,3,10,49,13,26.53061224489796,10.000000000000007,3.0000000000000036,3.3333333333333335,4.489795918367353,220.0
看涨插针,4h,10,2,25,347,63,18.155619596541786,9.224373799489301,1.9955076441657018,5.0,4.4668587896253555,360.28446061916685
RSI超卖,1d,20,2,10,45,5,11.11111111111111,19.999999999999993,2.000000000000001,10.0,4.444444444444443,199.9999999999993
恐慌闪崩,1d,20,2,5,23,3,13.043478260869565,19.999999999999996,1.9999999999999993,10.0,4.347826086956523,100.0
RSI超卖,1d,15,2,20,46,6,13.043478260869565,14.999999999999986,2.0000000000000013,7.5,4.347826086956523,199.99999999999739
恐慌闪崩,4h,75,2,5,27,1,3.7037037037037033,6.784116071707838,2.0000000000000027,37.5,4.2592592592592595,-226.0794196414612
RSI超卖,1d,30,2,5,45,4,8.88888888888889,30.000000000000004,2.000000000000001,15.0,4.222222222222225,189.99999999999983
突破买入,1d,10,2,5,55,13,23.636363636363637,10.000000000000007,2.0000000000000013,5.0,4.181818181818182,230.00000000000023
恐慌闪崩,1d,15,2,5,24,4,16.666666666666664,14.999999999999991,2.0,7.5,4.166666666666664,99.99999999999983
突破买入,4h,10,5,5,247,96,38.8663967611336,8.964052517762072,4.7901044115021945,2.0,4.1497975708502,686.2163778416378
恐慌闪崩,1h,15,5,15,19,5,26.31578947368421,5.044898926063477,4.433877256267948,3.0,3.947368421052623,-552.7468043615082
趋势EMA交叉,4h,10,2,5,198,46,23.232323232323232,9.197397031462263,2.0000000000000013,5.0,3.9393939393939386,595.40131723632
恐慌闪崩,1d,50,2,15,23,1,4.3478260869565215,49.999999999999986,1.9999999999999998,25.0,3.913043478260871,89.99999999999994
突破买入,1d,15,7,5,34,12,35.294117647058826,14.999999999999991,7.000000000000006,2.142857142857143,3.82352941176471,129.9999999999988
RSI超卖,1d,15,7,5,34,12,35.294117647058826,14.999999999999993,7.000000000000006,2.142857142857143,3.82352941176471,129.9999999999987
突破买入,1d,15,3,5,48,10,20.833333333333336,14.999999999999995,3.0000000000000027,5.0,3.7500000000000018,179.99999999999898
看涨插针,4h,10,3,10,301,78,25.91362126245847,8.78814330120439,2.947583285237518,3.3333333333333335,3.6877076411960132,281.6410488597589
恐慌闪崩,1h,50,2,5,19,1,5.263157894736842,1.4053077357425119,2.0000000000000018,25.0,3.6842105263157876,-172.97346132128757
看涨插针,4h,10,5,5,238,91,38.23529411764706,8.402645425741595,4.745301483961002,2.0,3.6764705882352935,335.4070780010884
EMA7/25金叉,4h,10,3,5,202,58,28.71287128712871,9.049440950262277,2.9823367119972293,3.3333333333333335,3.663366336633663,477.0554429380552
EMA7/25金叉,4h,15,2,5,224,36,16.071428571428573,11.763569544731732,2.0000000000000013,7.5,3.6607142857142883,237.44251805171092
看涨插针,4h,10,2,20,347,63,18.155619596541786,9.224373799489301,1.9955076441657018,5.0,3.5734870317002887,288.22756849533346
恐慌闪崩,1d,10,5,5,21,8,38.095238095238095,10.000000000000005,5.0000000000000036,2.0,3.571428571428571,74.99999999999993
恐慌闪崩,1d,15,5,5,21,6,28.57142857142857,14.999999999999993,5.0000000000000036,3.0,3.5714285714285694,74.99999999999945
EMA50/200黄金交叉,4h,10,2,5,31,7,22.58064516129032,8.186691116842995,2.000000000000003,5.0,3.548387096774192,46.534189089504494
RSI超卖,4h,10,3,10,248,64,25.806451612903224,9.212427731613658,2.9863362462353034,3.3333333333333335,3.548387096774192,401.09505515978213
突破买入,4h,10,3,5,319,91,28.526645768025077,9.085424237087746,2.989266191630191,3.3333333333333335,3.5423197492163006,726.1045694165068
EMA7/25金叉,4h,10,5,5,163,62,38.036809815950924,8.702050632760379,4.77165419726505,2.0,3.5276073619631934,287.950326536867
恐慌闪崩,1d,15,7,5,20,7,35.0,14.999999999999995,7.000000000000009,2.142857142857143,3.5,69.9999999999992
看涨插针,1d,15,5,5,60,17,28.333333333333332,14.999999999999988,5.0000000000000036,3.0,3.333333333333332,199.99999999999807
看涨插针,4h,15,2,5,313,49,15.654952076677317,11.30879735795491,1.995167314178255,7.5,3.3067092651757193,137.03449798365668
RSI超卖,1d,15,2,15,46,6,13.043478260869565,14.999999999999986,2.0000000000000013,7.5,3.2608695652173942,149.99999999999804
突破买入,1d,10,5,15,46,16,34.78260869565217,10.000000000000009,5.0000000000000036,2.0,3.2608695652173836,150.00000000000043
恐慌闪崩,1h,20,3,5,19,3,15.789473684210526,3.2665468912883036,2.863524003900972,6.666666666666667,3.157894736842106,-180.08371694275314
RSI超卖,1d,10,3,5,43,12,27.906976744186046,10.000000000000009,3.0000000000000013,3.3333333333333335,3.1395348837209305,135.0000000000004
突破买入,4h,10,2,5,380,82,21.578947368421055,9.326473067325923,1.9951432607103472,5.0,2.9473684210526345,851.0904991452107
看涨插针,1d,10,5,5,65,24,36.92307692307693,10.000000000000009,5.000000000000004,2.0,2.692307692307695,175.00000000000006
看涨插针,4h,10,2,15,347,63,18.155619596541786,9.224373799489301,1.9955076441657018,5.0,2.680115273775211,216.17067637150012
恐慌闪崩,1h,15,5,10,19,5,26.31578947368421,5.044898926063477,4.433877256267948,3.0,2.6315789473684177,-368.49786957433884
恐慌闪崩,1h,10,5,5,19,7,36.84210526315789,5.746356375759634,4.339523465645938,2.0,2.6315789473684177,-59.248934787169105
RSI超卖,4h,10,5,5,190,70,36.84210526315789,8.797505406165925,4.85366718557766,2.0,2.6315789473684177,166.92658081147812
恐慌闪崩,1d,50,2,10,23,1,4.3478260869565215,49.999999999999986,1.9999999999999998,25.0,2.608695652173914,59.999999999999964
RSI超卖,1d,15,3,5,41,8,19.51219512195122,14.99999999999999,3.0000000000000018,5.0,2.5609756097560954,104.99999999999929
RSI超卖,1d,10,2,5,48,10,20.833333333333336,10.000000000000009,2.0000000000000013,5.0,2.5000000000000036,120.00000000000023
RSI超卖,4h,15,2,5,280,41,14.642857142857144,11.98512098153841,1.9918167266202698,7.5,2.446428571428573,76.72881290415167
EMA7/25金叉,4h,10,2,5,237,49,20.675105485232066,9.267316349090361,2.0000000000000013,5.0,2.40506329113924,390.49250552713744
突破买入,1d,10,3,5,49,13,26.53061224489796,10.000000000000007,3.0000000000000036,3.3333333333333335,2.2448979591836764,110.0
RSI超卖,1d,20,2,5,45,5,11.11111111111111,19.999999999999993,2.000000000000001,10.0,2.2222222222222214,99.99999999999964
RSI超卖,1d,15,2,10,46,6,13.043478260869565,14.999999999999986,2.0000000000000013,7.5,2.1739130434782616,99.99999999999869
突破买入,1d,10,5,10,46,16,34.78260869565217,10.000000000000009,5.0000000000000036,2.0,2.173913043478258,100.00000000000028
看涨插针,4h,10,3,5,301,78,25.91362126245847,8.78814330120439,2.947583285237518,3.3333333333333335,1.8438538205980066,140.82052442987944
看涨插针,4h,10,2,10,347,63,18.155619596541786,9.224373799489301,1.9955076441657018,5.0,1.7867435158501443,144.11378424766673
RSI超卖,4h,10,3,5,248,64,25.806451612903224,9.212427731613658,2.9863362462353034,3.3333333333333335,1.774193548387096,200.54752757989107
恐慌闪崩,1h,15,5,5,19,5,26.31578947368421,5.044898926063477,4.433877256267948,3.0,1.3157894736842088,-184.24893478716942
恐慌闪崩,1d,50,2,5,23,1,4.3478260869565215,49.999999999999986,1.9999999999999998,25.0,1.304347826086957,29.999999999999982
RSI超卖,1d,15,2,5,46,6,13.043478260869565,14.999999999999986,2.0000000000000013,7.5,1.0869565217391308,49.999999999999346
突破买入,1d,10,5,5,46,16,34.78260869565217,10.000000000000009,5.0000000000000036,2.0,1.086956521739129,50.00000000000014
看涨插针,4h,10,2,5,347,63,18.155619596541786,9.224373799489301,1.9955076441657018,5.0,0.8933717579250722,72.05689212383336
恐慌闪崩,4h,10,5,5,27,9,33.33333333333333,9.642679563523101,4.762651231884711,2.0,-7.105427357601002e-15,5.281969488915559
恐慌闪崩,4h,10,5,10,27,9,33.33333333333333,9.642679563523101,4.762651231884711,2.0,-1.4210854715202004e-14,10.563938977831118
突破买入,1d,20,10,5,30,10,33.33333333333333,18.49830087324589,9.999999999999996,2.0,-1.4210854715202004e-14,-75.08495633770521
恐慌闪崩,4h,10,5,15,27,9,33.33333333333333,9.642679563523101,4.762651231884711,2.0,-2.1316282072803006e-14,15.845908466746677
RSI超卖,4h,10,2,5,295,48,16.271186440677965,9.22478293409871,2.0000000000000018,5.0,-0.23728813559322148,-256.05209581631175
恐慌闪崩,4h,50,2,5,27,1,3.7037037037037033,6.784116071707838,2.0000000000000027,25.0,-0.370370370370372,-226.0794196414612
RSI超卖,4h,10,2,10,295,48,16.271186440677965,9.22478293409871,2.0000000000000018,5.0,-0.47457627118644297,-512.1041916326235
突破买入,1d,15,5,5,41,10,24.390243902439025,14.99999999999999,5.0000000000000036,3.0,-0.6097560975609788,-25.000000000001155
RSI超卖,4h,10,2,15,295,48,16.271186440677965,9.22478293409871,2.0000000000000018,5.0,-0.7118644067796609,-768.1562874489351
恐慌闪崩,4h,50,2,10,27,1,3.7037037037037033,6.784116071707838,2.0000000000000027,25.0,-0.740740740740744,-452.1588392829224
恐慌闪崩,1h,15,3,5,19,3,15.789473684210526,3.2665468912883036,2.863524003900972,5.0,-0.7894736842105274,-180.08371694275314
RSI超卖,4h,10,2,20,295,48,16.271186440677965,9.22478293409871,2.0000000000000018,5.0,-0.9491525423728859,-1024.208383265247
恐慌闪崩,4h,50,2,15,27,1,3.7037037037037033,6.784116071707838,2.0000000000000027,25.0,-1.1111111111111143,-678.2382589243836
RSI超卖,4h,10,2,25,295,48,16.271186440677965,9.22478293409871,2.0000000000000018,5.0,-1.1864406779661039,-1280.2604790815585
突破买入,1d,15,5,10,41,10,24.390243902439025,14.99999999999999,5.0000000000000036,3.0,-1.2195121951219576,-50.00000000000231
恐慌闪崩,1h,10,3,5,19,4,21.052631578947366,4.949910168466231,2.8544256041610363,3.3333333333333335,-1.3157894736842106,-115.08371694275309
RSI超卖,4h,10,2,30,295,48,16.271186440677965,9.22478293409871,2.0000000000000018,5.0,-1.4237288135593218,-1536.3125748978703
恐慌闪崩,4h,50,2,20,27,1,3.7037037037037033,6.784116071707838,2.0000000000000027,25.0,-1.481481481481488,-904.3176785658447
恐慌闪崩,1h,30,2,5,19,1,5.263157894736842,1.4053077357425119,2.0000000000000018,15.0,-1.578947368421053,-172.97346132128757
恐慌闪崩,1h,15,3,10,19,3,15.789473684210526,3.2665468912883036,2.863524003900972,5.0,-1.5789473684210549,-360.1674338855063
恐慌闪崩,4h,15,3,5,27,4,14.814814814814813,10.141329237983541,3.000000000000003,5.0,-1.666666666666666,-142.17341524032963
突破买入,1d,15,5,15,41,10,24.390243902439025,14.99999999999999,5.0000000000000036,3.0,-1.8292682926829258,-75.00000000000347
恐慌闪崩,4h,20,2,5,27,2,7.4074074074074066,13.392058035853916,2.000000000000002,10.0,-1.851851851851853,-116.07941964146114
恐慌闪崩,4h,50,2,25,27,1,3.7037037037037033,6.784116071707838,2.0000000000000027,25.0,-1.8518518518518619,-1130.3970982073058
恐慌闪崩,4h,20,3,5,27,3,11.11111111111111,10.188438983978061,3.0000000000000036,6.666666666666667,-2.2222222222222214,-207.17341524032958
恐慌闪崩,4h,50,2,30,27,1,3.7037037037037033,6.784116071707838,2.0000000000000027,25.0,-2.2222222222222285,-1356.4765178487671
恐慌闪崩,1h,15,3,15,19,3,15.789473684210526,3.2665468912883036,2.863524003900972,5.0,-2.368421052631575,-540.2511508282595
恐慌闪崩,1h,10,3,10,19,4,21.052631578947366,4.949910168466231,2.8544256041610363,3.3333333333333335,-2.6315789473684212,-230.16743388550617
恐慌闪崩,4h,30,3,5,27,2,7.4074074074074066,5.282658475967096,3.0000000000000036,10.0,-2.7777777777777786,-322.17341524032946
恐慌闪崩,4h,10,3,5,27,5,18.51851851851852,9.356823214341574,3.000000000000003,3.3333333333333335,-2.962962962962962,-96.079419641461
恐慌闪崩,1d,30,2,5,23,1,4.3478260869565215,29.999999999999993,1.9999999999999998,15.0,-3.0434782608695645,-69.99999999999999
突破买入,1d,15,10,5,32,12,37.5,14.999999999999995,9.999999999999996,1.5,-3.125,-100.00000000000011
恐慌闪崩,1h,30,2,10,19,1,5.263157894736842,1.4053077357425119,2.0000000000000018,15.0,-3.157894736842106,-345.94692264257515
恐慌闪崩,1h,15,3,20,19,3,15.789473684210526,3.2665468912883036,2.863524003900972,5.0,-3.1578947368421098,-720.3348677710126
恐慌闪崩,4h,15,3,10,27,4,14.814814814814813,10.141329237983541,3.000000000000003,5.0,-3.333333333333332,-284.34683048065926
恐慌闪崩,4h,10,2,5,27,3,11.11111111111111,8.928038690569284,2.000000000000002,5.0,-3.333333333333334,-106.07941964146102
恐慌闪崩,1h,10,2,5,19,2,10.526315789473683,5.702653867871264,2.0000000000000018,5.0,-3.6842105263157903,-112.97346132128754
恐慌闪崩,4h,15,2,5,27,2,7.4074074074074066,10.892058035853912,2.000000000000002,7.5,-3.703703703703704,-141.0794196414612
恐慌闪崩,4h,20,2,10,27,2,7.4074074074074066,13.392058035853916,2.000000000000002,10.0,-3.703703703703706,-232.1588392829223
恐慌闪崩,1h,10,3,15,19,4,21.052631578947366,4.949910168466231,2.8544256041610363,3.3333333333333335,-3.9473684210526336,-345.25115082825926
恐慌闪崩,1h,15,3,25,19,3,15.789473684210526,3.2665468912883036,2.863524003900972,5.0,-3.947368421052637,-900.4185847137658
恐慌闪崩,4h,30,2,5,27,1,3.7037037037037033,6.784116071707838,2.0000000000000027,15.0,-4.074074074074074,-226.0794196414612
恐慌闪崩,1h,20,2,5,19,1,5.263157894736842,1.4053077357425119,2.0000000000000018,10.0,-4.210526315789475,-172.97346132128757
恐慌闪崩,4h,20,3,10,27,3,11.11111111111111,10.188438983978061,3.0000000000000036,6.666666666666667,-4.444444444444443,-414.34683048065915
恐慌闪崩,1h,15,3,30,19,3,15.789473684210526,3.2665468912883036,2.863524003900972,5.0,-4.73684210526315,-1080.502301656519
恐慌闪崩,1h,30,2,15,19,1,5.263157894736842,1.4053077357425119,2.0000000000000018,15.0,-4.7368421052631575,-518.9203839638627
恐慌闪崩,4h,15,3,15,27,4,14.814814814814813,10.141329237983541,3.000000000000003,5.0,-4.999999999999993,-426.5202457209889
恐慌闪崩,1h,10,3,20,19,4,21.052631578947366,4.949910168466231,2.8544256041610363,3.3333333333333335,-5.2631578947368425,-460.33486777101234
恐慌闪崩,1h,15,2,5,19,1,5.263157894736842,1.4053077357425119,2.0000000000000018,7.5,-5.526315789473685,-172.97346132128757
恐慌闪崩,4h,20,2,15,27,2,7.4074074074074066,13.392058035853916,2.000000000000002,10.0,-5.555555555555557,-348.23825892438344
恐慌闪崩,4h,30,3,10,27,2,7.4074074074074066,5.282658475967096,3.0000000000000036,10.0,-5.555555555555557,-644.3468304806589
恐慌闪崩,4h,10,3,10,27,5,18.51851851851852,9.356823214341574,3.000000000000003,3.3333333333333335,-5.925925925925924,-192.158839282922
恐慌闪崩,1d,30,2,10,23,1,4.3478260869565215,29.999999999999993,1.9999999999999998,15.0,-6.086956521739129,-139.99999999999997
恐慌闪崩,1h,30,2,20,19,1,5.263157894736842,1.4053077357425119,2.0000000000000018,15.0,-6.315789473684212,-691.8938452851503
恐慌闪崩,1h,10,3,25,19,4,21.052631578947366,4.949910168466231,2.8544256041610363,3.3333333333333335,-6.578947368421048,-575.4185847137654
恐慌闪崩,4h,20,3,15,27,3,11.11111111111111,10.188438983978061,3.0000000000000036,6.666666666666667,-6.666666666666664,-621.5202457209887
恐慌闪崩,4h,15,3,20,27,4,14.814814814814813,10.141329237983541,3.000000000000003,5.0,-6.666666666666664,-568.6936609613185
恐慌闪崩,4h,10,2,10,27,3,11.11111111111111,8.928038690569284,2.000000000000002,5.0,-6.666666666666668,-212.15883928292203
恐慌闪崩,1h,10,2,10,19,2,10.526315789473683,5.702653867871264,2.0000000000000018,5.0,-7.3684210526315805,-225.9469226425751
恐慌闪崩,4h,15,2,10,27,2,7.4074074074074066,10.892058035853912,2.000000000000002,7.5,-7.407407407407408,-282.1588392829224
恐慌闪崩,4h,20,2,20,27,2,7.4074074074074066,13.392058035853916,2.000000000000002,10.0,-7.407407407407412,-464.3176785658446
恐慌闪崩,1h,30,2,25,19,1,5.263157894736842,1.4053077357425119,2.0000000000000018,15.0,-7.894736842105267,-864.867306606438
恐慌闪崩,1h,10,3,30,19,4,21.052631578947366,4.949910168466231,2.8544256041610363,3.3333333333333335,-7.894736842105267,-690.5023016565185
恐慌闪崩,4h,30,2,10,27,1,3.7037037037037033,6.784116071707838,2.0000000000000027,15.0,-8.148148148148149,-452.1588392829224
恐慌闪崩,4h,15,3,25,27,4,14.814814814814813,10.141329237983541,3.000000000000003,5.0,-8.333333333333329,-710.8670762016482
恐慌闪崩,4h,30,3,15,27,2,7.4074074074074066,5.282658475967096,3.0000000000000036,10.0,-8.333333333333329,-966.5202457209884
恐慌闪崩,1h,20,2,10,19,1,5.263157894736842,1.4053077357425119,2.0000000000000018,10.0,-8.42105263157895,-345.94692264257515
恐慌闪崩,4h,10,3,15,27,5,18.51851851851852,9.356823214341574,3.000000000000003,3.3333333333333335,-8.888888888888882,-288.238258924383
恐慌闪崩,4h,20,3,20,27,3,11.11111111111111,10.188438983978061,3.0000000000000036,6.666666666666667,-8.888888888888886,-828.6936609613183
恐慌闪崩,1d,30,2,15,23,1,4.3478260869565215,29.999999999999993,1.9999999999999998,15.0,-9.130434782608695,-209.99999999999994
恐慌闪崩,4h,20,2,25,27,2,7.4074074074074066,13.392058035853916,2.000000000000002,10.0,-9.25925925925926,-580.3970982073057
恐慌闪崩,1h,30,2,30,19,1,5.263157894736842,1.4053077357425119,2.0000000000000018,15.0,-9.473684210526315,-1037.8407679277254
恐慌闪崩,4h,15,3,30,27,4,14.814814814814813,10.141329237983541,3.000000000000003,5.0,-9.999999999999986,-853.0404914419778
恐慌闪崩,4h,10,2,15,27,3,11.11111111111111,8.928038690569284,2.000000000000002,5.0,-9.999999999999996,-318.23825892438305
恐慌闪崩,1h,10,2,15,19,2,10.526315789473683,5.702653867871264,2.0000000000000018,5.0,-11.052631578947368,-338.92038396386266
恐慌闪崩,1h,15,2,10,19,1,5.263157894736842,1.4053077357425119,2.0000000000000018,7.5,-11.05263157894737,-345.94692264257515
恐慌闪崩,4h,20,3,25,27,3,11.11111111111111,10.188438983978061,3.0000000000000036,6.666666666666667,-11.1111111111111,-1035.867076201648
恐慌闪崩,4h,15,2,15,27,2,7.4074074074074066,10.892058035853912,2.000000000000002,7.5,-11.11111111111111,-423.23825892438356
恐慌闪崩,4h,30,3,20,27,2,7.4074074074074066,5.282658475967096,3.0000000000000036,10.0,-11.111111111111114,-1288.6936609613178
恐慌闪崩,4h,20,2,30,27,2,7.4074074074074066,13.392058035853916,2.000000000000002,10.0,-11.111111111111114,-696.4765178487669
恐慌闪崩,4h,10,3,20,27,5,18.51851851851852,9.356823214341574,3.000000000000003,3.3333333333333335,-11.851851851851848,-384.317678565844
恐慌闪崩,1d,30,2,20,23,1,4.3478260869565215,29.999999999999993,1.9999999999999998,15.0,-12.173913043478258,-279.99999999999994
恐慌闪崩,4h,30,2,15,27,1,3.7037037037037033,6.784116071707838,2.0000000000000027,15.0,-12.222222222222221,-678.2382589243836
恐慌闪崩,1h,20,2,15,19,1,5.263157894736842,1.4053077357425119,2.0000000000000018,10.0,-12.631578947368423,-518.9203839638627
恐慌闪崩,4h,20,3,30,27,3,11.11111111111111,10.188438983978061,3.0000000000000036,6.666666666666667,-13.333333333333329,-1243.0404914419773
恐慌闪崩,4h,10,2,20,27,3,11.11111111111111,8.928038690569284,2.000000000000002,5.0,-13.333333333333336,-424.31767856584406
恐慌闪崩,4h,30,3,25,27,2,7.4074074074074066,5.282658475967096,3.0000000000000036,10.0,-13.888888888888886,-1610.8670762016473
恐慌闪崩,1h,10,2,20,19,2,10.526315789473683,5.702653867871264,2.0000000000000018,5.0,-14.736842105263161,-451.8938452851502
恐慌闪崩,4h,10,3,25,27,5,18.51851851851852,9.356823214341574,3.000000000000003,3.3333333333333335,-14.814814814814802,-480.397098207305
恐慌闪崩,4h,15,2,20,27,2,7.4074074074074066,10.892058035853912,2.000000000000002,7.5,-14.814814814814817,-564.3176785658447
恐慌闪崩,1d,30,2,25,23,1,4.3478260869565215,29.999999999999993,1.9999999999999998,15.0,-15.217391304347828,-349.9999999999999
恐慌闪崩,4h,30,2,20,27,1,3.7037037037037033,6.784116071707838,2.0000000000000027,15.0,-16.296296296296298,-904.3176785658447
恐慌闪崩,1h,15,2,15,19,1,5.263157894736842,1.4053077357425119,2.0000000000000018,7.5,-16.578947368421055,-518.9203839638627
恐慌闪崩,4h,30,3,30,27,2,7.4074074074074066,5.282658475967096,3.0000000000000036,10.0,-16.666666666666657,-1933.0404914419769
恐慌闪崩,4h,10,2,25,27,3,11.11111111111111,8.928038690569284,2.000000000000002,5.0,-16.666666666666664,-530.3970982073051
恐慌闪崩,1h,20,2,20,19,1,5.263157894736842,1.4053077357425119,2.0000000000000018,10.0,-16.8421052631579,-691.8938452851503
恐慌闪崩,4h,10,3,30,27,5,18.51851851851852,9.356823214341574,3.000000000000003,3.3333333333333335,-17.777777777777764,-576.476517848766
恐慌闪崩,1d,30,2,30,23,1,4.3478260869565215,29.999999999999993,1.9999999999999998,15.0,-18.26086956521739,-419.9999999999999
恐慌闪崩,1h,10,2,25,19,2,10.526315789473683,5.702653867871264,2.0000000000000018,5.0,-18.42105263157895,-564.8673066064378
恐慌闪崩,4h,15,2,25,27,2,7.4074074074074066,10.892058035853912,2.000000000000002,7.5,-18.51851851851852,-705.3970982073059
恐慌闪崩,4h,10,2,30,27,3,11.11111111111111,8.928038690569284,2.000000000000002,5.0,-19.999999999999993,-636.4765178487661
恐慌闪崩,4h,30,2,25,27,1,3.7037037037037033,6.784116071707838,2.0000000000000027,15.0,-20.370370370370374,-1130.3970982073058
恐慌闪崩,1h,20,2,25,19,1,5.263157894736842,1.4053077357425119,2.0000000000000018,10.0,-21.052631578947373,-864.867306606438
恐慌闪崩,1h,10,2,30,19,2,10.526315789473683,5.702653867871264,2.0000000000000018,5.0,-22.105263157894736,-677.8407679277253
恐慌闪崩,1h,15,2,20,19,1,5.263157894736842,1.4053077357425119,2.0000000000000018,7.5,-22.10526315789474,-691.8938452851503
恐慌闪崩,4h,15,2,30,27,2,7.4074074074074066,10.892058035853912,2.000000000000002,7.5,-22.22222222222222,-846.4765178487671
恐慌闪崩,4h,30,2,30,27,1,3.7037037037037033,6.784116071707838,2.0000000000000027,15.0,-24.444444444444443,-1356.4765178487671
恐慌闪崩,1h,20,2,30,19,1,5.263157894736842,1.4053077357425119,2.0000000000000018,10.0,-25.263157894736846,-1037.8407679277254
恐慌闪崩,1h,15,2,25,19,1,5.263157894736842,1.4053077357425119,2.0000000000000018,7.5,-27.631578947368425,-864.867306606438
恐慌闪崩,1h,15,2,30,19,1,5.263157894736842,1.4053077357425119,2.0000000000000018,7.5,-33.15789473684211,-1037.8407679277254
