open_time,open,high,low,close,volume,quote_volume
2019-09-01,9597.0,9703.0,9500.0,9630.0,2500000000.0,24075000000000.0
2019-09-02,9503.855851844344,9558.126893977162,9371.472210333337,9418.950734892618,967161984.679861,9109651086360.58
2019-09-03,9104.769556456093,9244.389895650165,9059.24967621731,9185.95806458965,83885126.94018067,770565258315.2792
2019-09-04,9081.342320860369,9140.484649361046,8969.105588124601,8996.788727641593,-758295348.1978389,-6822223040889.374
2019-09-05,8892.397362057181,8945.344469880045,8876.34857615891,8927.349319639769,-1593392842.7814896,-14224774510924.207
2019-09-06,8896.6113961185,8985.470762600802,8869.486375816867,8961.222913647209,-2515274847.216801,-22539938594999.68
2019-09-07,8857.725573781605,8938.471189567248,8827.994820243683,8911.251221292152,-2349200961.055506,-20934319933266.58
2019-09-08,8689.691407456028,8761.110016861927,8645.346612874446,8747.332105674335,-4808992383.826081,-42065853474985.234
2019-09-09,8690.5756559795,8733.485978464827,8669.760152755885,8724.669260821116,-4032117426.444405,-35178890966520.65
2019-09-10,8406.050217339736,8407.0400787047,8405.44558606604,8406.861158280704,-3851042091.8712864,-32375176181056.79
2019-09-11,8485.166916966862,8533.66417855724,8468.230983120533,8517.240959666518,-3831590407.2729535,-32634578757490.516
2019-09-12,8601.799645459874,8637.749813963832,8520.037473734525,8554.72592750955,-5139220249.084382,-43964620712024.25
2019-09-13,8410.86267886427,8502.826622431863,8395.009218303747,8480.659780609623,-4381802782.808164,-37160578626724.516
2019-09-14,8216.026732665492,8280.088567850002,8200.398482347233,8253.771389057993,-4214257454.533458,-34783517604352.62
2019-09-15,8203.738201980554,8303.510035119512,8189.215549799387,8263.07963647178,-6112590367.325021,-50508820990336.945
2019-09-16,8253.942958044678,8314.15336065969,8219.453487926798,8303.980137973138,-5098461098.503274,-42337519696199.89
2019-09-17,8306.804970643418,8317.761305139853,8243.374593039598,8261.980365084439,-3287105511.787725,-27158001196351.02
2019-09-18,8305.099158998306,8313.241181268555,8279.804451308093,8284.669474446613,-3496504064.0986896,-28967380487116.938
2019-09-19,8131.627700259702,8153.280941869599,8067.235788427522,8094.456953722379,-3497562314.8746147,-28310867600714.164
2019-09-20,8053.154574436414,8075.605887059026,8000.597158324546,8018.954569219133,-3622339733.546072,-29047377757583.293
2019-09-21,8141.640736583761,8143.329863209249,8137.144344548535,8137.9407682036735,-2007738543.742561,-16338857347016.463
2019-09-22,8011.644907724857,8020.115893573533,7978.835864326283,7989.8469415801455,-2601872038.699001,-20788559350782.11
2019-09-23,8053.85623813998,8077.765351511224,8048.978787111414,8068.317418601496,-1131470863.3365963,-9129066075298.732
2019-09-24,8038.936355966285,8135.33509690579,8001.377974924445,8093.776338550851,-980035546.0989482,-7932188513954.429
2019-09-25,8351.218938107186,8366.945324491146,8263.722874166408,8300.804487335134,-275066879.15212566,-2283276384783.2354
2019-09-26,8366.901608026008,8392.600830450854,8283.647148820006,8301.141410185823,330373810.6531755,2742479720453.965
2019-09-27,8253.367949936684,8290.738872506774,8190.555857861943,8201.205858707901,1085308858.3532152,8900841367633.973
2019-09-28,8180.651880623514,8238.805165556112,8162.246061002929,8226.372775472717,2249210323.60532,18502842572418.984
2019-09-29,8229.843877835192,8231.76634186474,8225.459275298173,8226.752162074112,3189488461.297624,26239131094890.66
2019-09-30,8293.0,8400.0,7700.0,8320.0,3200000000.0,26624000000000.0
2019-10-01,8469.634168484576,8532.948463491663,8453.55460612761,8511.890205383916,3409257876.692005,29019228728242.645
2019-10-02,8259.442765780235,8268.501411421965,8237.213884947025,8241.383531825488,4010568571.1631484,33052633775640.848
2019-10-03,8531.73396767413,8589.224607838549,8509.680439617554,8576.406429179875,6877498059.668581,58984218575613.734
2019-10-04,8423.374437988352,8442.360757817616,8384.574138738852,8394.474688076016,6835566903.995014,57380993354236.28
2019-10-05,8504.148876137717,8517.168797726454,8470.001757003294,8481.705294859988,5037776485.868483,42728935494511.85
2019-10-06,8656.562993407177,8697.416157153835,8649.573107563117,8687.703185415878,7722832115.479793,67093673170085.836
2019-10-07,8596.750126832589,8723.249434375179,8568.559294356288,8680.67702537686,8629607368.272738,74910834419788.02
2019-10-08,8586.468388653238,8600.580961948986,8528.911632765812,8553.803510762878,6666335079.775036,57022520409301.44
2019-10-09,8591.78416287729,8709.245408727798,8543.161250306246,8658.7206590151,7745444037.037486,67065636296741.8
2019-10-10,8873.448210515902,8903.272129191559,8788.539719877737,8817.506037207691,8079539588.598892,71241389100329.28
2019-10-11,8733.815223558066,8784.772103676116,8625.061842341673,8664.977908208904,9043902700.793509,78365217106366.6
2019-10-12,8840.88881381259,8870.25205146903,8771.991543533026,8801.11557293065,12155673755.434849,106983489588422.05
2019-10-13,8875.796518316554,8972.344697844897,8820.774813227334,8950.237439413699,11433181577.060741,102329689802624.0
2019-10-14,8698.030614424615,8809.714354369935,8683.841320327861,8767.91589429731,8779534722.12084,76978222034618.44
2019-10-15,9037.745316508735,9058.172475088188,8991.631695021191,9003.191930600977,12660632069.92385,113986100488246.34
2019-10-16,8899.86029937433,8951.253644129327,8881.466678200379,8931.047571408768,13747621117.652208,122780658195455.64
2019-10-17,9133.497704197829,9136.6902488052,9115.795374199204,9121.036798504283,9814201508.305847,89515693105193.88
2019-10-18,9091.33833414477,9128.473476786803,8943.496966170262,9006.138364069453,12295295453.273886,110733132079298.66
2019-10-19,9240.056373384336,9240.322515138065,9239.32759299924,9239.569061307004,9222190991.202152,85209070559775.58
2019-10-20,9202.267593252147,9251.489460210334,9178.467632544762,9242.79310719893,8934180544.40744,82576782354319.88
2019-10-21,9433.933047631319,9497.498327400268,9313.23117641688,9349.056965141266,7645093803.681199,71474417474464.05
2019-10-22,9353.658421105665,9377.606700597662,9343.18878366531,9367.112564438119,12571837821.971468,117761820020267.3
2019-10-23,9130.48375527002,9166.46041686707,9122.278600989544,9151.51435098322,7907256791.712728,72363374006268.56
2019-10-24,9342.830183011049,9392.729772850973,9218.243441449848,9262.036553783364,7006724654.205189,64896539869543.56
2019-10-25,7400.0,10500.0,7300.0,9250.0,8500000000.0,78625000000000.0
2019-10-26,9387.698465855507,9413.58014937739,9250.021612096023,9296.581950304377,9376197899.933096,87166592158999.83
2019-10-27,9378.970573850402,9401.848289660156,9326.857366338527,9342.15952422717,5874158507.958035,54877325851940.23
2019-10-28,9419.624640125867,9461.444070010288,9318.133899200171,9361.561726396438,5752674380.653166,53854016306344.01
2019-10-29,9291.96919752914,9324.480682897798,9202.632066426702,9236.8629637121,5544650568.613745,51215177483953.53
2019-10-30,9334.083434898881,9377.33089070372,9326.304166079497,9364.425079221579,3900714411.101936,36527947858204.0
2019-10-31,9157.0,9500.0,9100.0,9200.0,2800000000.0,25760000000000.0
2019-11-01,8998.12869573071,9007.580212086372,8995.82449847759,9004.324027569226,2067892284.821959,18619972186647.39
2019-11-02,8889.929930896205,9030.54132823797,8855.381161744093,8972.957027315464,940610517.4013847,8440057752083.59
2019-11-03,9167.823503226475,9184.047449352114,9090.33411807653,9118.584323611252,412140532.1787084,3758138195849.569
2019-11-04,8915.149995463607,8918.079776087465,8906.308611111019,8909.562874236508,-36265050.85068022,-323105750691.51953
2019-11-05,9205.176100635075,9206.357411859244,9200.14480989438,9202.176127115057,-460176117.70685095,-4234621684630.472
2019-11-06,8887.373000030935,8979.200850895662,8828.614180568831,8962.938389682799,-1153240892.4890237,-10336427067841.924
2019-11-07,8989.91556586867,9011.300743151933,8985.09623411861,9006.315536093416,-1117259399.662704,-10062390689028.613
2019-11-08,8940.447608146194,8963.223914857474,8888.181006628045,8902.239920350097,-2037211583.9263535,-18135746288628.836
2019-11-09,8924.310318577483,8929.80538116446,8910.241437160055,8914.619404752582,-1546247177.7196922,-13784205095043.883
2019-11-10,8768.507174135175,8777.892985374903,8711.390330915474,8723.520656717372,-1442547833.9104965,-12584095827421.117
2019-11-11,8616.171867561108,8654.014866797675,8525.881651999784,8555.350072894515,-1582447280.7489357,-13538390458707.133
2019-11-12,8647.544665042582,8653.530336476277,8645.431599846883,8652.135181549256,-2004984593.1781552,-17347397737100.94
2019-11-13,8656.220531164825,8661.51955794884,8622.987845388596,8632.895543633855,-2295142159.3147264,-19813722519154.285
2019-11-14,8591.740911338002,8627.94416544731,8512.806298215699,8530.917204946361,-1548743048.0857387,-13212198714955.697
2019-11-15,8433.230442152502,8558.316216167288,8371.622355720181,8513.854720428799,-2085862071.9003415,-17758726647012.117
2019-11-16,8387.080838640877,8398.463871243588,8350.474796197666,8363.114124171227,-2359230765.2925115,-19730516135397.094
2019-11-17,8373.872258446234,8430.752446175704,8273.041849356345,8297.339167864917,-1259962479.9788704,-10454336035168.896
2019-11-18,8059.297591450017,8157.834529065455,8011.481993903872,8137.709003188721,-1114332825.1869333,-9068116264072.43
2019-11-19,8201.100697903874,8213.12107206324,8106.231196090919,8144.921054275575,-1106390826.1627858,-9011465934270.621
2019-11-20,8046.492154061935,8064.700416287404,7992.044412289315,8014.955362092769,-1164432810.4665604,-9332876998045.71
2019-11-21,8137.26095925742,8183.8078387786145,8114.089523309793,8172.889104597639,-883815623.5834112,-7223327080458.029
2019-11-22,8154.3021096207885,8174.619563535719,8144.796609084267,8168.577895878225,-410913560.9443383,-3356579431046.5317
2019-11-23,8144.052016951,8170.564152796373,8048.382530059403,8086.0888696824,-170375884.78981736,-1377674545661.2332
2019-11-24,7825.6056372069515,7857.053207511561,7719.611438563167,7763.104432126759,151223845.31764445,1173966503828.657
2019-11-25,7935.536622713258,7956.799948093921,7922.43799853249,7953.160559488238,372930467.1212459,2965975882540.218
2019-11-26,7785.563656640066,7839.068957678682,7678.321482237119,7716.109111743865,887365463.8897486,6847008741366.51
2019-11-27,7669.806267952873,7714.310402167539,7650.582991193244,7701.658669009059,1324835600.4913812,10203431587536.268
2019-11-28,7799.7626614677,7811.204560299234,7732.534737925519,7754.84379233176,1083713075.5361452,8404025616490.235
2019-11-29,7622.322712536008,7637.784468216367,7618.659012905022,7631.246615806454,1381065899.8076842,10539254474113.086
2019-11-30,7569.0,7800.0,7200.0,7570.0,2100000000.0,15897000000000.0
2019-12-01,7458.491163546938,7480.6470072813145,7409.568797563512,7419.684635224896,1795985585.1723485,13325646651388.668
2019-12-02,7483.323747137237,7592.519810544067,7443.0958278094495,7547.817887593355,2000323763.6015627,15098079483889.938
2019-12-03,7398.809332867237,7429.087836405762,7297.369143801484,7327.492376832588,3484419829.762237,25532059740267.098
2019-12-04,7623.962760677437,7671.8161314680765,7519.324106263866,7550.571049427596,2385204151.337566,18009653412063.945
2019-12-05,7478.028231993215,7481.993934796918,7462.813848190879,7469.303450711458,2613552894.3366237,19521419652285.46
2019-12-06,7285.657248985919,7392.162554691175,7268.847175761923,7357.562167718979,2791922479.543226,20541743210691.402
2019-12-07,7244.059818009633,7258.018410767392,7210.65151671709,7222.506370857018,4869456007.444555,35169677036376.277
2019-12-08,7244.463650984421,7298.132255574168,7234.044066311561,7275.645308064789,5093205898.755709,37056359600289.875
2019-12-09,7217.076927725371,7232.255236635794,7100.520618060748,7149.885333097174,4207502924.6886854,30083163450195.098
2019-12-10,7354.625679342365,7451.514284536007,7305.2060342244395,7417.855993476723,4330412588.541776,32122376974141.66
2019-12-11,7324.9509463526565,7338.4544008456505,7279.916977679948,7296.385787308822,4603994248.780244,33592518201651.727
2019-12-12,7294.595641522788,7386.186498964465,7243.047554688515,7361.519750498326,5518221448.147058,40622496178158.04
2019-12-13,7238.146568134392,7244.503762996843,7215.369456696197,7220.797504885178,4438506278.4093685,32049555060555.562
2019-12-14,7193.436816647296,7196.400303283477,7171.993697990181,7181.421420774805,5915923599.079777,42484740458098.69
2019-12-15,7278.08459289122,7280.109781427339,7269.220365844503,7272.834135185148,5107748599.392466,37147808367605.65
2019-12-16,7170.196988405748,7210.73213364518,7066.750659406007,7111.748770424585,5213162883.364767,37074704725792.47
2019-12-17,7224.713219625856,7245.534583952154,7216.197911546599,7236.545980167492,3314908613.371332,23988488600714.91
2019-12-18,6500.0,7400.0,6400.0,7200.0,4500000000.0,32400000000000.0
2019-12-19,7043.512431196875,7072.931740764897,7029.6890256152765,7060.958171178521,3488430223.41286,24631659890593.15
2019-12-20,7205.540979681101,7236.201016680046,7193.406148555882,7222.746883562543,5176487539.961432,37388459247056.77
2019-12-21,7173.610394746792,7190.308873609128,7170.747931292576,7185.852284220751,5079394744.123594,36499780324519.41
2019-12-22,7357.638976147142,7415.737805790492,7246.006704512387,7284.831792276795,4656123895.551936,33919079383096.42
2019-12-23,7374.473246791402,7392.31567896039,7299.176078894826,7323.262057399073,2977374482.192489,21804093576108.465
2019-12-24,7342.376133259844,7347.622217762767,7317.435630294859,7326.817689462505,3887223434.9878964,28480977426362.52
2019-12-25,7101.082138656566,7189.74204613038,7072.752862394861,7156.392812045609,3969549565.7656965,28407655979504.402
2019-12-26,7254.960105088236,7281.9123932413295,7176.9890184545675,7204.216271188111,3895246843.0711985,28062200687147.652
2019-12-27,7119.226486182539,7183.126829729011,7084.943048439386,7171.721301827842,3138189372.8175974,22506219574205.72
2019-12-28,7217.491419237701,7270.90857541099,7208.7931878606905,7259.164225039274,2423880323.038009,17595345326774.156
2019-12-29,7211.186694613311,7233.9642120506405,7199.622679743782,7226.761225747645,2168464398.527334,15670974434691.527
2019-12-30,7245.688503598244,7263.587992971225,7181.384422372529,7204.815153109791,2553731750.5561295,18399165213384.395
2019-12-31,7193.0,7300.0,7100.0,7200.0,1800000000.0,12960000000000.0
2020-01-01,7200.0,7250.0,7150.0,7200.0,1500000000.0,10800000000000.0
2020-01-02,7284.999727320317,7375.935123102952,7259.351225347874,7336.786658853828,1044938240.0955315,7666488939259.094
2020-01-03,7280.278748617785,7314.587495016358,7183.546004077024,7211.047989876039,1050234949.4071163,7573294620819.749
2020-01-04,7110.392844518004,7188.09472150584,7093.552988643977,7171.2244297786465,593420649.1605756,4255552656395.4233
2020-01-05,7192.907783109969,7199.154964897723,7164.465569789897,7172.69874101615,686896731.7241226,4926903322845.723
2020-01-06,7333.180515128883,7340.611355314692,7300.963673242448,7308.687970570789,279768636.1582335,2044741665632.6772
2020-01-07,7231.864972900705,7273.881103353304,7223.719713989269,7264.031507969519,188172847.70173684,1366893494649.766
2020-01-08,7357.93671795074,7419.60284845899,7336.112148424716,7401.407594889828,141300367.1325959,1045821610455.9163
2020-01-09,7376.687561908712,7402.012338568189,7321.841293731547,7332.777365983507,43155479.7959727,316449525466.06714
2020-01-10,7592.869379205681,7684.732991355002,7546.893362085853,7660.113229736454,-36195553.579643175,-277262038833.0593
2020-01-11,7461.614952334635,7523.666439281133,7440.206052135698,7505.243031648054,-79149341.8367197,-594035046279.5703
2020-01-12,7627.669311397765,7637.098205944813,7626.3994719784305,7633.389053152615,-78678247.55543946,-600581673610.9231
2020-01-13,7878.16901538306,7909.492784134556,7784.305907870789,7816.3872218612505,-66836077.3111213,-522416660653.9792
2020-01-14,7819.222865608117,7820.983964468812,7812.282374051638,7814.125357430192,-55105397.76594384,-430600486014.1388
2020-01-15,7734.6933501515505,7771.343524343053,7723.741449108229,7762.314901035518,-6921921.8864019085,-53730137402.621414
2020-01-16,8140.953602252637,8150.193190433126,8115.499348891918,8125.7434369483435,63596006.37196546,516764831393.12335
2020-01-17,7961.953869005479,7965.213732179735,7952.2277165070345,7956.049439380823,151459260.0886416,1205017361317.2715
2020-01-18,8023.9631444007,8073.37546784421,8003.486901909557,8058.813336681925,285033259.7878544,2297029835376.2847
2020-01-19,8305.63364843571,8350.732002696304,8198.196346218741,8225.596089873008,311784016.49678314,2564609386980.841
2020-01-20,8208.80244716645,8263.148746118595,8195.725711004687,8250.723095921616,493207363.0067158,4069317381038.106
2020-01-21,8417.02228114081,8433.465500242812,8316.648977721487,8350.756452543901,702701417.9796048,5868088400404.934
2020-01-22,8653.410713252217,8750.766707713932,8600.515219321249,8721.079504831701,1144249080.7298844,9979087206375.91
2020-01-23,8717.82920520776,8773.078226942927,8692.328933019267,8760.245820156786,1450320096.5819087,12705160563971.053
2020-01-24,8776.905849650095,8781.52511445721,8756.046951840772,8764.353071751457,1126157171.8157187,9870039068078.027
2020-01-25,8762.044055435566,8781.732958215283,8757.523516940442,8775.130154554126,1259348013.3406672,11050942726943.521
2020-01-26,8930.579508936535,8989.297475673435,8919.485406841583,8968.492816233254,1885230435.747125,16907675619942.377
2020-01-27,8949.45411443985,9062.934908802215,8926.737210143096,9030.398354350598,1618432485.762908,14615090056060.912
2020-01-28,9251.47908589658,9307.092672807099,9239.841789242133,9284.466079907745,2767541822.0479608,25695148171530.367
2020-01-29,9304.065556545425,9312.64393115121,9278.361208058283,9286.302950164294,2559591700.814646,23769143962491.09
2020-01-30,9493.782298267352,9542.365014954448,9414.294243511575,9431.418100924828,3586041523.923681,33821456939401.855
2020-01-31,9350.0,9600.0,9200.0,9350.0,3500000000.0,32725000000000.0
2020-02-01,9528.181289805341,9603.982612871892,9488.769153067848,9589.316429722741,4035485368.413162,38697546145230.06
2020-02-02,9555.446965499506,9671.745122946846,9533.189724472477,9624.78926474575,3373512640.6163225,32469348247888.07
2020-02-03,9494.409317818005,9529.973315433255,9404.546977214097,9435.048761328715,4188807002.102349,39521598316630.81
2020-02-04,9754.730692981915,9790.268203851921,9744.984330698846,9775.759307826223,4536975195.573424,44352377497503.6
2020-02-05,9643.774733187181,9707.182077649904,9624.480889304905,9682.236862556929,4346762793.470475,42086386951730.766
2020-02-06,9896.087004585577,9931.239831527873,9878.952441788862,9919.120944944956,5805558360.579046,57586035531519.92
2020-02-07,9764.884804691672,9813.983932584782,9645.595634616213,9679.735631118634,4353704473.215762,42142708316747.195
2020-02-08,10039.915342024495,10052.424561049917,9998.15187989275,10015.862697283206,6599072404.470636,66095403132608.44
2020-02-09,9795.127388347613,9845.075606155562,9771.196564559308,9832.150929269312,4028968096.874965,39613422417685.6
2020-02-10,10127.09655408019,10165.491522348513,10052.785149272779,10074.215248201952,6502293828.207721,65505507632419.664
2020-02-11,10036.784073773495,10055.8805658627,9937.440339727891,9967.71730370886,6104838953.008831,60851308868262.0
2020-02-12,10012.284165433382,10101.320472671001,9977.831754787005,10066.795582602741,5172116615.821727,52066640700860.4
2020-02-13,10300.0,10500.0,10200.0,10300.0,4200000000.0,43260000000000.0
2020-02-14,10485.42000976744,10488.562881740116,10472.820771898942,10476.467984509698,2808484942.3942213,29423002583970.62
2020-02-15,10681.618876614866,10689.453592931606,10655.346038559906,10663.833352567717,3323023009.893324,35436163604250.39
2020-02-16,10455.076875141403,10464.14034605758,10426.873564018475,10437.077126993265,1202166065.9952826,12547099950246.84
2020-02-17,10916.421125919984,10966.844146650745,10765.081840776998,10822.885789542117,917477846.768506,9929757950010.564
2020-02-18,10741.18484584448,10857.373163179345,10698.789498669323,10816.350032534052,-201494260.62641487,-2179432452481.9473
2020-02-19,10963.981702114226,11035.306686706486,10825.125697632551,10869.554186041014,-838145171.739214,-9110264359988.037
2020-02-20,11062.607558950265,11083.073695501773,10932.086010906894,10988.130431413774,-2275781536.36334,-25006584354963.61
2020-02-21,10783.34661111764,10791.980511750746,10759.121928850125,10763.697387731805,-2232609435.2707157,-24031132346248.785
2020-02-22,10713.611356211883,10863.710038984298,10666.55863298031,10820.81708155442,-2955187042.3993344,-31977538427583.004
2020-02-23,10724.898280692772,10771.452539955637,10703.657162339043,10757.95834854674,-2966522860.4757056,-31913729373009.37
2020-02-24,10292.01704366893,10304.604239015242,10289.020136740195,10301.816230962062,-2919406436.998208,-30075188617443.26
2020-02-25,10245.485573466874,10280.678157706352,10114.949396832299,10161.179103445214,-2642626828.4752774,-26852204507706.69
2020-02-26,9746.174716101923,9755.92346659526,9689.724835933564,9714.40136271046,-1251432126.8400962,-12156913958315.08
2020-02-27,9438.444390425631,9580.366098503142,9398.876627578387,9517.372019765931,-304286706.90662986,-2896009790299.876
2020-02-28,9003.098913897353,9017.696120776462,8925.226184327064,8958.314424148475,1227956191.5420487,11000417662913.562
2020-02-29,8600.0,8900.0,8500.0,8600.0,3800000000.0,32680000000000.0
2020-03-01,7829.667045645421,7938.3176674606175,7790.1910862717405,7902.919256735496,4915237920.583757,38844728414017.914
2020-03-02,7422.115094012042,7432.627256060861,7418.891573649108,7429.055490785966,9312577376.582388,69183654092868.555
2020-03-03,6640.7893652820385,6701.151261176415,6607.72702702468,6686.896823368261,16982780662.837114,113562102066285.42
2020-03-04,5945.384197513533,5988.8290020281775,5933.190936077792,5972.769984212915,12133106393.569674,72468253682774.75
2020-03-05,5326.185843553541,5339.823755841994,5298.324765549097,5303.278625454777,17026694364.876825,90297304287402.58
2020-03-06,4790.154753924497,4793.631128214469,4769.4358870165825,4773.743317203891,27899691826.144,133185967407102.94
2020-03-07,4337.85731639099,4342.387652547387,4321.215309261985,4324.645859932142,22351853929.221905,96663852556817.5
2020-03-08,4141.23507562534,4161.657078080759,4099.161118013175,4111.982721009796,31489494346.22172,129484256644999.38
2020-03-09,3879.855160583785,3907.864727113466,3876.505859595925,3895.972977649155,22554456842.059494,87871554382217.88
2020-03-10,3929.3022351714776,3978.4678612527805,3908.6487953864303,3966.8659002781333,29065095850.258728,115297337616706.83
2020-03-11,4417.844961279616,4429.135388848482,4380.061015875821,4389.973584269055,27728289593.634506,121726458853018.02
2020-03-12,7900.0,7950.0,3800.0,4900.0,28000000000.0,137200000000000.0
2020-03-13,4900.0,5900.0,3850.0,5700.0,25000000000.0,142500000000000.0
2020-03-14,6424.018089122783,6471.155375035478,6410.676246120593,6453.956231334468,22715232502.232113,146603116353992.2
2020-03-15,6979.258123634351,7030.2214622340825,6960.297782615648,7008.066074387939,15180374900.45903,106385070336397.11
2020-03-16,7604.565690553462,7607.886470615932,7603.265637979065,7606.4777767773785,16221976619.144926,123392104648928.11
2020-03-17,7665.214269757678,7719.545637741116,7644.547175349541,7700.841851197236,12717980056.632711,97939153082808.97
2020-03-18,8037.190502751762,8079.473780792865,7956.146576192613,7983.71077991071,10463394271.521881,83536713640005.2
2020-03-19,8101.446410573419,8239.223262196667,8080.120872319182,8180.240007689068,11943678067.427124,97702153166125.81
2020-03-20,8259.21270990269,8264.494731683217,8244.034541482188,8250.273043628416,8263218920.828971,68173812316115.555
2020-03-21,8098.962933847448,8202.053841354598,8056.048121095134,8158.210200985389,9361905708.572197,76376394652337.05
2020-03-22,8312.444736376849,8320.791632839313,8264.624657317547,8285.097836472412,7464868510.412442,61847165945169.164
2020-03-23,8093.565699547063,8094.26417450144,8089.5870051957245,8090.504623905773,8022776619.365271,64908311335537.84
2020-03-24,7844.1466711249395,7849.753926381293,7820.9951299773875,7827.997182679133,5541808453.327077,43381260959591.766
2020-03-25,7748.097381868175,7760.88139268654,7696.057280452286,7714.301658077019,5725694723.697217,44169736300660.28
2020-03-26,7648.944183425804,7691.3119756592405,7560.904352611052,7582.6972303356815,3874840485.827742,29381742219878.586
2020-03-27,7238.205248218527,7241.3766828320295,7217.628577358753,7224.4674998126575,5371031811.46943,38802844762420.805
2020-03-28,7041.782297696908,7051.799138987862,6994.533301589505,7003.833816618317,5509801119.776558,38589731405532.52
2020-03-29,6838.212312111859,6850.043516328529,6803.613246865558,6812.542326111763,5581986741.984353,38027520943563.11
2020-03-30,6698.483377740475,6707.922392966268,6658.103367729305,6672.501129307508,4193581561.3244557,27981677703780.57
2020-03-31,6400.0,6500.0,6200.0,6400.0,4500000000.0,28800000000000.0
2020-04-01,6190.567650598735,6205.022141194655,6099.864683624316,6139.327159243607,4300956951.571288,26404981823519.2
2020-04-02,6045.461206842646,6049.124895507387,6037.1629442170715,6040.399237830474,5216769713.164893,31511371799338.32
2020-04-03,6088.098229724443,6104.645796998011,6056.617789756215,6064.775944062545,4355014327.2042265,26412186127675.92
2020-04-04,5957.484993454706,6001.5889531670855,5887.070625324429,5899.940746432486,4912814850.475248,28985316515997.54
2020-04-05,5997.803168245951,6057.220211171753,5968.9079692485975,6036.366453668914,3152894102.8135934,19032024194194.523
2020-04-06,5953.923442630927,5996.437565031659,5934.960532162621,5978.15301548426,5562558513.090948,33253825948842.293
2020-04-07,5989.146962145926,6019.575050950106,5929.237946387009,5946.09218260955,5289219404.312579,31450186152089.77
2020-04-08,5896.468216103797,5900.298231403316,5882.051039404196,5885.136987650769,3322211391.185676,19551669139061.54
2020-04-09,6089.227979211913,6121.211415030273,6084.5481417530555,6108.7913880588385,3997182789.8709774,24417955803260.83
2020-04-10,6190.8062921450955,6204.808450661558,6134.420851371747,6155.018164934076,5598062933.09319,34456179041632.72
2020-04-11,6241.973561936307,6282.68369682892,6217.772876016323,6275.4897635892485,3279575861.522884,20580944747901.25
2020-04-12,6462.022964638112,6464.876465443732,6455.746382005633,6458.285279303849,6054382287.790246,39100928004513.7
2020-04-13,6488.18817692396,6503.402441392141,6436.873994720233,6453.701109788016,5087066279.922142,32830405296298.723
2020-04-14,6797.557002501538,6840.639063569401,6703.002047730119,6732.376360411472,4565601730.120306,30737349158915.664
2020-04-15,6811.9065117303535,6857.208370893882,6797.139373593491,6847.6819321139055,4238675793.1342916,29025103644734.266
2020-04-16,6847.244237408609,6892.182289782366,6839.515613324985,6883.92069974459,6367673799.506132,43834561477641.55
2020-04-17,7066.101843372834,7092.44561694841,7060.679156231776,7082.486943597107,6339776722.788073,44901385864467.375
2020-04-18,7291.745195872741,7379.320587032996,7247.824873632487,7352.119180779078,6404541496.046901,47086952377181.95
2020-04-19,7443.2109596039545,7448.268078721191,7412.9797741046,7426.366269296186,4291843918.6839304,31872804910798.305
2020-04-20,7760.428454920874,7773.503947445658,7725.516455423746,7737.271320411986,4334965036.450085,33540800651513.94
2020-04-21,7623.259523120913,7679.480326552392,7594.642601097348,7666.115221667174,4750277224.171001,36416172535356.2
2020-04-22,7858.872381914197,7912.216543287099,7730.554228764661,7785.825358841207,6824090438.012849,53131176383306.24
2020-04-23,7956.935677260427,7984.318775542591,7946.716509967152,7973.481924997504,4195722419.8074174,33454516876641.234
2020-04-24,8281.200054976927,8342.4335518868,8257.235865222185,8327.092230442611,5616238180.7359915,46766933319121.82
2020-04-25,8315.333274867742,8433.593652367585,8290.717792497968,8383.831384338544,4147648616.5351562,34773186642515.785
2020-04-26,8688.75990805369,8745.041636452264,8556.489238259,8610.294040459012,5831816923.9803295,50213658505595.836
2020-04-27,8531.821243912622,8634.511081712144,8501.7184090718,8602.883338346111,4556234760.437718,39196756106163.03
2020-04-28,8752.791526211384,8753.693080605539,8752.551730833075,8753.51356238984,5880726793.021073,51477021739419.28
2020-04-29,8660.246091880077,8690.27341457361,8570.340015472368,8599.839629130849,5548841779.874231,47719149434339.37
2020-04-30,8800.0,9400.0,8700.0,8800.0,5200000000.0,45760000000000.0
2020-05-01,8917.827108757558,8961.575873215543,8903.139745543704,8945.054206458331,4409115889.46593,39439780633829.484
2020-05-02,9028.875258251524,9060.646611547707,8937.558265280071,8975.484405874837,6146006500.616591,55163385504689.59
2020-05-03,8970.475620549732,9007.620827631274,8873.89634146861,8910.41703451155,5285569682.288283,47096630134159.33
2020-05-04,8847.41850040456,8952.55514263408,8803.435878809361,8908.243074533642,3460752188.704935,30829221717707.883
2020-05-05,8840.181608767942,8932.803417751866,8797.469000868661,8906.289456494113,3747091460.612723,33372681168174.22
2020-05-06,8928.06978953273,8957.791260792448,8857.146068862123,8869.15480075416,3996654617.450221,35446948487314.914
2020-05-07,8845.520054271563,8894.346107107183,8731.198292910654,8761.204642732511,4816483503.023001,42198197628329.664
2020-05-08,8745.37727774399,8758.236553171326,8664.742048099482,8696.702634041285,4442416436.864564,38634374727988.35
2020-05-09,8780.41314165526,8824.41476155217,8759.263901344902,8808.269794125097,3210475829.811979,28278737276501.56
2020-05-10,8803.156532131949,8811.089093238093,8757.658323784937,8770.2006225581,4615889509.734755,40482277051935.15
2020-05-11,8600.0,8800.0,8500.0,8600.0,4000000000.0,34400000000000.0
2020-05-12,8457.386484354312,8463.041426449354,8435.565565865103,8443.510341748619,2842820164.196333,24003381456123.242
2020-05-13,8806.114565196067,8870.659704663369,8669.825872150372,8723.504898357323,2977526652.3799305,25974468337025.81
2020-05-14,8615.882332267907,8716.230388532418,8583.281451615825,8698.590809855437,3730335906.63765,32448665635152.01
2020-05-15,8758.231524995283,8773.187992661507,8714.592085869805,8726.241928980642,4795978075.939363,41850864976733.97
2020-05-16,8630.420771462897,8641.324364368802,8624.735489850887,8638.819946340333,4063607928.6943793,35104777228511.727
2020-05-17,8534.16294944461,8649.769036783964,8491.558632047165,8606.043890462995,3105305679.5283923,26724396971325.36
2020-05-18,8844.022289653325,8934.73106567618,8796.401171138425,8906.177093879545,3383237757.191701,30131714616249.133
2020-05-19,8829.482767354633,8854.209240690458,8815.160264004777,8847.603650923822,3328565343.6416335,29449826886742.223
2020-05-20,8944.57597043396,9009.071807001312,8933.954407492198,8993.147129652087,3807848507.7941937,34244541878019.336
2020-05-21,8929.320244707093,8960.581226084376,8814.275402881432,8864.721556077331,2810442662.774825,24913791654819.367
2020-05-22,9154.5159608859,9187.884519089963,9068.551849855661,9104.152363066683,3979443637.596441,36229461196914.31
2020-05-23,9012.047698976256,9093.70476536549,8961.6607681674,9079.006300553918,3658226874.5377617,33213064842784.004
2020-05-24,9199.66634908844,9203.986954701133,9198.730689217267,9203.067369965811,3776499566.9941673,34755379937694.035
2020-05-25,9076.000284411537,9157.75694025521,9062.955735639505,9130.688593651495,3543434718.995859,32353998971084.184
2020-05-26,9184.659703051957,9205.645283263011,9104.615278315368,9130.323486150644,2372276019.983139,21659647460884.03
2020-05-27,9093.799942835387,9122.956544329358,9082.826516074452,9113.394916365784,2915383929.7335854,26569045084488.56
2020-05-28,9465.0801874289,9510.287218352385,9382.2501390096,9397.395932418529,3266749733.9356966,30698940661916.625
2020-05-29,9176.880503520815,9262.16160028786,9163.293696450537,9224.470466176397,3273035722.8945384,30192021360580.984
2020-05-30,9497.495351633152,9518.017740186418,9451.307077449721,9459.192250027694,2902990982.257175,27459949801267.35
2020-05-31,9450.0,9700.0,9400.0,9450.0,3200000000.0,30240000000000.0
2020-06-01,9406.27581329666,9516.535095770636,9389.082933995967,9484.453029914965,2356070688.6588616,22346041781744.38
2020-06-02,9389.519395581667,9496.559429184601,9346.879230873243,9459.002245728212,3660523629.8510804,34624901235302.555
2020-06-03,9335.198865459888,9414.11758045885,9298.833919485383,9397.696823066251,3421355911.3033476,32152865578234.41
2020-06-04,9422.230521979493,9441.069814042217,9297.975006296027,9340.73962173996,3357508578.589909,31361613410366.58
2020-06-05,9703.253115791904,9731.427378550126,9645.183760705071,9661.883456037422,3470722391.1234818,33533715251294.61
2020-06-06,9430.87674837073,9469.929550482275,9305.981571496277,9356.99083175111,2771414640.885406,25932101385745.543
2020-06-07,9567.91744600152,9571.143972541879,9561.610477987702,9562.867742909662,2050645637.870547,19610053022530.664
2020-06-08,9335.35131127015,9445.629852851054,9314.133099219236,9399.352502529702,3493054818.644978,32832453551104.11
2020-06-09,9357.062042210824,9457.27271553743,9321.426253171463,9416.931518589745,2646505143.4172373,24921957699155.656
2020-06-10,9521.36977409107,9535.37846218765,9446.653508018138,9479.8099501161,3318415980.7598686,31457952833031.68
2020-06-11,9435.87792328665,9527.613136113394,9421.997933478284,9492.922326803275,1808899033.628369,17171738023263.613
2020-06-12,9313.048279681385,9325.038391348106,9308.615108770318,9320.015372036401,2813829263.4540563,26224931989677.668
2020-06-13,9327.728427930306,9368.743177141705,9304.87777568384,9356.558793936758,1736332049.768826,16246092909458.746
2020-06-14,9508.866904425195,9515.786084962556,9484.43970028553,9493.928130932034,2325713305.257015,22080154973262.496
2020-06-15,9543.04430158883,9577.416010964249,9439.398156578003,9467.174016085542,2423544717.6840696,22944119578079.996
2020-06-16,9397.562554988142,9483.64505603035,9365.895948620037,9452.260482125068,2569719287.1868577,24289656068430.934
2020-06-17,9172.979840803906,9202.367992476515,9121.419458976354,9133.554857712154,1870071075.6452632,17080396757226.785
2020-06-18,9356.414255094767,9459.31184165805,9326.651838290714,9416.49583904216,1860197095.2673416,17516538207383.234
2020-06-19,9341.983068322344,9357.419528074091,9337.731953220315,9352.213406871335,2295992389.028136,21472610802743.477
2020-06-20,9047.190345718436,9082.379924739698,9040.181057602647,9066.941492410871,2370038544.522297,21489000817942.285
2020-06-21,9153.69349407636,9167.562171960542,9064.966930332961,9103.900054002233,2108298494.1474853,19193738774722.117
2020-06-22,8974.358095245612,9074.874910117323,8934.836807401325,9051.568563931254,1968493541.4309487,17817954257918.082
2020-06-23,9238.928937579994,9256.183117483773,9231.6360039571,9251.717119189749,2481412166.243091,22957323418196.926
2020-06-24,8937.553008913681,9010.64224390203,8899.163832721331,8997.364027046662,2467000365.1945515,22196500340512.438
2020-06-25,9163.730779781952,9206.543518915185,9066.552761186895,9101.08429442756,2806790346.4678416,25544835539989.36
2020-06-26,8929.643641046143,9024.769586150078,8913.281003811604,8999.494183606179,2410430503.692662,21692655297969.023
2020-06-27,9181.954809162458,9290.66773732347,9141.713008946172,9267.335972694797,3086685991.2803125,28605356123405.137
2020-06-28,9049.971321639174,9050.265841968941,9048.283617459154,9048.662014867903,3292610294.33186,29793717700083.727
2020-06-29,9207.216137898642,9370.287450491112,9153.493460814627,9299.290274308556,3253521723.1588435,30255442917422.65
2020-06-30,9150.0,9300.0,9000.0,9150.0,2800000000.0,25620000000000.0
2020-07-01,9163.971592836246,9165.38123999674,9159.39919017117,9161.11405290451,2314775310.4096284,21205920625510.047
2020-07-02,9004.438437253886,9060.787289132464,8993.288448199157,9039.16148273299,3448461168.50105,31171197369015.09
2020-07-03,9350.848294244895,9473.631940297717,9315.147824193662,9427.417645399917,4038959258.005839,38076955777975.6
2020-07-04,9215.934027638088,9240.793318451802,9153.44642060177,9180.565723349386,3890914332.8886733,35720794757006.59
2020-07-05,9374.50206085342,9390.402789763579,9340.503336882031,9352.458831605416,2666849386.9634666,24941599101667.965
2020-07-06,9610.116709417935,9632.105066863985,9561.872697417617,9573.826783712813,4303342864.771723,41199459178250.945
2020-07-07,9462.792326462166,9470.324415322548,9417.286694915743,9434.256911284809,5394207931.054409,50890343454457.39
2020-07-08,9458.749294251784,9498.46297852527,9304.734384425565,9369.33321557499,5117468577.775955,47947268325417.56
2020-07-09,9684.770947830839,9718.194202409879,9618.463841086725,9638.803645682006,4125470606.8927255,39764601125871.56
2020-07-10,9812.855407418461,9852.328731927524,9712.054800919192,9752.808159132053,4643147233.275056,45283724220736.38
2020-07-11,9814.870137208274,9929.559309513303,9799.586055174299,9889.992730840751,4521852152.362951,44721084916806.195
2020-07-12,9773.601693773098,9806.493240784966,9764.792784505049,9793.939260812951,5110500235.301021,50051928896908.49
2020-07-13,9800.39252948561,9833.677000505457,9794.317328211775,9825.299311173545,5825288136.575209,57235199515679.82
2020-07-14,10105.915275833244,10117.434343327875,10071.512701560194,10081.821668641382,6927588720.206117,69842714070809.65
2020-07-15,10104.310153699129,10109.42547644674,10102.60664427068,10108.518961393538,5456520734.236198,55157343305263.6
2020-07-16,10163.271332722345,10171.734455689764,10137.812677710697,10147.001150266959,7019684316.458764,71228744833618.02
2020-07-17,10450.339673735754,10485.441324332685,10395.373689665692,10404.948486299556,5084022128.338111,52898988348565.07
2020-07-18,10190.387359493845,10212.528339979777,10150.04762039339,10160.419260969797,7994037129.322511,81222768821676.14
2020-07-19,10358.024346820244,10394.69254159725,10245.527623042892,10268.801599481585,6432836353.415553,66057520235156.92
2020-07-20,10392.668669700206,10454.838291497053,10362.049621075686,10437.576781772452,6744729436.708002,70398631367920.62
2020-07-21,10569.617095693955,10584.27147891928,10537.883498236517,10546.344733403203,6321707309.909591,66670904593981.54
2020-07-22,10482.246280490204,10590.468687039021,10461.467697384747,10549.520711308163,6820109327.260498,71948884601320.61
2020-07-23,10799.315578445106,10931.145144565982,10769.024853160312,10884.897667703635,8613430867.09576,93756313556177.14
2020-07-24,10934.807399870371,10970.06798412117,10853.260102655298,10868.295053567375,7270426198.145611,79017137086632.6
2020-07-25,11174.006502994778,11189.677693858814,11134.789080317501,11151.344335095428,5599341888.148814,62440189444670.81
2020-07-26,10925.721667864971,10936.528568235719,10884.491585884192,10901.524428643488,8201694188.702728,89410969554406.12
2020-07-27,11000.0,11400.0,10800.0,11100.0,6500000000.0,72150000000000.0
2020-07-28,11043.708234860613,11141.181170619422,11022.389556319305,11102.1342021969,7577915934.443713,84131039677160.42
2020-07-29,11234.855145668616,11244.510413056601,11175.783298063294,11197.332905655105,5993875665.130263,67115421217568.48
2020-07-30,11256.163295124528,11379.712256798839,11202.167135979862,11331.400575070027,4967645827.723148,56290384789006.305
2020-07-31,11100.0,11500.0,11000.0,11350.0,5800000000.0,65830000000000.0
2020-08-01,11113.687119148957,11283.144923513799,11053.367483921955,11220.588224590108,5787499649.475584,64939150416725.12
2020-08-02,11309.798145084224,11348.295891665775,11297.480828328265,11334.528727552477,7078320088.120515,80229422381613.75
2020-08-03,11383.938579197324,11403.526579623627,11319.45889426236,11339.681039208559,6033844277.193943,68421869543633.23
2020-08-04,11757.249810024421,11788.940707704369,11612.8332312556,11642.85734097297,5914518598.742256,68861896285687.445
2020-08-05,11581.857295350783,11647.4215582186,11568.646456453978,11634.407431737889,6309052467.2986555,73402086912763.75
2020-08-06,11455.277099867253,11509.531825331022,11438.50525506707,11495.887111519332,3711605685.013096,42668199957383.93
2020-08-07,11585.635403968337,11755.443931721196,11551.250800842778,11686.699040734184,5036699769.84947,58862394368765.88
2020-08-08,11927.319793730283,11945.970854785119,11877.277389108911,11891.436819699338,4358452896.129379,51828267245958.12
2020-08-09,11942.493295850718,12012.276853780242,11763.136226479093,11825.62317818451,5440561754.121167,64338033181879.45
2020-08-10,11655.826593636491,11814.86549862413,11575.698232357989,11759.274734384091,3803586017.577812,44727412956559.37
2020-08-11,11820.907248863658,11929.131538941198,11802.555251299169,11892.037404078987,4537808153.945398,53963784299253.3
2020-08-12,11910.729165454613,11968.96556661996,11886.061828018534,11947.150885437697,5826620345.885486,69611512424455.08
2020-08-13,11697.197410718287,11727.678151430362,11678.422285954279,11720.799369728767,5785403025.84914,67809548138999.51
2020-08-14,11964.250432329884,12005.91629376478,11836.291788268016,11882.963052335015,3450132756.1428275,40997800066895.99
2020-08-15,11910.256748856416,12061.755120705366,11850.465030676589,11999.602553504536,5128308340.230915,61537661854593.49
2020-08-16,11622.911458744938,11685.299145240113,11603.794436746812,11668.856799190842,3416903137.9380765,39871353413305.25
2020-08-17,12118.336641824128,12123.329642772263,12099.602998891338,12105.31078492915,4382885189.008839,53056187347614.93
2020-08-18,11953.665943819777,11956.4825897056,11948.051734635676,11949.91858613077,5847990189.06273,69883006651791.12
2020-08-19,12000.356394462668,12124.09162579948,11981.369227624882,12070.726189830812,5362986247.515238,64735138553584.65
2020-08-20,11934.15528134142,11998.698192513797,11783.411068119614,11844.616067163044,5278181307.700539,62518031122589.445
2020-08-21,11704.257383804596,11846.893139021638,11674.171387831071,11803.187146436776,5011417778.36555,59150701907029.0
2020-08-22,11926.614132206469,11992.309253103806,11736.300910267995,11814.234721231052,3489454215.137582,41225231146624.47
2020-08-23,12149.083962887109,12199.22373265589,11989.798640458415,12047.222960243887,5173790725.400223,62329810418538.445
2020-08-24,11705.987656723755,11706.251499698683,11705.214011211989,11705.386918366421,4096116716.564451,47946631030175.55
2020-08-25,11525.631591375366,11667.004674245276,11439.791479356201,11635.9844973668,4563272479.45958,53098167828252.24
2020-08-26,12021.778530334119,12044.321306286603,12013.592714431988,12038.030382164567,4248959888.568839,51149108231190.26
2020-08-27,11638.266208439729,11649.040730205326,11586.88966884314,11605.57879062113,4775949412.213561,55427657203465.16
2020-08-28,11496.23619236394,11666.000373203064,11447.815751271486,11597.985404815689,3194715638.828569,37052265351670.17
2020-08-29,11854.540163045403,12025.591467420725,11770.950656571058,11960.321899862605,3632328714.332483,43443820669530.58
2020-08-30,11436.3885796978,11556.979602635402,11413.6460839024,11523.649121905095,4748322495.989777,54718002361434.8
2020-08-31,11650.0,12000.0,11400.0,11650.0,4200000000.0,48930000000000.0
2020-09-01,11404.33274192166,11406.047408959419,11400.704988121153,11402.184085128907,4419093321.995733,50387315546759.18
2020-09-02,11496.3071228794,11510.976415798066,11454.942675760123,11467.890644840527,3159136831.5813212,36228635716662.58
2020-09-03,11672.933336426582,11688.385666254308,11667.996945162082,11684.668330899432,3771394556.091062,44067494532883.76
2020-09-04,11657.92502201643,11693.79331418412,11592.507140442709,11603.709155484965,3692641018.4194646,42848332393353.266
2020-09-05,11280.664089165459,11429.174309796534,11208.793451528709,11390.193953592874,2969125282.9412966,33818912845217.688
2020-09-06,11293.6755995994,11371.782342418297,11271.373239959063,11358.37246389235,4755616809.6739,54016067019823.61
2020-09-07,11526.172241004853,11577.896344006935,11393.286354702308,11421.19396110913,3704524930.4106407,42310097763984.23
2020-09-08,11284.047422245252,11304.026274500606,11168.817083202403,11206.864161260633,2766206290.246167,31000498136813.5
2020-09-09,11143.966736443008,11169.535140189726,11068.909516272068,11091.314695632136,3186648294.3025527,35344119056408.984
2020-09-10,11157.650015525067,11204.148598739592,11045.509608456288,11094.40821780196,3872833829.6331286,42966799465663.22
2020-09-11,11015.845011113888,11034.945985202157,10959.982553557847,10974.551132080574,3864913745.7623763,42415693523950.26
2020-09-12,10885.027520471484,10926.405346569945,10747.734891364878,10798.26090422192,3415095927.156606,36877096834382.69
2020-09-13,11151.91941392201,11169.197273701106,11114.224310792202,11121.519922062718,3063944147.048995,34075715871492.86
2020-09-14,10796.499440353953,10822.387008125304,10714.441434166063,10745.472678857257,2138835048.6835947,22982793580211.9
2020-09-15,10716.27482940274,10727.504223656775,10658.904467534398,10670.110938418673,2034918783.3647485,21712809169173.82
2020-09-16,11055.578442413162,11077.110110520216,10983.557846965406,11003.310876117082,2559216800.3163204,28159858053262.13
2020-09-17,10918.869992809234,10929.798402354518,10873.04890712291,10883.743665488562,2093764986.7945282,22788001412046.69
2020-09-18,10855.119874249598,10875.618231053211,10785.889506603356,10798.025817606804,2034426627.7856984,21967791250856.72
2020-09-19,10853.351376314129,10927.43019074126,10827.72423435039,10897.93597066445,2493896321.1468997,27178322425334.54
2020-09-20,10465.97611397284,10591.2706497627,10412.889484226773,10545.832018654277,2896679547.982694,30547895924896.895
2020-09-21,10566.103656905887,10740.100011252009,10499.749307251222,10663.794416628149,2332489452.06803,24873187995807.105
2020-09-22,10862.772408489542,10874.909465055905,10826.350566934201,10840.683087974612,3177357606.9637256,34444726874259.145
2020-09-23,10615.681620893622,10727.290016213192,10555.472631161665,10695.2336788692,2259603432.130178,24166986728207.113
2020-09-24,10559.343994395658,10580.367739079216,10551.18864492832,10573.707978490396,3487926059.05075,36880311598969.48
2020-09-25,10445.004234946073,10550.049704480396,10386.67234849431,10524.675740599996,3070548238.217224,32316524553106.875
2020-09-26,10625.493623094257,10673.320160673033,10511.54154678888,10558.773380517501,3644472923.6325393,38481163692068.05
2020-09-27,10621.62749348603,10647.303365378708,10529.710012562364,10567.723243118395,3437776640.1669955,36329472104942.22
2020-09-28,10858.225002513813,10868.585470413558,10806.600832371754,10824.417783057215,4075553012.714762,44115488506622.08
2020-09-29,10836.164898386212,10965.947013527784,10808.284109945289,10936.082694432462,3765469746.363094,41179488529610.42
2020-09-30,10800.0,11000.0,10200.0,10800.0,3500000000.0,37800000000000.0
2020-10-01,10937.209829968271,11031.974463769298,10892.810920900376,11000.238697059815,4228337581.4968085,46512722688213.5
2020-10-02,10972.177268121852,10982.171772082636,10944.895547729648,10952.386811054055,4096959214.600106,44871482067412.58
2020-10-03,11180.484294517004,11228.690126145046,11043.212459691747,11097.624344925494,3339502821.62891,37060547813256.375
2020-10-04,10976.93912484785,11123.586574448911,10907.763132048549,11085.727443401694,5778918683.229396,64063517439862.9
2020-10-05,10997.007872874556,11033.478444125538,10990.008709834328,11018.715996024928,4897053096.085188,53959237283217.26
2020-10-06,11431.7379381979,11440.01405949859,11394.348187087095,11405.281005143392,5881533688.889663,67080544463004.21
2020-10-07,11318.611844510511,11506.008566145081,11293.590824146879,11431.73350862929,6097997317.4153185,69710680269028.22
2020-10-08,11485.779767409063,11529.653441970286,11340.200395950455,11381.508423953694,4422195292.207121,50331252970623.71
2020-10-09,11630.379010119468,11699.753178071232,11506.814673917737,11543.422234544552,5704393961.63673,65848228091359.12
2020-10-10,11948.01031965392,11998.911853670515,11816.603517714022,11856.43223762312,5837806116.331686,69215552634668.42
2020-10-11,11846.23001707857,12033.081613508388,11797.097009795061,11965.110989347684,7557108846.152992,90421646102801.77
2020-10-12,11819.117953991408,11829.28672280887,11786.12152507161,11798.305208680316,4928101324.480675,58143243525524.71
2020-10-13,12168.959087604777,12176.975896846898,12145.612535673337,12154.013397488794,7625299828.165836,92677996271396.58
2020-10-14,12328.69650725134,12425.344894375758,12300.246832417974,12385.715207394038,5295906399.4404335,65593588428484.78
2020-10-15,12097.84793736354,12165.087491327022,12072.713314564124,12138.088536636518,8529283875.220413,103529202831531.6
2020-10-16,12467.616303305818,12486.85237747778,12461.690600773696,12482.54567809815,7118262198.090456,88854033036343.45
2020-10-17,12312.21597810943,12420.069824762346,12267.841312374161,12381.400283065159,9764724436.949432,120900961907698.97
2020-10-18,12956.165893576412,12972.843772517672,12897.900678272335,12919.328959357379,8882083802.701164,114750562491676.27
2020-10-19,12587.158294080882,12625.873495913462,12577.381121345283,12609.880064787954,7932016477.159881,100021776448907.95
2020-10-20,12869.46259829101,12985.299298658574,12836.713569123403,12951.190763009525,5423645283.567431,70242664698378.695
2020-10-21,12400.0,13200.0,12200.0,13000.0,7500000000.0,97500000000000.0
2020-10-22,12923.371440100407,12954.359134492743,12794.695776971497,12838.203556782557,6479030770.52416,83179115882646.9
2020-10-23,13336.487894872367,13430.534985254557,13289.803618196218,13401.00118325744,8668995853.66265,116173223692587.0
2020-10-24,13159.14017937969,13196.73959095491,13041.192253120025,13079.968877914947,5448038687.146237,71260176473549.39
2020-10-25,13157.302608052521,13187.030390958678,13070.001270297862,13097.59348043344,7681638241.601352,100610974952246.05
2020-10-26,13444.648192103126,13589.276337123161,13418.67901793912,13536.995363156537,7489814665.526886,101389586398139.28
2020-10-27,13677.160470169092,13707.03627354491,13524.39516107207,13553.386976991165,5445282377.434949,73802019260366.33
2020-10-28,13347.872494392033,13466.254898843858,13324.129673956953,13415.761938332053,5204845732.723721,69826971275964.89
2020-10-29,13751.91963159037,13774.973074941743,13748.609457217097,13765.757013916511,5773900161.726749,79482106648943.67
2020-10-30,13335.504753225978,13540.71218870099,13302.138590851182,13453.178846664598,5746628141.3683,77310416151103.52
2020-10-31,13800.0,14100.0,13500.0,13800.0,5500000000.0,75900000000000.0
2020-11-01,13807.12545903029,13880.69555783275,13798.114970285023,13849.409554949041,5947129099.501029,82364226575145.03
2020-11-02,14282.182501868601,14295.264600477172,14261.045063418154,14265.016499272313,5118854571.676957,73020544922347.3
2020-11-03,14048.507147239572,14099.427345029926,13961.103908263301,13983.951364276654,5893999532.638571,82421402805487.11
2020-11-04,14086.900400700079,14095.693603817514,14054.121563487613,14068.518402925909,5808546519.233335,81717643600085.4
2020-11-05,14171.60278267625,14313.87985039585,14134.655315617041,14281.831159556079,4723514446.447833,67460435803891.945
2020-11-06,14723.991470883333,14733.24760239262,14701.143303680543,14705.984643197404,6921027337.00556,101780521733153.19
2020-11-07,14645.723751645071,14853.264237750138,14578.516428693545,14773.464473570488,4392388104.607609,64890789617554.12
2020-11-08,14759.910783951398,14765.78308048462,14756.442808874326,14764.429795837079,7342794418.603414,108412172698734.44
2020-11-09,15030.350940147122,15046.76460480716,15023.652079305479,15041.693712607814,6473081222.955451,97366105132528.7
2020-11-10,14836.74872521641,14839.285127082017,14831.275865351321,14833.039679510224,4795958624.869477,71138644583978.25
2020-11-11,15341.418402167219,15466.339060960861,15313.872634052836,15433.599035044328,6142385892.63747,94799120985479.55
2020-11-12,15589.26940871264,15591.220507231523,15578.836897359359,15583.22752352486,8763141035.229338,136558020572715.95
2020-11-13,15743.379091280123,15864.975045150934,15677.982482093232,15826.055604938047,8667573050.157505,137173493051655.14
2020-11-14,15335.999549722399,15534.88361652578,15235.702884230146,15470.52985677224,7958074036.703398,123115621987223.9
2020-11-15,15818.91471968659,16019.468061915428,15731.6938577946,15944.727002677953,7530365425.079253,120069620933293.61
2020-11-16,16455.868626101535,16504.678216438708,16226.558007640997,16304.408286011152,7373427722.242846,120219376050840.6
2020-11-17,16526.601309522863,16541.472765840175,16483.613003808925,16500.993956293794,8247027787.167019,136084155673429.97
2020-11-18,16780.707394953504,16783.972782214907,16762.788879052077,16769.629757452985,10746210955.231693,180209979014720.7
2020-11-19,16679.730211923557,16767.714157657665,16518.104697748717,16561.422281814335,12225648962.263983,202474135133279.03
2020-11-20,16531.889408932224,16661.78383351329,16458.901309160636,16631.00498702932,10715169410.003757,178204035894636.5
2020-11-21,16807.249234311093,16838.76455016202,16802.2266700915,16827.33318876474,12451307312.15054,209522296777259.88
2020-11-22,17468.674112987163,17470.09337193016,17466.035485864824,17466.855193785363,13464768551.86874,235187162513326.3
2020-11-23,17615.133429878257,17629.308503043943,17533.313882591206,17567.81582736302,10256946084.790693,180192139768795.12
2020-11-24,17236.385730419755,17496.976480860387,17148.760552663553,17406.057359699516,12439415514.689013,216521179969813.03
2020-11-25,17964.544776549053,18214.30844163335,17916.92866225916,18116.942107686984,13653463225.248596,247359002821262.03
2020-11-26,18277.41063219943,18286.74015757507,18256.72044252579,18262.510704457458,11258949373.25611,205616683450034.28
2020-11-27,18445.243538231036,18466.519630462528,18437.776003534615,18460.283058040954,13939670904.846354,257330270639401.56
2020-11-28,18177.640080557572,18371.90246713065,18094.598243005323,18297.023919232925,8973717711.417276,164192327610246.03
2020-11-29,18284.43376149395,18470.209074334438,18222.42659319062,18416.304820913687,13700371644.485462,252310220364646.78
2020-11-30,18800.0,19900.0,16200.0,18800.0,12000000000.0,225600000000000.0
2020-12-01,19149.262997618385,19168.271701605834,19070.494464391773,19103.060881880407,11830010542.071072,225989411618470.72
2020-12-02,19594.18795721202,19608.645295990293,19510.004824690557,19541.76048645769,10771908064.388494,210502047376422.03
2020-12-03,19334.10077058966,19553.141955451512,19214.344618848972,19501.95757197487,10031767577.543718,195639105669170.7
2020-12-04,19713.959821087963,19852.572731707773,19660.070718286777,19801.372549148353,12012421619.265814,237862435700526.28
2020-12-05,19448.767788551824,19585.91090181591,19405.78186270902,19561.188136871686,12903637024.615543,252410471488407.8
2020-12-06,20386.398473711528,20485.499378779583,20135.044889445282,20236.163382682345,12842270096.598907,259878275879311.28
2020-12-07,20025.312514985413,20122.76717226608,19776.79603066704,19863.545772371264,8837742728.998182,175548907221896.72
2020-12-08,20160.54145300478,20188.035517977834,20152.09539513852,20176.538110041623,10535424102.419582,212568385907919.78
2020-12-09,20604.536325625715,20839.53881258634,20568.124229806162,20766.21351111503,12757752279.690845,264930207761974.62
2020-12-10,20781.55272676364,20939.03698570063,20747.08710452862,20873.380014951563,13635398197.527832,284616848232184.0
2020-12-11,21013.775028155836,21040.624733069657,20787.354441400184,20886.406888075002,12170488049.559475,254197765429553.5
2020-12-12,20789.55919232202,20839.754574289585,20555.03383903919,20653.496163383992,8042318307.108802,166101990300584.47
2020-12-13,21136.591267732092,21141.02506578865,21113.46763665959,21119.400718993766,7241244415.586992,152930742516957.5
2020-12-14,20963.90319632296,21094.326654130396,20932.251943904743,21047.5608265731,8790794384.493324,185024779521520.47
2020-12-15,21203.898307807598,21540.698306445935,21066.342819714297,21397.26848895215,10724844870.030672,229482385186407.44
2020-12-16,21300.0,21500.0,20800.0,21300.0,9500000000.0,202350000000000.0
2020-12-17,21650.606941514176,21703.059163977494,21440.361666330118,21482.057643936252,7814843389.73748,167878916176674.72
2020-12-18,21559.267867427636,21873.12262274617,21397.79971418168,21761.79608276253,10967530178.069668,238673155266696.3
2020-12-19,21460.60420973914,21781.579194525497,21354.913887489336,21649.5437139265,6794596597.182569,147099916049200.28
2020-12-20,21604.47727635265,21710.078475465853,21306.45626263879,21428.92006891682,10633048504.135803,227854746484041.7
2020-12-21,22047.231510488164,22050.755590456323,22036.540852287715,22039.54131868085,8193108334.987658,180572349677388.94
2020-12-22,22513.881944916815,22547.568837255545,22446.737159855238,22468.081465890198,8980069027.630873,201764922482127.8
2020-12-23,22699.87218962359,22725.70137909818,22644.087510135825,22658.318120138578,8463922090.990714,191778239281736.1
2020-12-24,22519.86406740139,22597.682582366637,22489.03412666778,22572.00027428295,10704785320.350965,241628417187102.1
2020-12-25,23631.60447181845,23689.321281325196,23450.527541679523,23517.032351670565,6327847115.185509,148812185324242.88
2020-12-26,23713.89234363508,23811.360326384918,23698.952518358034,23779.593890451157,6816276430.690263,162088285366868.4
2020-12-27,24736.506302739,24828.671670295713,24392.34353381827,24505.404317945813,7319722769.448853,179372765960618.2
2020-12-28,25567.887592893745,25717.049520980683,25510.445799391528,25680.531022648334,6543273938.61488,168034749370285.78
2020-12-29,25882.334719770388,26061.050660872697,25843.606837727977,26028.57951659004,8813482326.019278,229402425540853.72
2020-12-30,28067.05051383207,28087.550302349842,28011.476072964215,28026.66485021958,12992907020.932665,364147850505744.7
2020-12-31,29000.0,29400.0,28000.0,29000.0,11000000000.0,319000000000000.0
2021-01-01,30101.020261952926,30494.598494720794,30033.77051614108,30351.66873314763,10703206921.498928,324860190863668.3
2021-01-02,32323.416958144742,32442.550080750847,31934.087722346903,32083.291153828835,16440819326.732563,527475593267057.0
2021-01-03,33081.03853099242,33296.14353643703,33013.202297774274,33230.75536231849,12907197216.196827,428915913104634.94
2021-01-04,36108.57796227374,36195.497269743886,35895.317383564514,35954.66850664561,17440185063.299435,627056072645483.4
2021-01-05,37876.36138972562,37924.94109378426,37493.93022967761,37634.59802472542,11368154298.323002,427835917300440.6
2021-01-06,37710.34472808273,38233.960891441435,37505.24094513449,38045.506848674544,12657213486.866259,481550102399706.06
2021-01-07,39465.68841018417,39514.83212244825,39456.26318625847,39500.261797252526,16450442012.56999,649796766177036.4
2021-01-08,40700.0,41900.0,36500.0,40700.0,18000000000.0,732600000000000.0
2021-01-09,41474.2916480878,41922.265776263965,41326.105881727446,41833.214213397514,23485086044.621464,982456635324722.2
2021-01-10,42281.055252546146,42343.857115774794,42046.77125186889,42130.50613841926,13407478238.917862,564863844245451.6
2021-01-11,42598.918172902704,42797.118717750665,41996.777850047045,42249.69323781691,21873385240.597126,924143816487820.5
2021-01-12,41657.89964015579,41737.68632899293,41152.175738095444,41325.26980996578,15278358828.619526,631382300846174.6
2021-01-13,40821.00714022151,40908.79549085098,40789.66653477653,40884.75935046676,20424483375.471275,835050087663752.1
2021-01-14,40200.93430371188,40669.803280211294,40076.96614586253,40506.34950954517,22165375760.361572,897838457559606.4
2021-01-15,41200.361826238535,41374.4397540528,40788.0138250114,40917.53624525538,21372961451.653038,874528924866459.2
2021-01-16,39445.36062846403,39702.05026850085,39373.59456775045,39598.75551663912,22593942559.634697,894692007575961.8
2021-01-17,39939.01905005166,40151.70304332074,39525.383333900565,39655.43326169123,16842209348.845823,667885108812587.6
2021-01-18,38302.16766609467,38456.58163941163,38240.49174656353,38401.11010513766,20671208756.093346,793797363449026.2
2021-01-19,36924.11543891333,37285.294055873375,36853.392232513,37171.78344771874,22461962762.986534,834951215636457.6
2021-01-20,35954.90823891256,36258.97634360662,35807.91356950722,36205.11472881664,19257851870.865906,697232736415256.2
2021-01-21,34985.15850495606,35422.16446563511,34868.26392647275,35287.42217275213,19210855836.569027,677901580204890.5
2021-01-22,34691.29697090242,34816.656913816485,34616.610404308136,34785.50046952965,16453260783.883795,572334910723083.5
2021-01-23,33841.92654386342,34207.38167268005,33788.86798323398,34086.97578970014,16525050389.424635,563288992547892.4
2021-01-24,33657.45179642627,33753.03226857403,33640.37529098946,33735.57886775475,14951365453.27502,504392968429583.25
2021-01-25,31783.79514127977,32289.68681421229,31638.453166456795,32089.704953187444,13630131707.830551,437386904977367.25
2021-01-26,32356.515947537446,32800.488964811535,32259.292791819986,32606.84590299555,18748953378.762623,611344233663760.6
2021-01-27,32171.40045365861,32336.47557995785,31884.643083700987,31962.55243134971,18953432921.37096,605800093503389.0
2021-01-28,31561.14089034416,31662.854141834883,31523.124638619403,31633.57424357436,11518792673.564875,364380583235554.9
2021-01-29,32043.501078743393,32061.050090244433,31998.09735338233,32016.795989329305,13772951212.465439,440965769140491.6
2021-01-30,31970.4124419369,32174.021987746906,31934.138596141325,32125.03996276352,12768493778.340828,410188372893496.44
2021-01-31,33100.0,34800.0,28800.0,33100.0,14000000000.0,463400000000000.0
2021-02-01,34122.42710386804,34291.02869678964,33678.279042463306,33807.06306430259,14659933296.511076,495609289473619.25
2021-02-02,34862.29193788345,34923.838750144096,34843.02263402047,34901.350912780596,13215790456.893257,461248940325808.56
2021-02-03,37949.33285410309,38113.7818826981,37507.6957070793,37662.858036185484,15184133172.117416,571877852063993.0
2021-02-04,38099.357814579664,38197.33951503583,38060.49684433794,38179.429437213,14684338464.059406,560639664220708.9
2021-02-05,40424.50726586073,40701.683555736156,39817.39358569384,40052.79422724026,14784028166.881891,592141638017844.4
2021-02-06,42759.19923090924,43291.98145781054,42671.72546989129,43077.41003955454,17269997338.259243,743946756722208.9
2021-02-07,44398.84140079451,44653.55612310694,43970.361286791915,44066.500157835384,14520580259.6103,639871152301978.6
2021-02-08,46500.0,48000.0,44000.0,46500.0,15000000000.0,697500000000000.0
2021-02-09,49429.00307161708,49457.195023113236,49419.92523809863,49445.41159477149,13976479797.799597,691072796248209.6
2021-02-10,49734.62730428186,50226.720787784274,49606.36115261634,50031.59172709808,15279568780.747429,764461147004469.1
2021-02-11,52383.989731565496,52442.140775246175,52239.414213366596,52303.150996868055,14375816893.277699,751900521672430.1
2021-02-12,55038.73339845559,55196.33866513838,54524.99652108142,54749.08032888013,12504024864.652348,684583861749165.9
2021-02-13,55111.58749918071,55291.14606949666,54449.82852460988,54724.181917748065,18855064122.373524,1031827959103573.5
2021-02-14,56371.036488605394,56572.250566443035,55724.79736038245,55942.000767301404,16427473991.772629,918985762652568.2
2021-02-15,58463.02353036557,59306.74371964442,58115.20783433017,59030.76240181706,17327773660.962746,1022871689932755.6
2021-02-16,58883.1241475221,59481.44916155057,58703.04632828379,59316.806964762036,18115624679.636612,1074561012168084.0
2021-02-17,58503.928531547004,59108.07808687077,58434.02436635557,58844.39636701115,19965340361.63457,1174848401842310.5
2021-02-18,60337.997242821,60486.36862970562,59862.0589480343,59944.200650943945,17667660191.12192,1059073767529307.1
2021-02-19,60368.47543536226,60451.03248090067,59891.10732668656,60079.52161600557,18104355548.21078,1087701020502580.0
2021-02-20,59310.67756972182,59532.84854796437,58818.27593091713,58996.67844738448,11874241801.324465,700540825359231.0
2021-02-21,57500.0,58300.0,54000.0,57500.0,16000000000.0,920000000000000.0
2021-02-22,55409.638411818516,56091.50259098849,55199.931093918894,55881.67163571869,12051349631.595758,673449562880073.6
2021-02-23,53240.11481157914,53943.50689072925,52919.251276309515,53657.57276799904,12361564724.084734,663291558708906.5
2021-02-24,52857.15967430026,52866.21870971799,52827.432392755916,52833.303747693295,16983673620.44298,897303587140549.9
2021-02-25,50583.151919841315,50631.16686381011,50323.6607437611,50374.514305609926,16305520864.443878,821382694046349.2
2021-02-26,47200.75736445749,47548.37246101709,47027.51157277344,47454.75006571835,22150973897.900406,1051168930037114.8
2021-02-27,46427.57172108792,46574.53766597764,45871.7748910182,46053.514939015775,14917144227.502821,686986924528754.1
2021-02-28,45100.0,49500.0,43000.0,45100.0,18000000000.0,811800000000000.0
2021-03-01,45263.88146087332,45505.299649987384,44656.27775905096,44834.38498649318,19640187259.67269,880555716806984.0
2021-03-02,44312.03559928606,44483.56239216294,43809.739539812195,43970.24688501858,18904228171.537243,831223579873216.0
2021-03-03,45038.49461529834,45664.719826905486,44904.20581253797,45427.55820504743,20113884258.98732,913724647904733.9
2021-03-04,47061.710857953505,47212.852312011935,46631.71831682092,46777.34342804033,13824836771.397781,646689137492274.4
2021-03-05,47808.741482575395,48137.67080679316,47727.3742515166,48028.31794166314,13497851669.735327,648279111523457.0
2021-03-06,48909.89017837757,49635.32169353814,48738.09719131902,49349.76234167331,11864803067.165613,585525211595379.6
2021-03-07,50436.291533117,51066.26621659063,50148.36533367626,50897.574306266186,12211441245.251963,621532738166815.5
2021-03-08,52952.06096447707,53667.55127658069,52609.97520706106,53482.80299096694,14354680924.575966,767728571887287.6
2021-03-09,53671.57531907232,53876.523545115684,53565.413806788674,53822.02518993275,13935852337.322735,750055795542567.4
2021-03-10,57679.23659010522,57885.69632727293,56896.09703849252,57230.69429168343,14125656748.102472,808421143019907.8
2021-03-11,58935.677464758104,59722.62939472337,58693.42939817947,59423.796983026,13811007914.432022,820702530438173.8
2021-03-12,60471.203711840215,60520.956256152574,60151.94841398361,60225.65517373044,16228606761.335184,977378474758243.1
2021-03-13,61200.0,61800.0,59000.0,61200.0,14000000000.0,856800000000000.0
2021-03-14,63156.28825613202,63539.257034114016,62123.68259464351,62573.047997976944,15309987668.488008,957992593228735.2
2021-03-15,61803.193386101884,62623.84500613604,61514.83126054488,62294.86818912565,9724858385.640505,605808771291388.5
2021-03-16,63383.969891041546,63671.02459408612,62546.381477366784,62810.13671381329,12736623755.399328,799989079349033.9
2021-03-17,62378.1444599657,62611.657277467755,62340.14012613018,62542.3717585458,14887089984.546204,931073916216412.5
2021-03-18,63378.71132272075,63666.89437231367,62840.17179032294,62972.93903530293,13807637504.242973,869507514776255.1
2021-03-19,63321.19425579498,63478.60501545096,62553.507932140936,62843.38751186604,13234911553.542383,831726675444537.0
2021-03-20,61539.71342644158,62256.52177017253,61249.94218878055,61990.25749758263,10911332537.018532,676396313611530.4
2021-03-21,62214.18682990104,62427.05608113994,62172.40482493114,62344.94799211987,14963826283.3699,932918971399812.8
2021-03-22,60716.76180640219,60915.54608038103,60673.79565091225,60877.73961060728,12111478830.440123,737319454538916.1
2021-03-23,60618.30310028078,60702.66771480632,60041.590624900884,60214.28903471534,10722404065.70322,645641937559260.6
2021-03-24,58559.497416561404,59201.42892946158,58339.76212399832,59002.76346664883,11099492151.69563,654900710026422.2
2021-03-25,59762.71546596312,59786.08934495923,59594.92446337678,59649.224852622014,14921929171.601309,890081508391746.2
2021-03-26,59317.57355653817,59398.822827468655,58968.24659092379,59107.69128583515,13472426448.27167,796324023375562.4
2021-03-27,59265.2370813375,59419.11924289487,58588.873180933806,58706.336527315834,13337580417.64599,783000484458463.1
2021-03-28,58660.10339351095,59270.429771032905,58565.57813798918,59109.087475843044,9962704424.24826,588886367308858.9
2021-03-29,58962.06541747382,58970.721823473636,58931.93646716961,58940.89322654983,7891978038.570494,465160234917659.6
2021-03-30,58130.127984022285,58263.32008894489,57840.11041727098,57960.3519797055,7954235180.409697,461030270785902.25
2021-03-31,58800.0,60000.0,57500.0,58800.0,11000000000.0,646800000000000.0
2021-04-01,60727.635360476066,60956.183373424974,60223.22189511984,60385.61316379504,10183921458.228437,614962341667053.9
2021-04-02,59300.78205800616,59995.46479248983,59119.978806439845,59820.38809982817,10594562398.57335,633770834430504.2
2021-04-03,61884.51265347896,61924.557040815715,61859.38819137294,61916.944961751426,13373005860.338228,828015667827741.4
2021-04-04,63750.61686883298,64077.350323055296,62647.839173599335,63130.263669355765,7808068764.489167,492925439850662.0
2021-04-05,62868.401807558366,63325.8427476816,62769.628659337264,63215.60559658072,11210965570.381721,708707977854096.5
2021-04-06,65493.773268052144,65523.28288632129,65321.05648101914,65391.37247204291,11346351276.057806,741953482491335.4
2021-04-07,65609.06763521938,65690.11497997241,65288.670928862804,65381.37008929535,13298948652.536285,869503483650010.6
2021-04-08,65931.33515638913,66000.00150949675,65906.60092193134,65970.93319551782,8034074339.23283,530015381521353.0
2021-04-09,65561.31741581587,66590.13357658281,65255.90644615196,66213.06373820612,8815568798.775223,583705818761845.0
2021-04-10,68785.92663350911,68800.0010169766,68724.74300277756,68745.14739162438,13123652141.616554,902187400791837.0
2021-04-11,66066.13996810005,66569.77091679873,65923.85876123772,66365.17638918318,12926161540.827063,857846990692063.9
2021-04-12,66309.58558059482,67102.82772502604,66024.30957186584,66920.03017259589,11141670180.332037,745600904640931.8
2021-04-13,65473.12197955203,65825.61836057394,64724.12739310062,65026.197361991704,17737964650.852745,1153432390186382.8
2021-04-14,64800.0,65000.0,62000.0,64800.0,16000000000.0,1036800000000000.0
2021-04-15,62766.465768999326,62948.75614069725,61751.83480784338,62193.505640999785,22806886032.56086,1418440195119713.0
2021-04-16,61678.65422951358,61997.11688057033,60881.665531808176,61090.78526153701,18510826384.956867,1130840919696993.2
2021-04-17,58018.07926490031,58804.22512729748,57624.00518185063,58517.725181464375,16909181223.844738,989486819900523.9
2021-04-18,56300.0,60000.0,51000.0,56300.0,22000000000.0,1238600000000000.0
2021-04-19,55906.13138093121,56252.76229522437,55102.64943226021,55453.74109883557,23072206816.05293,1279440183356188.5
2021-04-20,55141.61546451502,55225.46446546717,54722.05263976509,54859.298316254906,26152899788.826866,1434729731350373.0
2021-04-21,52903.50502734746,52992.51722239705,52710.9856335174,52755.14154910596,23992066326.577953,1265704855114158.5
2021-04-22,53710.861462195615,53712.293663975805,53710.617764195835,53712.04778457993,20784509251.9462,1116378554119578.1
2021-04-23,53904.708872343086,54369.58125549266,53806.6987147518,54198.81682278372,19746790828.300564,1070252698940887.9
2021-04-24,54693.14654452917,54757.25125969591,54330.0035332116,54443.94415289525,15268790371.171,831293170250298.6
2021-04-25,54423.50906117736,54471.285849126514,54181.48412117716,54247.27700462297,19049725022.390648,1033395710151523.0
2021-04-26,56478.05205045081,56603.26287488518,55564.07192007308,55926.33316390457,17729960190.319283,991571660586561.1
2021-04-27,55818.33832265399,56030.44910916318,55318.3032501311,55535.9215304989,18917016180.21691,1050573926175704.4
2021-04-28,56542.41528884392,56655.76980242746,56045.013104657526,56219.100271029165,15526119957.049196,872864494685375.8
2021-04-29,57297.91570932567,57691.14622361814,57073.350072101784,57596.9603798987,12116639747.705053,697881619486073.8
2021-04-30,57800.0,58500.0,47000.0,57800.0,15000000000.0,867000000000000.0
2021-05-01,57862.934630510244,58260.353742106076,57790.94216063389,58187.79384485652,11477616077.463556,667857158145860.1
2021-05-02,58948.85460544735,59404.83000846076,58807.45381447471,59206.42773596255,13194934774.33052,781224952197139.2
2021-05-03,58536.8785127661,58549.68430599929,58510.114557003864,58517.335612516654,12225408910.122614,715398356193896.5
2021-05-04,59558.53873901362,59946.23877108011,58793.36497094136,59031.43932764422,15599022712.070171,920832762798114.5
2021-05-05,57648.59657005808,57652.34887518591,57647.02315828291,57651.43319105086,11020057024.80673,635322081327216.0
2021-05-06,57121.799448367536,57252.38594070446,56621.31699120178,56719.05986318911,10456748364.97364,593096936487244.8
2021-05-07,57310.39795318354,57313.93245425587,57297.02183090819,57302.46678985396,17972782338.595734,1029884763078655.9
2021-05-08,55166.19119851219,55307.207748458975,54827.24638712075,54953.39181900036,12786097576.095507,702639429935147.1
2021-05-09,55007.35879433457,55023.237774120746,54944.8225989083,54964.382635223876,12823981202.532991,704862209722941.8
2021-05-10,52277.58795069095,52332.8251023728,51877.1492880574,52001.411832006415,19998765369.510796,1039964034111598.9
2021-05-11,50800.10083564602,50959.93033506379,50141.823555781135,50323.95752802888,19536736519.513042,983165898844265.0
2021-05-12,49500.0,57500.0,46000.0,49500.0,25000000000.0,1237500000000000.0
2021-05-13,46608.59880769475,47377.278732633946,46242.42251145517,47077.99102629866,23610157679.89817,1111518791383742.5
2021-05-14,46095.85524964838,46253.219178976346,45773.256020432826,45873.920591761525,28059464828.77989,1287197661402774.0
2021-05-15,43415.54162922194,43542.4034245699,43174.901350507935,43231.70198704985,32626148102.02962,1410483911732296.5
2021-05-16,42475.39079351004,42680.19838215036,42047.46295180395,42216.440618266046,36206425168.18187,1528506398112243.2
2021-05-17,39965.84070302823,39997.537335054476,39769.98322627569,39837.55242712639,46771678035.69909,1863269175851838.5
2021-05-18,37755.381768218336,37871.33576792162,37382.118610450576,37544.65733485763,31727748849.425728,1191207458558112.2
2021-05-19,36700.0,43500.0,30000.0,36700.0,45000000000.0,1651500000000000.0
2021-05-20,35436.62484918824,35463.771476144946,35319.640803548544,35364.796204284394,52199088071.54475,1846010111699672.5
2021-05-21,34481.94128618502,34486.768204206775,34468.36256418635,34472.3893564958,55869802858.54875,1925965597410554.5
2021-05-22,35239.01840442927,35326.043277928075,35034.533607519625,35100.575149829856,53431749708.758026,1875485146039160.5
2021-05-23,34938.31455813246,35052.51692660846,34720.99314027351,34779.03972932066,47655916983.19695,1657427030095814.0
2021-05-24,34051.739210857806,34199.799605830194,33968.57708423864,34157.3935268431,45214654845.82983,1544414758749392.8
2021-05-25,35250.10395118334,35335.71472532859,34968.329340007316,35090.75210049162,33738358125.433952,1183904361257210.0
2021-05-26,34760.07698586233,35154.34927006491,34608.977234445665,34995.924785947616,27998929761.807312,979848440031238.9
2021-05-27,35158.07373772499,35207.04868426078,34773.9894842113,34921.309128227316,33599995751.767776,1173355838354607.0
2021-05-28,35788.61244513405,36098.11927518958,35656.970055159036,35979.321989080454,22936252699.834736,825230821110269.9
2021-05-29,36886.88100506457,37388.45640828044,36676.264765659886,37220.624407490555,22592272001.704777,840898470687318.4
2021-05-30,36706.86103310006,36823.24959629002,36392.05435294775,36487.93090681214,11739468256.701273,428348906633230.4
2021-05-31,37300.0,40500.0,34500.0,37300.0,12000000000.0,447600000000000.0
2021-06-01,37806.11511538909,38167.73356917053,37708.519442050725,38067.04705360416,11566806102.409195,440314152160326.56
2021-06-02,38105.735308042786,38184.46845103649,37751.73710376994,37880.963762920015,7756926898.541836,293839866755282.8
2021-06-03,38428.38553454825,38492.56190757027,37931.674058866956,38118.79454999036,4309157634.557645,164259894555225.28
2021-06-04,37434.44256309776,37655.44357740344,37368.692289720275,37594.11776698144,5139796147.298823,193226101659829.47
2021-06-05,37265.511538134655,37341.937484583716,37051.27618602274,37092.88196977418,4784435207.994405,177468490462168.44
2021-06-06,36721.81898807841,36801.4879491151,36702.06703671304,36771.26392437271,2749531527.1077085,101103749451661.08
2021-06-07,36916.88876157685,37107.18021087583,36395.53047742725,36591.62682793377,4020687048.980506,147123480088200.94
2021-06-08,35918.75480794411,36015.74672316387,35903.4280494608,35977.517704947204,3454069986.1038823,124268864079179.17
2021-06-09,35646.1999049767,35732.98464629172,35634.528047840635,35694.73122713763,4537629909.72731,161969480035937.12
2021-06-10,35465.631985994856,35554.26528711663,34988.64694297003,35134.88862595841,5932488300.641051,208437315717824.62
2021-06-11,35383.19835944658,35460.305327762035,35359.17942598897,35437.96515691418,5201467463.556795,184329422738348.47
2021-06-12,34284.523859748595,34300.35840324019,34280.190661984816,34296.15732376417,7711049558.1740465,264459368778479.3
2021-06-13,34981.757475259335,34999.57118452544,34891.646118706994,34909.39922707726,10321081375.696657,360302750199346.4
2021-06-14,33299.13735805996,33726.28165024049,33141.86054614229,33573.04845491219,10061580427.387863,337797927221688.8
2021-06-15,32824.67825759124,33396.53011733123,32712.000615243716,33146.12226854601,11453799736.393946,379649046501953.75
2021-06-16,33455.24847617152,33483.726335189625,33355.168186932024,33381.803556437546,12116231222.077076,404461650499752.2
2021-06-17,33588.920634941576,33667.311240640316,33204.35035054308,33291.47216490998,15780265713.468494,525348276754819.75
2021-06-18,33137.282204798874,33218.28745207548,32746.197609766426,32885.38422310679,14964117621.386747,492100757539066.06
2021-06-19,32591.47115099958,32664.000711804783,32558.497021996725,32651.45076186411,12006783492.516172,392038900014254.6
2021-06-20,32575.50871567353,32705.32039679051,32072.156448876412,32280.0935561451,11906654104.563087,384347908435955.56
2021-06-21,32902.28774934807,32983.48171003907,32527.624269310294,32591.361626340098,14361951335.825842,468075549645798.25
2021-06-22,32500.0,34500.0,28800.0,32500.0,15000000000.0,487500000000000.0
2021-06-23,32370.49748680357,32490.30285257933,32136.814515497164,32210.48587506689,12610742302.13491,406198136797025.06
2021-06-24,33134.95668900806,33165.241519441275,32905.914518510785,32987.536826605035,15203062606.166885,501511587598112.06
2021-06-25,33468.169710663264,33750.827263011684,33423.93634816663,33641.74626520946,11086019912.377235,372953068983254.56
2021-06-26,34535.54778164015,34569.72224791139,34314.165665133696,34371.44260018945,10504335249.352367,361049156076261.7
2021-06-27,33763.81664496111,33975.84261653752,33682.37155835409,33935.14857901858,13381368035.991692,454098712491908.1
2021-06-28,34858.756636195816,34888.6258794044,34646.060584310566,34738.650068153285,12968638094.913174,450512980639710.8
2021-06-29,35505.57774398187,35678.683273976756,35157.70319428564,35277.6952590246,8075778617.330914,284894857041547.0
2021-06-30,35000.0,36500.0,34000.0,35000.0,9000000000.0,315000000000000.0
2021-07-01,35343.3061879291,35453.123153513545,35084.82526109124,35172.45143710894,6140613030.307565,215980413602571.2
2021-07-02,34999.9105917066,35160.7489602141,34555.07613172745,34707.83265107249,6638442383.171613,230405947298907.16
2021-07-03,34743.530979102594,34907.03324635194,34287.69406340651,34470.97170206815,7056819773.873248,243255434731779.7
2021-07-04,34327.94805011064,34609.78653796395,34248.67849517485,34501.571267209525,6683827459.6959095,230602549438430.4
2021-07-05,34413.207254362955,34484.17503253191,33908.68741511212,34115.52837593111,5865195095.921985,200094229725298.47
2021-07-06,33046.88691025507,33487.3569162456,32886.865203028305,33365.92297116777,4827264714.568121,161066142627716.1
2021-07-07,33193.04386735431,33267.05014201992,32726.726159554943,32911.903392258406,6197584972.48213,203974317879644.34
2021-07-08,32422.75835253121,32625.178304630863,32376.472401988613,32578.98330998289,4907931431.487863,159895416192983.5
2021-07-09,31524.13970652938,31599.37293406946,31349.891487907113,31420.941153888056,7497974999.554484,235593431234325.28
2021-07-10,30652.69213277383,30832.561403517782,30607.270154699323,30782.47879204366,7016674189.845585,215990624439601.84
2021-07-11,30696.63885014275,30821.080763405887,30635.21122351526,30784.753449533306,8474019137.0011015,260870589859205.9
2021-07-12,30267.750256667423,30459.463220093225,29920.926573579087,30019.3173246295,6881391287.335556,206574668689466.75
2021-07-13,30089.167018961052,30280.15012799741,29757.208148132035,29826.029372730016,7394978483.331133,220562845454540.84
2021-07-14,29524.97871286443,29525.563776819836,29521.806098931782,29523.12910503329,9185074419.163507,271172137916302.9
2021-07-15,29798.503827887267,29936.282605882712,29487.812494412738,29586.214290912103,9310437947.996973,275460612271678.4
2021-07-16,28735.582073725986,28766.168318444703,28574.833035042968,28636.13141384153,7689569850.416674,220199532752445.62
2021-07-17,28359.152240527033,28588.729977645908,28238.506148482807,28550.27664862713,10981445122.032291,313523296235738.8
2021-07-18,28918.70902429952,29165.228373661623,28877.00683528057,29115.9035849948,8074087157.465687,235084343213615.7
2021-07-19,29666.48587862372,29884.23344838742,29625.912285690036,29820.636596970104,8797929611.109623,262359861738622.56
2021-07-20,29800.0,32500.0,29300.0,29800.0,11000000000.0,327800000000000.0
2021-07-21,30512.55568549006,30535.337888341684,30431.545085575683,30446.940894022347,10675423673.927938,325033993618730.8
2021-07-22,30708.261268550857,31015.87109421993,30609.56862194442,30881.4730276607,12219452547.357903,377354694254012.94
2021-07-23,31989.460628823264,32058.86597594528,31961.332435088025,32034.985974462696,13652068473.586851,437343822073759.1
2021-07-24,32751.565348581564,32751.598375115987,32751.438145243308,32751.49149260799,13478130863.608747,441428888315739.06
2021-07-25,34099.66165137178,34512.9129822132,34028.206936048955,34363.993169151436,11516043221.354788,395737230594288.6
2021-07-26,35140.49359644024,35184.029942845635,34947.50689012644,35006.018921997194,16058497487.51621,562144066906836.9
2021-07-27,36314.34104821475,36316.90043066537,36307.47801741961,36308.67321788028,15437709525.098558,560522750379361.3
2021-07-28,37308.94483786022,37338.474974117256,37297.85367592088,37328.1650944067,14712684831.158009,549197528359439.3
2021-07-29,38438.94140547632,39060.616136422155,38240.578909471194,38819.38788428487,15895609444.10717,617057828667898.1
2021-07-30,41187.457045863746,41325.38798872262,40794.1670221231,40906.57111986523,15459627879.008665,632400367319319.2
2021-07-31,41500.0,42500.0,38500.0,41500.0,13000000000.0,539500000000000.0
2021-08-01,42171.54006506791,42631.811707824476,41975.51685736185,42440.2358217852,12492727570.426977,530194304146238.6
2021-08-02,42621.90191479303,42783.110344970235,42550.88103221745,42717.73822933482,10207261299.814022,436031116243875.25
2021-08-03,43861.35278663458,44003.82293585384,43360.30686485109,43532.81027298147,15379541433.205818,669514659297206.4
2021-08-04,44411.400663567794,44443.51105272623,44224.18913638548,44280.05008759038,13635880004.544592,603797449589606.8
2021-08-05,46074.247568644314,46317.140027484485,45442.4709592555,45620.61230044375,9156346501.415953,417718133829621.7
2021-08-06,45952.28994272218,46098.068684620805,45902.75724184616,46069.73711409602,10206047035.823353,470189903914480.75
2021-08-07,47444.354146383565,47537.05127024331,47265.70553524619,47296.100277865735,8156297545.696995,385761066617395.25
2021-08-08,47631.59338183199,47649.950571185145,47621.177392583486,47646.85050544873,10687187215.742653,509210811592233.06
2021-08-09,47414.91761928958,48103.31181098019,47186.72808745409,47829.63564260615,9975524092.319284,477125682679670.75
2021-08-10,48849.850809403644,49000.15460194031,48471.97785215909,48555.60185008891,8682754341.281588,421596362757399.8
2021-08-11,48815.67476818864,48886.74110782582,48505.68985551259,48580.300117417995,8911005885.783314,432899340279431.56
2021-08-12,49454.28291586367,49716.70417894744,48830.1818073499,49053.779907133125,7187341926.132654,352566288961821.5
2021-08-13,49574.21462024249,49619.41789343637,49473.27507670244,49496.20191956352,5868031659.248495,290445279876554.9
2021-08-14,49056.42337673364,49354.743705171,48968.75818908709,49282.19229650346,4542825321.151436,223880391046410.16
2021-08-15,48306.00227894651,48432.86381635404,48269.338088356344,48378.714671560374,3929719673.435033,190114786820330.88
2021-08-16,48333.85598396663,48415.013227938834,48014.06578982009,48144.97732078666,4762018373.473684,229267266592059.9
2021-08-17,49327.87391519218,49692.988852565926,49246.86021664361,49553.89314708072,4952116605.504827,245396657121070.28
2021-08-18,49034.33732415285,49269.511096056995,48980.011905318104,49207.042430047746,3981682961.053169,195926842407541.44
2021-08-19,48418.95207523902,48452.000869155694,48271.82913543831,48326.837965437924,3915454885.954581,189221553834509.25
2021-08-20,49587.1643490365,49667.622106618546,49264.69065338796,49329.80942020009,3484507489.5639544,171890090383449.72
2021-08-21,48353.25795015628,48433.09947954392,48329.95152523636,48418.77220320555,2185377977.261295,105813318458916.77
2021-08-22,49027.303915699835,49415.36856362182,48970.807110855996,49280.21323907674,3374416940.61469,166291986391044.84
2021-08-23,48437.15499794009,48717.432595851096,47903.58747022549,48054.71711863355,3996685151.071211,192059574346970.22
2021-08-24,49516.41388879116,49742.759595980555,49084.35528214956,49196.22941543878,3668442333.820005,180473530651916.6
2021-08-25,46857.32704946244,47545.972230656844,46705.77546104813,47240.048979568215,4519099600.874978,213482486488881.12
2021-08-26,48835.592657027606,49112.85815490376,48368.64483177064,48488.39319428158,3266513779.5093026,158388004515385.88
2021-08-27,47206.99190786251,47633.956871662485,47060.52855244842,47558.85067154497,6141501167.991701,292082736947636.3
2021-08-28,47505.86262750834,47790.22457623294,47445.296032170954,47684.414065200595,4362326551.315932,208014985560567.44
2021-08-29,48014.45406625563,48092.37729978844,47869.441809130265,47895.91829261717,8709394808.050335,417144462104523.06
2021-08-30,47526.76659158046,47561.35800293956,47423.332112117365,47466.58337757342,8966709094.755087,425619044868638.25
2021-08-31,47100.0,50500.0,46500.0,47100.0,10000000000.0,471000000000000.0
2021-09-01,47588.458568329086,47890.934681911014,46910.75902309553,47125.9838081119,13126139819.240438,618582252584537.8
2021-09-02,46393.90809639481,46788.0200181691,46202.45386850428,46646.8502101916,16954773476.701109,790886778715406.1
2021-09-03,46461.677480924234,46470.08241105856,46415.47657872721,46435.972879507346,19787885464.37003,918869712766284.4
2021-09-04,47158.81851615164,47338.33885760379,46714.79927095242,46873.43983393373,12602656174.862661,590729845960178.4
2021-09-05,46512.122214154246,46610.39480504218,46281.415917680926,46350.09498002093,24026950124.80729,1113651420365043.5
2021-09-06,45624.33943330023,45624.54099162516,45623.80865709687,45624.011445735174,22450675999.32844,1024289898757852.8
2021-09-07,52700.0,53000.0,42800.0,46000.0,22000000000.0,1012000000000000.0
2021-09-08,44987.008837018424,45479.61288732956,44812.718093332616,45298.475201474,18654543006.048958,845022353754339.0
2021-09-09,45704.38635866916,45770.03488330659,45675.57764354136,45745.39986193232,19173549020.877205,877101666732388.6
2021-09-10,44381.12823597607,44520.524710629055,43982.0741908639,44134.76569089008,29424227081.98933,1298631367899141.5
2021-09-11,45556.3808936117,45773.41345216007,44935.07156438532,45140.2597901144,23308193426.817932,1052137906524798.4
2021-09-12,43632.58580062624,43655.755365813406,43521.68896404323,43569.31684992558,26087139258.061848,1136598836042629.0
2021-09-13,43788.278928714404,43945.159715670125,43760.36768127574,43915.700631954496,23586544374.551254,1035819621695103.2
2021-09-14,42695.84562936506,42762.17871639973,42538.362601153734,42604.801762171475,26747040526.219616,1139552359344353.2
2021-09-15,42717.264132166034,42942.53325820562,42311.46835498844,42409.374759017344,27357990372.085243,1160235266343351.5
2021-09-16,42395.02284296902,42598.652133998,42084.34969303927,42139.957842886804,28896025157.083805,1217677281946508.0
2021-09-17,42735.06411710545,42927.05249877993,42050.31394967913,42334.258077720835,16663247882.219599,705426236258919.6
2021-09-18,41153.31965683551,41795.07827833249,40905.207235541246,41512.806833443705,26358539408.96149,1094216954895931.8
2021-09-19,41870.09760907001,42371.563009403704,41785.09724138309,42220.43987544625,17218745653.575134,726983015597370.5
2021-09-20,40781.03336983447,40815.35087354639,40774.4633561609,40806.24574458903,15888922799.16757,648367288359635.4
2021-09-21,40878.68411216516,41129.867835505785,40196.42551331906,40495.53415956605,18140956025.177296,734627704404752.8
2021-09-22,40848.33697235959,40944.20813284686,40514.12106387605,40606.086584490775,14919544543.057259,605824317516549.9
2021-09-23,40141.57137652959,40419.229788427256,40022.821909240025,40338.047468631004,12331864747.087767,497443345544763.6
2021-09-24,40785.53498170213,40857.72470153407,40433.39954048131,40535.00945806237,19119155383.414696,774995144296878.8
2021-09-25,40267.15661749716,40772.31481992362,40137.89485341563,40606.02458371247,15250927471.812029,619279535844815.1
2021-09-26,41646.21399291593,42117.61038783688,41492.9891782695,41950.651136674314,10818063122.652748,453824792032927.0
2021-09-27,41853.97856549955,42138.103226095795,41806.51406373179,42044.32126535863,12585270027.93489,529139136265783.56
2021-09-28,42295.98712470857,42359.44286654703,41902.77734606166,42025.02555195786,11836683201.97466,497436914013415.44
2021-09-29,43455.79764957267,43494.49999604755,43348.37794171021,43391.32891746826,13999253601.314106,607446217613672.4
2021-09-30,43800.0,48500.0,40800.0,43800.0,11000000000.0,481800000000000.0
2021-10-01,44445.01039185966,44468.78856842717,44384.433275593874,44411.237683753745,13143465466.034134,583717568800251.1
2021-10-02,45309.160717549545,45724.285985714225,45129.90044049071,45587.09014673548,10404825621.417189,474325723564608.4
2021-10-03,47301.73689536868,47434.22093429329,46756.38363547875,46983.90914786565,9797836093.735817,460340640873762.5
2021-10-04,47927.498757841095,48000.66535421234,47915.3327305926,47971.64234832795,8520747431.180902,408754248309044.3
2021-10-05,50235.91022250388,50741.49985536695,50056.20840490407,50564.07956596208,10491274032.124914,530481614908675.94
2021-10-06,51105.295753568826,51530.53756081295,50987.76712452234,51382.94170554356,11823962500.02649,607549975867394.2
2021-10-07,51863.324001351044,51886.16788182222,51762.95246350278,51789.90930155814,9199580886.534586,476445459725974.0
2021-10-08,53680.341707179294,53809.38288221077,53070.17282872922,53332.91938870721,14625548036.478243,780023174445159.1
2021-10-09,55251.32695530872,55817.41473870034,54981.683069032195,55648.65711763182,10849151035.40308,603740685986546.2
2021-10-10,56064.31319572729,56109.28294400767,55957.62079524291,56000.713285410755,9811271643.834715,549438210291668.56
2021-10-11,58426.186098133796,58863.30604726499,58188.25486285778,58754.61941070888,10701436251.37905,628758814097739.1
2021-10-12,58545.20021216235,59562.42478835321,58146.22639523228,59135.785289542364,13982265317.554028,826852239680289.9
2021-10-13,61153.089719047224,61785.19608128252,60977.0713417346,61581.63810301302,10105590920.458826,622318842880789.6
2021-10-14,62630.45214216594,62747.53857145133,61911.90795495751,62107.82762856626,11292168224.841837,701332037661249.9
2021-10-15,63043.719091602645,63289.33866435101,62287.829893525224,62532.90709387065,16157845471.44091,1010397049702733.0
2021-10-16,63207.28706899025,63230.764443434964,63198.29948867631,63223.38961857799,18431077810.381546,1165275213496079.8
2021-10-17,65431.83184566455,65659.04879557628,65391.32798426111,65565.76210604109,10273087937.154295,673562839781898.9
2021-10-18,64466.94753891624,64777.891676759114,64349.47717062039,64673.36998846235,17851750196.123264,1154532845375485.2
2021-10-19,65858.98091102623,65859.36760436463,65856.92946349649,65857.30070079214,14664109694.968758,965738681690958.8
2021-10-20,66000.0,67000.0,62000.0,66000.0,14000000000.0,924000000000000.0
2021-10-21,66226.78641859359,66359.0523026763,65684.6251565113,65780.55691307755,13217388287.873293,869447162512693.9
2021-10-22,64417.52381819968,65374.72229683827,64261.21350581791,65003.05263007337,14013576280.401354,910925236490477.0
2021-10-23,64294.041926660284,64897.45859845802,64006.30405700486,64716.64674204139,11792824622.37855,763192065177320.2
2021-10-24,64930.65760903774,65745.8836761688,64762.99278037,65420.67640476279,13303285946.023447,870309964994828.5
2021-10-25,64902.32695085088,65141.14195208044,64217.6294753278,64350.017549176715,8138289573.603024,523699076881636.44
2021-10-26,64422.46981839793,64443.657963781865,64379.76343172971,64390.61495998898,9878116968.964785,636058026278344.9
2021-10-27,62333.99352507733,62676.4473120135,61330.71151742683,61763.92200624778,8950934545.280457,552844823137731.06
2021-10-28,62886.007296169904,62973.370528110354,62503.72658696527,62662.30291450227,12751158987.185223,799016986965978.4
2021-10-29,63165.225286355846,63275.3804698412,62753.744193771985,62864.64806025071,12574181489.987047,790471494013754.6
2021-10-30,60624.72079755768,60787.41436269092,60214.27146362767,60363.88846779251,12692993364.297132,766198435764862.5
2021-10-31,61400.0,63500.0,59500.0,61400.0,10000000000.0,614000000000000.0
2021-11-01,60773.38284584274,61016.78535506973,60682.5132673498,60968.51640680016,8937745027.644444,544921054357736.8
2021-11-02,61668.73476358067,61980.79505463998,61131.16311740985,61258.8252668112,10218858740.06111,625995281983630.0
2021-11-03,62524.273816635185,63218.263905545165,62359.72026188981,63077.07058977414,12510695716.163214,789138036815612.0
2021-11-04,62211.44889118093,62481.4980274626,61345.4343826954,61634.45622631895,10753571292.903252,662790519129045.5
2021-11-05,63230.6317821233,63363.43904963914,62893.397882420264,63026.53467847701,14177568400.923386,893563006477277.6
2021-11-06,65201.85039438579,65470.93510683446,64694.567349807534,64790.54981553125,10114358127.928015,655314824139643.5
2021-11-07,63924.86741405369,64017.955940695385,63624.49508237859,63716.48444349906,18560064491.802773,1182582060462290.8
2021-11-08,66739.61410814812,66949.98269317573,65864.9175330539,66197.88337991283,13489887898.51138,893002025913753.8
2021-11-09,64631.841223440795,65208.3415245208,64443.960248048585,65042.08447040955,19127330513.984894,1244081446984047.5
2021-11-10,69000.0,69200.0,64000.0,66500.0,16000000000.0,1064000000000000.0
2021-11-11,66361.18326691583,66522.21081756733,65935.15731708237,66050.84226511027,15646883217.027933,1033489815308513.2
2021-11-12,67148.24839809594,67207.52997253538,66980.999738866,67019.46118071073,11653185605.222687,780990220300838.9
2021-11-13,68638.60319327103,68861.30088415694,67739.97498885846,68090.59235709767,15675144596.385574,1067329880851052.5
2021-11-14,69900.90772688034,70141.66376723479,69190.08573594374,69455.03278528104,16477755654.527784,1144463059213077.2
2021-11-15,67982.01636861499,68267.12789455283,67817.55715311124,68218.3318934449,14338484023.15329,978147461940328.2
2021-11-16,67628.65735780937,67678.31207161631,67496.70964627591,67524.8616772122,14046717338.6715,948502645312691.4
2021-11-17,67251.65059044477,68165.8149465362,66873.91468200096,67838.81701579531,6923816454.522501,469703517509304.6
2021-11-18,69002.98772082338,69014.65431540228,68944.93446492434,68958.45176541911,8699294181.973873,599889858240836.5
2021-11-19,68347.51977690792,68758.08361996245,67284.26751780555,67753.57066303003,6126614728.5387745,415100023935212.4
2021-11-20,69158.8436123531,69292.99968575641,69136.91689292784,69254.09032821264,4445918316.591487,307898028689081.94
2021-11-21,67980.54193559114,68057.0207693463,67948.00298482331,68037.79030067987,4397007825.863033,299162696406517.4
2021-11-22,66950.97408173047,67271.25736186041,66820.06934823432,67140.02865697513,4407731982.931901,295935251646313.7
2021-11-23,65634.96191914876,65939.51934124478,65563.15538426391,65815.87686927986,3339432267.7597904,219787662948178.38
2021-11-24,64222.30293522354,64286.058096522014,64192.14177219179,64265.11234178589,3285629993.17445,211151380624897.22
2021-11-25,64435.38566195089,64709.59028694694,63870.22082224387,64040.37726456471,4116044716.853753,263593056505132.78
2021-11-26,63239.119992690896,63386.21019431476,62284.36853509181,62696.72451172176,5461673920.95424,342429065194923.2
2021-11-27,61386.73898668905,62247.034788827405,61129.20536608111,61965.92324203482,4856387980.481825,300930564832077.25
2021-11-28,61374.21524785198,61682.05900843964,60440.99448618102,60801.28364864764,5780406274.11748,351456121477039.4
2021-11-29,58152.329651864675,58857.22485270545,57809.21189878441,58601.97264300691,11063346581.399538,648333933703279.8
2021-11-30,57000.0,59500.0,53500.0,57000.0,13000000000.0,741000000000000.0
2021-12-01,53960.53548075701,54201.271707623826,53891.0193994741,54117.8384976945,19845709213.835922,1074006886106580.1
2021-12-02,53818.01560948013,53868.947773317384,53655.493567688754,53697.91376001618,15598689342.8665,837617075102528.8
2021-12-03,50661.52442375015,50803.015454419256,50609.096668737504,50749.653717447465,18076140811.221138,917357886717292.6
2021-12-04,49200.0,57300.0,42000.0,49200.0,28000000000.0,1377600000000000.0
2021-12-05,47076.02218403936,47466.22942331774,46866.04179652537,47377.55295543834,22543446927.888607,1068053350624156.2
2021-12-06,45727.87690895677,46255.61313452698,45564.68529911747,46033.35085951687,28182717572.65957,1297344926196909.5
2021-12-07,45216.557964778105,45378.02213827748,44938.94589597954,45008.182358955535,43803464178.295616,1971514303690705.5
2021-12-08,45164.79904240333,45381.63043140246,44576.175532803245,44791.75490305776,34868604820.53309,1561826000932896.2
2021-12-09,43702.335405163685,43718.91326411864,43662.505793417295,43675.00008008402,43275258693.04435,1890046926884368.8
2021-12-10,42872.90540452986,43391.88419573504,42712.86070985564,43178.23054099669,46503400871.02093,2007934563749327.8
2021-12-11,41955.41980146492,42133.37426007783,41919.73792261504,42057.16408454157,46648508683.06489,1961903983982822.0
2021-12-12,41854.166383337404,41858.70869625898,41835.95582953744,41842.370648703654,34389360030.80393,1438932348780613.0
2021-12-13,40744.628971624305,40969.3206684719,40597.734779086844,40931.27673523771,48405981017.27967,1981318604658937.8
2021-12-14,41666.258783571204,41743.45327114047,41362.64857059682,41476.81686153206,43712698348.95508,1813063583943004.8
2021-12-15,42371.47854702023,42512.979478534086,42341.012495174175,42456.210719895935,46306485158.785095,1965997891599113.8
2021-12-16,41155.20292046073,41205.860899153624,41018.04985601154,41070.1640191865,26549067704.369087,1090374565174925.6
2021-12-17,42563.74154881722,42993.572482024596,42472.61973601812,42836.88384568509,28984376303.923492,1241600361070798.0
2021-12-18,42408.18762995397,42499.37081710929,42386.90238934241,42478.53767974669,29479180412.59491,1252232475924463.5
2021-12-19,43538.57695321128,43624.690778336895,43044.92764566247,43194.77706917124,22114531544.372875,955232260048341.6
2021-12-20,42452.54410846905,42529.389496152835,42274.919507166385,42315.67938994653,22756286217.594376,962947711689582.5
2021-12-21,43028.276939296506,43252.989648798735,42661.414462420966,42741.95099824075,20974788281.06804,896503372907884.4
2021-12-22,45036.78494620884,45208.85868898233,44568.15719942866,44655.90243116969,16564999896.541103,739725019152275.5
2021-12-23,44478.50639511338,44594.726078825406,44425.9960184311,44573.98823824245,14687060228.751299,654660849890718.9
2021-12-24,45204.0282407267,45419.088297783936,45106.874965205774,45379.70868305314,17555498495.3372,796663407504179.9
2021-12-25,46156.845399993574,46171.73061429151,46090.574615206395,46116.08001885863,14406857284.097672,664387783333724.5
2021-12-26,46233.47845410168,46411.15088343005,46206.72821672853,46349.610210800885,14135346305.273502,655167791444111.2
2021-12-27,46806.487935124394,46901.64180032509,46426.645185881025,46522.099452710085,15502212407.69319,721195467367738.9
2021-12-28,46558.363724308896,47116.77246308409,46405.480173465876,46938.22452286919,13966881278.798126,655580609348484.8
2021-12-29,45260.636409623075,45694.99576513992,45199.93946617671,45523.64843025526,9988473457.853395,454711754050254.06
2021-12-30,46090.93168147175,46310.982349322716,46011.6006036517,46244.091020506414,7075901524.83098,327218634166424.0
2021-12-31,46300.0,48500.0,45500.0,46300.0,8000000000.0,370400000000000.0
2022-01-01,46546.76001754213,46732.18034093698,46181.53010243708,46264.14868363168,5856040379.071621,270924722794720.3
2022-01-02,45301.34008439578,45483.73829211,45224.62081328425,45427.560810741605,5222437696.212532,237242606025004.1
2022-01-03,44533.05453002695,44689.18733409634,44502.56106358856,44629.53415448363,7668114658.866171,342224385068364.3
2022-01-04,44924.40170823688,45178.24588936466,44449.91680643347,44580.16605141584,6075544407.6928,270848778547695.9
2022-01-05,44086.447313663826,44455.19496842364,43926.46831173257,44316.42154664777,8428057582.336467,373501352638243.9
2022-01-06,44350.079041869125,44468.53424828563,44291.229066504406,44441.635778058335,7510837603.650722,333793909169589.8
2022-01-07,43315.3620784323,43564.62068142504,43156.56376652589,43514.970520499526,7071959193.164433,307736095812725.9
2022-01-08,43769.84226233264,44049.73119863945,43109.46687757621,43355.983445230806,10202601352.4213,442343815333867.4
2022-01-09,42236.465554313305,42500.93012193433,42134.36097328549,42415.08436339543,10114700678.913977,429015882606629.3
2022-01-10,40805.644809890415,41019.46883027495,40706.922090270746,40944.623417436254,9599165950.629728,393034234970010.7
2022-01-11,41174.988513637116,41282.641047133715,40937.068016722624,41019.861526175875,14887317916.263458,610675719421284.2
2022-01-12,39062.19421940951,39117.57841599892,38633.63344885715,38815.03527106084,17906822033.28747,695053928814662.6
2022-01-13,38317.301347684006,38687.787943506664,38238.744438136026,38540.591229865335,18164479493.188168,700069779050236.6
2022-01-14,37282.52432930185,37784.825168911615,37112.7097199377,37563.533217413955,19253816962.124714,723241393018779.9
2022-01-15,37388.11494532669,37461.302700768036,37182.7205768134,37256.611216488345,18772218828.886623,699389258578671.1
2022-01-16,36982.11290116596,37053.86320517416,36947.37415000099,37034.655916053474,14891745287.301102,551510662704707.2
2022-01-17,36475.23205283925,36783.306191820804,36348.44919049021,36670.810081149306,15467085954.599382,567190571549925.9
2022-01-18,35041.17617799651,35448.56424496668,34856.27559760365,35301.72142042938,14002933859.717937,494327670184460.56
2022-01-19,35784.44519697971,35953.86953866718,35698.16569301658,35898.37324647854,17762008339.585964,637627204981521.5
2022-01-20,34903.73265500224,35331.901322422986,34781.97830163578,35246.553026115645,14375823687.418875,506698231892698.7
2022-01-21,35269.1797816427,35348.672629322355,35253.33263996642,35321.173710137926,17681840447.07309,624543357946011.5
2022-01-22,35100.0,43000.0,34000.0,35100.0,20000000000.0,702000000000000.0
2022-01-23,35752.70542009585,35828.60709900295,35181.018223989086,35423.05652647421,20500876536.880627,726203708408191.2
2022-01-24,35490.820855812904,35490.86862921492,35490.57294488797,35490.62314805106,20119978050.85923,714070558750103.9
2022-01-25,35773.133029369244,35904.57410568507,35392.3976146355,35477.064110385385,20506983159.10863,727527556246290.4
2022-01-26,35805.84563417512,35817.12479595087,35774.12179501381,35787.61520300003,20245884201.901882,724551913262161.9
2022-01-27,36916.208951718865,37017.643421048284,36734.169282532785,36784.056210150244,11345701294.843569,417340914173100.25
2022-01-28,36462.38516596144,36792.816363366976,36342.33945877294,36669.2795633152,15957543045.304844,585151607071919.5
2022-01-29,36950.98513755449,37017.31579683008,36681.8655189389,36782.683721170426,14497723273.328735,533265169839902.5
2022-01-30,37497.27752569947,37844.195631446935,37304.33229680974,37773.34304609671,16226666962.239641,612935457659441.9
2022-01-31,38500.0,39000.0,36500.0,38500.0,12000000000.0,462000000000000.0
2022-02-01,38878.21742799848,39326.1773138112,38680.11164491849,39189.03813995322,13016376268.05135,510099266012646.3
2022-02-02,38388.3616689368,39019.31946682173,38227.854881657266,38776.09883413849,8875259357.073875,344147934008509.0
2022-02-03,39023.47059686686,39045.80555377919,38967.70068224805,38992.04347245968,10170363321.43276,396563248760015.56
2022-02-04,39815.37091158681,40324.92284477122,39672.770732232515,40148.55867264733,9862681965.753857,395972465571729.4
2022-02-05,40065.088804708575,40328.03035045334,39983.72596469679,40274.27409038202,6708644568.050491,270185790108618.0
2022-02-06,40620.63736522462,40803.53551295856,40024.99460346848,40228.54091334523,10441608108.281212,420050658985108.0
2022-02-07,41912.12979410166,41959.71763861811,41815.48691031268,41842.90952968712,7330877988.775249,306745264457497.4
2022-02-08,41259.95941371473,41346.39891551194,41062.89076565497,41118.096009934205,6356726598.335296,261376494579253.16
2022-02-09,41413.82622747122,41893.66484663249,41222.75453684691,41723.98071866446,9053624800.493044,377753266609794.1
2022-02-10,42444.37434270448,42601.45303812346,41929.71223933448,42130.20149153293,8661921900.529945,364928514973248.44
2022-02-11,40972.19991998618,41510.06288043554,40789.415280158355,41364.5930160517,8726442800.992987,360965754940929.1
2022-02-12,42382.200321063,42712.57356076752,42180.63722105548,42641.24956507083,6335962647.644071,270173364493157.75
2022-02-13,42233.40474292207,42271.270570904286,42143.10105641579,42161.255258711244,6218867860.881667,262195275302827.53
2022-02-14,41729.409083150764,41766.960584643006,41633.83838459456,41658.10067612273,9425154095.334734,392634018191424.8
2022-02-15,42588.70051833878,43179.384729630474,42346.89583729512,42982.78477645705,7649524194.517935,328797852095265.3
2022-02-16,42308.085813178826,42378.961082271584,42146.33869716517,42212.14781401358,9766111948.646488,412248561144469.75
2022-02-17,42903.09818683867,43087.392895794845,42847.305572833706,43019.403320318175,7856260247.2261095,337971628164802.56
2022-02-18,43096.959770532434,43117.14306485787,43012.040342320615,43048.34558609273,7145755963.83759,307612972205163.7
2022-02-19,42079.89960324068,42704.46356581145,41846.14120243855,42456.16190562763,9370664533.387194,397842450592809.3
2022-02-20,43042.28854506363,43190.74395289214,42999.87185717107,43132.057375671386,10267739351.114227,442868722810697.75
2022-02-21,43412.80282250154,43689.3733976468,43293.08392547537,43630.18664990476,14431033280.76527,629628675590776.2
2022-02-22,42348.8486904369,42874.10135945601,42160.405488543045,42723.07138264614,9315588146.621479,397990537359441.75
2022-02-23,43680.089760110335,43882.89698454772,43071.794634833066,43249.54110689179,11388467717.031776,492546002672275.9
2022-02-24,42682.99359896454,42828.748291469885,42217.9100365846,42358.29725617143,13726354990.97332,581425024951380.1
2022-02-25,43090.27520024542,43120.44523977392,42875.24347252486,42962.90439327991,16346174760.40616,702279143427175.0
2022-02-26,43756.48564780865,43871.14828534704,43170.497189443326,43362.265478118985,14125934311.073412,612532513723235.1
2022-02-27,43206.78996596677,43326.47914477517,43183.23399175654,43292.108513013896,12783607733.670238,553429333193855.6
2022-02-28,43200.0,45500.0,37000.0,43200.0,14000000000.0,604800000000000.0
2022-03-01,42870.1804416153,42935.24291057919,42623.142137938914,42670.171967232505,14742291013.46247,629056092735429.9
2022-03-02,43800.81479834331,43977.45034167626,43345.70276606454,43477.418402847776,17196594948.448692,747663553678002.2
2022-03-03,43079.80144455139,43642.59478266147,42807.52348011357,43445.36790089857,13855489363.844725,601956832859221.1
2022-03-04,42781.44105128765,43178.05832791466,42640.210235401675,43088.68973020549,15823931975.59231,681832495208174.6
2022-03-05,43159.64470707802,43405.285022118514,42575.90708075503,42783.51888646889,18102697744.890285,774497110864551.2
2022-03-06,42835.904772726426,42867.231940833684,42822.06429769159,42855.7565210589,17842455062.819393,764651909910122.6
2022-03-07,43657.1672255539,43761.95385309326,42998.89922422839,43275.580321753354,19680574679.2742,851688290311195.9
2022-03-08,43371.71907632799,43414.70975376884,43094.937655369074,43179.943076098934,15561559790.20607,671947265916408.1
2022-03-09,44351.7983494977,44583.09254326348,43781.08006891293,43968.44865913328,18319162317.210876,805465147822615.5
2022-03-10,44275.27476495271,45039.92900556651,44167.73284890903,44702.572215003194,18374860683.513256,821403536645374.2
2022-03-11,43289.59210993775,43759.23880558313,43101.47402182047,43610.408013961525,14339278531.197039,625341787371341.8
2022-03-12,43384.65955838386,43448.520267086315,43261.499152600896,43298.52913731299,12779000635.695787,553311931370415.25
2022-03-13,43672.337616196965,44346.000104479266,43395.353957792155,44070.41446644863,16142783131.748074,711419143258133.2
2022-03-14,44264.02730122488,44404.58884308586,43816.720661403335,44000.216641601626,16444775614.337467,723573689653376.0
2022-03-15,44941.8109350832,44981.46491277322,44784.890084155435,44853.39324120668,15502267849.200624,695329315970710.9
2022-03-16,44374.61137600927,44767.60763495265,44239.163653012976,44624.07096429233,12158497820.758984,542561669572742.56
2022-03-17,43832.06044991381,43892.1523070854,43693.83589581307,43740.76531966254,12405199281.51555,542612910516418.06
2022-03-18,44532.13228373591,45084.684503624994,44419.736121062844,44909.27523358986,11885780565.30258,533781790773226.9
2022-03-19,44065.50249860009,44188.661302608045,44021.60288615357,44165.575459022075,14568209872.123152,643413372410125.4
2022-03-20,44647.13717276775,44825.85526776942,44617.0065667212,44752.05020924946,14302346222.699596,640059316268321.6
2022-03-21,43700.144509941245,44283.98021422023,43496.14255419772,44078.19820969165,17204496832.938282,758343221500265.8
2022-03-22,45462.296295648885,45557.25025046668,44940.83181623738,45048.04258628906,10008611283.990246,450868347350805.9
2022-03-23,44491.11169218059,44512.66294865365,44446.076773374145,44454.41891617022,17133294596.512486,761650655407521.8
2022-03-24,45526.606975190174,45758.355371543425,45470.463502088336,45712.554233988376,10277435735.425074,469807838441948.9
2022-03-25,44502.05883016572,44507.79777139144,44478.69267956124,44485.54429369961,16757176473.932413,745452116268461.4
2022-03-26,45975.84429023011,46092.67652552532,45391.02270348662,45566.673183806546,13067766624.566612,595454651023881.6
2022-03-27,44087.737454086324,44795.23762614676,43829.38217437622,44529.30118718793,11679899866.065218,520097778972214.06
2022-03-28,45259.21098128546,45352.318435656634,45228.44948945737,45335.880301361445,9689775331.826427,439294494590767.8
2022-03-29,45087.10526441967,45315.49352220531,44418.94005266385,44678.98911850089,10392220176.818237,464313892197127.44
2022-03-30,45024.50934188696,45324.14526357163,44951.297389787425,45262.65973687071,13372713375.582825,605284575277705.1
2022-03-31,45500.0,48200.0,44500.0,45500.0,11000000000.0,500500000000000.0
2022-04-01,45903.4794172693,45924.35787179027,45828.00420723836,45860.43584314285,7917341188.653429,363092717630512.94
2022-04-02,45031.52463942137,45257.83166054596,44923.68755010791,45167.08202495361,8688718439.41014,392444058444564.7
2022-04-03,46577.10518664719,46679.540847072945,46136.63690681708,46271.13935024118,9393662453.308048,434655464386145.1
2022-04-04,46176.28358173247,46674.417458437376,46057.49166599266,46472.88103582822,10902415521.511017,506666659534348.56
2022-04-05,45527.135963803885,45576.97190945323,45407.27762579972,45455.89769628926,11252591246.780079,511496636531795.3
2022-04-06,44959.893623995544,45008.74903330005,44710.5366817814,44787.862947026646,9139399970.73601,409334193307383.75
2022-04-07,45407.3624858411,45421.56802503935,45384.55412901473,45389.55917945172,9446321490.59312,428764368325403.0
2022-04-08,45006.00805428341,45437.03586042059,44749.914282606966,45338.785857063034,10099009969.059097,457876850355515.2
2022-04-09,46668.47365551931,46816.12129182456,46026.406138999526,46214.15818640155,8724286983.410498,403185578714896.75
2022-04-10,45298.88494668368,45403.65401766576,45257.688744543266,45372.943087831605,7979333682.435111,362045853051946.06
2022-04-11,44673.84071490659,44712.54738295073,44660.14323438825,44699.10479419187,6085824669.562433,272030914663849.34
2022-04-12,45208.24812995093,45820.61845738139,44918.67224540495,45641.662180292406,7398436345.246533,337676932332139.5
2022-04-13,44817.23205931296,44911.30360613993,44525.19267698412,44643.16557160232,7884383960.636041,351983858584760.44
2022-04-14,45109.19314629764,45122.8477727385,45105.386651397304,45119.861579368095,6397690866.268,288662926313599.7
2022-04-15,44937.11260529642,44941.705542234384,44922.28509209495,44924.79615327149,6555533856.279684,294506022169234.56
2022-04-16,44372.93313350195,44417.3571640572,44051.53647352408,44165.7003353944,8160490685.964821,360413786226099.4
2022-04-17,43720.62668057106,43751.7521907332,43706.354171775994,43745.43078537306,6563612781.108997,287128068617993.6
2022-04-18,43926.23196887923,43940.08482664076,43901.49438462481,43907.45975467856,4516562508.428334,198310786568307.12
2022-04-19,44492.7354197895,44543.054203310756,44385.973980938565,44424.21809804778,7510777558.181371,333660420330571.94
2022-04-20,43575.66447718547,43737.69830400368,43241.27796136032,43358.99098701061,5158730736.928622,223677359526902.75
2022-04-21,42484.70800336971,42831.99921477286,42385.82359416906,42742.320605579334,6692356653.303718,286046853682389.44
2022-04-22,42856.88624689628,42955.894442949655,42841.17966592748,42919.978832747904,4987771598.839019,214075051444751.84
2022-04-23,41823.52212691213,41828.48611645379,41802.81388678847,41808.406299253234,6421159678.267952,268458452741408.72
2022-04-24,42035.56637717249,42691.62834054937,41787.390553347424,42448.28070751898,8359956027.260498,354865760147668.8
2022-04-25,41763.30409376117,42286.28139465608,41467.186504595484,42168.00064364855,7224786517.232582,304654802508886.9
2022-04-26,41178.509955568756,41259.802427589835,40943.100592327624,41044.68196101256,10114468211.65895,415145130952313.1
2022-04-27,40571.59778867403,40871.195823264745,40531.79835984255,40744.99118779173,6909392367.688717,281523131134472.25
2022-04-28,40235.93672248478,40498.62904140375,40180.16543895688,40433.0953573971,10640353071.853203,430222410390613.7
2022-04-29,39308.198891099346,39355.25546249945,39081.46236057955,39171.18341639704,10797418621.378428,422947665241635.25
2022-04-30,38500.0,40500.0,37500.0,38500.0,10000000000.0,385000000000000.0
2022-05-01,37436.542936504695,37525.36498692406,37383.88962858216,37503.537280558696,11681798104.795174,438108750727145.7
2022-05-02,37530.05397891128,37777.355686903364,37432.33912887628,37678.21561652061,12944132406.624992,487711811785608.3
2022-05-03,36843.50251643193,36943.99126542668,36796.102783252456,36922.105739144936,14383734446.415312,531077764154327.5
2022-05-04,35326.163301226254,35639.26297740581,35245.461915831474,35534.5250395784,13289727859.672905,472244167398729.5
2022-05-05,34953.34344249644,35011.22883915808,34707.15612548372,34782.75853879309,13272660667.445545,461659751163094.7
2022-05-06,33494.42518055876,33635.16143252631,33225.97085494185,33305.657228317425,19823974901.20505,660250512962303.2
2022-05-07,33574.57128917822,33646.05397056281,33165.14570980149,33343.74970830016,17965893591.658234,599050259206205.9
2022-05-08,31434.461264384743,31848.444114942056,31360.804281265588,31711.984685347845,18661296160.337177,591786738045353.1
2022-05-09,31000.0,35500.0,29500.0,31000.0,25000000000.0,775000000000000.0
2022-05-10,30049.442733907974,30183.231653931733,29794.61242295191,29864.980888926442,34554064677.05868,1031956481215085.6
2022-05-11,29804.176472389598,29849.37311123437,29550.871588566886,29647.252998741245,40438606424.218925,1198893595575341.5
2022-05-12,28500.0,32000.0,25400.0,28500.0,35000000000.0,997500000000000.0
2022-05-13,28058.858520261663,28201.10958895611,28003.16258635276,28153.670595542815,37561828706.648865,1057503352373196.1
2022-05-14,27054.18115274695,27225.810081352924,26981.010231518743,27156.25388309077,30415863708.716057,825980916947380.0
2022-05-15,27760.408785451793,27912.744626804273,27698.31673088341,27855.77435609331,47158212083.3451,1313628514830454.0
2022-05-16,27670.965854626458,27849.204207401744,27641.97013874238,27774.88862898967,44850390605.391525,1245714604031434.2
2022-05-17,27704.314981459804,27738.79509250819,27535.164169017462,27606.18975106425,31722463301.061054,875736341260263.4
2022-05-18,27129.814780312197,27186.828404069835,26928.979486930482,27012.33005826168,36035501801.69811,973402868482552.9
2022-05-19,27572.954132096358,27670.509392170767,27330.88071994183,27388.66011493872,42438582744.72339,1162335918554932.0
2022-05-20,28156.45737343529,28184.39179695373,28056.96706400053,28097.837987934752,42958621573.381966,1207044389153885.2
2022-05-21,28483.539291796118,28869.47488761583,28347.000740709405,28710.118758130968,37984845756.253624,1090549432671328.6
2022-05-22,28958.58392258061,29097.07155471582,28682.239077001203,28740.569712098524,30097876638.873764,865030121725693.0
2022-05-23,29534.062858036363,30013.646596078735,29370.095192680998,29803.969572535465,31945949549.820187,952116108348593.9
2022-05-24,29386.97231185831,29648.916429440647,29330.73772765181,29535.362825143184,31803934241.143944,939340737079181.2
2022-05-25,29911.071630160586,30173.318309475213,29796.612243811756,30128.445914505406,32102109862.084206,967186680721314.6
2022-05-26,30432.27220349531,30554.87035313612,30387.613641371016,30519.44040453551,21915237609.505234,668840788174530.2
2022-05-27,31534.20280375471,31535.959754513166,31529.735970999343,31530.721312849517,26587569836.79409,838325254909878.4
2022-05-28,30798.130521137933,31221.656116108996,30650.437507800234,31063.183930011015,17766337952.19505,551879023571770.06
2022-05-29,31699.185075058216,31756.22724119866,31395.103073765426,31519.483722671335,18630676987.580055,587229320052377.0
2022-05-30,31634.995362739923,31670.981123326215,31617.68620616714,31661.572963107774,15963271287.913162,505422278612146.0
2022-05-31,31800.0,32500.0,28500.0,31800.0,15000000000.0,477000000000000.0
2022-06-01,31544.756080228533,31592.986380229395,31456.383288697347,31484.27471560686,18325931565.00178,576978663811927.2
2022-06-02,31028.65431176522,31397.384880300513,30902.853299729024,31307.458053778533,12237106132.793983,383112686952083.7
2022-06-03,30811.81021580504,30990.958783740956,30394.487409539874,30558.176411772125,12164553408.56856,371726569029461.94
2022-06-04,30026.654968638082,30454.762573596126,29828.29722389399,30288.587798826105,15360700019.148613,465253911181412.6
2022-06-05,29779.664370223578,29782.684691690665,29769.14971150063,29772.28511837843,18424888119.803596,548551022377016.1
2022-06-06,29647.48169438068,29931.696593164328,29462.109520640002,29880.186435641437,15604154342.882763,466255040935860.94
2022-06-07,28235.463635836364,28451.05076548007,28158.79125000871,28411.686937060073,23879757472.89252,678464193452743.1
2022-06-08,27951.350765269486,28001.49852070723,27935.565138630092,27982.58862053994,26786691834.704884,749560978115723.0
2022-06-09,27457.570908380072,27910.610259523186,27328.075742114674,27729.368244326706,30961620248.832993,858546169320892.4
2022-06-10,26678.745873780364,26846.689760936482,26331.619750372618,26421.45587900549,26545725018.377304,701376702349268.1
2022-06-11,26186.986340283125,26235.03272059251,25885.079422133767,26001.062824407003,25397710642.608494,660367470014573.8
2022-06-12,23986.889947674787,24049.09664018543,23954.817200713816,24033.28333204095,27093385062.46882,651142999630399.1
2022-06-13,23500.0,28000.0,20800.0,23500.0,32000000000.0,752000000000000.0
2022-06-14,22529.393765377245,22844.12686163333,22451.04546555849,22756.688508304076,28449392499.81977,647413963368880.8
2022-06-15,20938.709991188396,21140.87849404896,20889.290666934543,21070.55932361308,33748689937.035408,711103773412528.4
2022-06-16,20530.518501261802,20644.37261722327,20301.36784474635,20377.319803810795,33070696800.245888,673892164833472.9
2022-06-17,19483.531474260115,19524.876569587097,19242.154041099202,19308.441415576064,33125128088.114956,639594595072820.8
2022-06-18,18900.0,21500.0,17600.0,18900.0,38000000000.0,718200000000000.0
2022-06-19,18105.674351430964,18310.049700025746,18072.20138848869,18228.062358539217,40713976314.26263,742136899120467.9
2022-06-20,17566.662562927628,17832.338283728,17518.862411571306,17718.854897349087,43814704777.83237,776346396328599.5
2022-06-21,17652.788177380222,17919.326862602527,17600.454005660853,17803.097407406352,42900138775.52681,763755349411954.1
2022-06-22,17577.381190478838,17603.072500276983,17391.178136986044,17453.828026556286,38798784171.531,677187306569376.1
2022-06-23,18178.33164038871,18280.413107914348,17922.6148149812,18030.767072320014,25531094105.28774,460345210913925.75
2022-06-24,17628.322360303013,17734.88755302433,17595.74589119642,17703.040334606896,29392113306.15112,520329767378129.3
2022-06-25,17897.073786775225,17917.568888826816,17802.543900269102,17828.87951225998,25950876340.413837,462675047510796.5
2022-06-26,18664.618415262543,18716.86994873769,18549.544171960562,18575.65247018366,23699012060.408222,440224611920834.4
2022-06-27,18335.92174876808,18401.20799234024,18325.82808658777,18381.005511231695,17421272726.185474,320220509992685.6
2022-06-28,19575.037828467895,19647.44385991356,19359.285579375584,19399.03711257267,13965469347.34187,270916658163580.97
2022-06-29,19517.249226590244,19566.5732014863,19230.0031144241,19344.0121086002,11134709123.278656,215389948106443.44
2022-06-30,19800.0,20500.0,18500.0,19800.0,12000000000.0,237600000000000.0
2022-07-01,20493.455032447313,20574.44230723543,20473.73011346875,20542.09192760756,10449430555.893986,214653163070325.6
2022-07-02,20091.97769381237,20344.51656662699,19984.450690157042,20235.234648515736,9456448308.649353,191353450467079.4
2022-07-03,21034.25332038704,21065.370025899967,20853.695887535116,20905.364136244938,5230617262.083371,109347958521181.39
2022-07-04,21148.051356051245,21226.81596073384,21113.964723300367,21209.1516245071,5162315745.999936,109488337390493.12
2022-07-05,21112.01086292308,21318.17623370298,21058.43811460668,21268.43222109315,2660896248.9475403,56593091518101.766
2022-07-06,21792.37297337803,21819.492773193735,21730.13306699049,21748.464787060406,2293382835.888104,49877555849561.164
2022-07-07,21590.287232225433,21612.767564784983,21586.165945882305,21603.66389792841,781368522.3817976,16880422937957.307
2022-07-08,22350.59992066862,22464.020678833953,22335.44196763471,22421.033506551852,348410423.7974256,7811721785994.011
2022-07-09,21924.024709479003,22231.79258617359,21856.318330689013,22120.570020589126,-199036703.06212753,-4402805326752.998
2022-07-10,21937.115858986046,22152.074978465615,21897.53859006143,22093.020449161548,-710591850.5395035,-15699120284976.797
2022-07-11,22184.63226368794,22193.758084671616,22181.87716107544,22191.79567819302,-964616673.8140941,-21406576133060.54
2022-07-12,22693.328180330584,22761.088161258063,22348.755895018207,22483.854062448212,-842343200.1812958,-18939121583371.855
2022-07-13,23307.796371201923,23320.888769541718,23274.677282212557,23282.654245212867,-587766021.7186346,-13684753060759.246
2022-07-14,23356.0984352889,23470.95241390443,23303.168807957245,23436.79685849579,-475378316.5847272,-11141345036729.951
2022-07-15,23691.980051537874,23754.642150290143,23498.02840187134,23579.774389259244,-149416356.87016064,-3523203985063.4336
2022-07-16,23013.04791901769,23034.565437102476,23002.63942206158,23029.15159020521,273141692.1527171,6290221434190.087
2022-07-17,23191.107717586598,23321.630931782598,23156.811054578706,23264.562035949617,726521424.9876816,16902202762072.436
2022-07-18,23454.86938932892,23558.032005560908,23139.05792003449,23264.312119246617,1570645027.0673327,36539976138236.98
2022-07-19,23278.702781629403,23331.532574371504,23265.783350169284,23309.61397245155,2331807344.606256,54353529060899.125
2022-07-20,23974.132458710686,24012.142216207987,23874.94643596212,23915.20044333829,3255671669.9611516,77860040564818.84
2022-07-21,23222.507037006733,23525.580344382746,23095.430564178805,23432.810200832875,3353905070.53784,78591420949524.2
2022-07-22,23717.788749163657,23825.342931062616,23696.571651573406,23785.824566013973,4885521404.108178,116206155031623.38
2022-07-23,23463.57504981263,23655.684417588152,23372.886019606947,23603.276048406402,5011401797.691592,118285500020394.75
2022-07-24,23508.898838007895,23645.82735494051,23122.69743499286,23291.23240023095,5631698688.564321,131169202963427.45
2022-07-25,23711.3929481626,23807.82258835338,23407.26060788277,23524.161691135258,5715076788.9078245,134442390459521.75
2022-07-26,23300.091999030963,23534.108411459038,23264.631004736595,23476.896570107572,5444798172.996225,127826963552543.06
2022-07-27,23822.75625741086,24019.936174693037,23735.95442558932,23946.148993488394,8565680323.406306,205115057254879.25
2022-07-28,23239.697758284696,23298.819219561592,23066.734856853986,23134.152150895592,10533153317.440048,243675571474368.72
2022-07-29,23894.11037773211,23908.326528969126,23838.32904718166,23859.00744082154,7241858435.305515,172783554293330.53
2022-07-30,23551.072785284327,23803.394547858978,23426.52074864143,23731.72770928241,11029185614.52587,261741629859062.53
2022-07-31,23300.0,24700.0,20700.0,23300.0,11000000000.0,256300000000000.0
2022-08-01,23121.89542717977,23142.946380743735,23116.92987603931,23134.186315286992,14052036164.239147,325082422732659.2
2022-08-02,22904.427214130497,22993.772743796286,22739.350750561807,22778.32710722039,11427367111.804241,260296306046969.3
2022-08-03,22866.17413022259,22915.217836094034,22717.38992980133,22772.078023314683,10041887704.813576,228674650315379.16
2022-08-04,22522.870490975805,22813.287856518746,22411.17461886858,22731.317891938572,15258852340.857204,346853823226176.1
2022-08-05,23030.113138017172,23082.90623831737,23011.29613025523,23059.908235098206,16078623043.587233,370771571931857.0
2022-08-06,22727.77618768609,22863.413501701518,22657.776787365467,22837.898582103146,9998616206.102224,228347382876335.53
2022-08-07,22549.58596331319,22557.46889346206,22526.75085611234,22534.95135671975,10429071331.956425,235018615161398.47
2022-08-08,22555.55146899724,22596.79153113083,22469.23179139417,22502.807486370697,16408859673.053791,369245410293601.06
2022-08-09,22783.167702223716,22796.317025726305,22716.4223611029,22741.45216101532,14059842819.898598,319741242880118.7
2022-08-10,22483.185205576006,22490.154986603324,22481.34460313306,22487.779068457137,13198509521.324612,296805166148475.8
2022-08-11,22148.464154065434,22190.313621857516,21980.379006057497,22014.10135179614,12467600761.331608,274463026773684.72
2022-08-12,22281.46545593768,22319.427815336607,22266.600603201205,22309.255280983034,11664280609.082678,260221413777045.72
2022-08-13,22623.37779192003,22718.462796721942,22358.515406096463,22433.747504998402,14496344965.150394,325207342693538.8
2022-08-14,21515.882999391684,21531.110441120352,21507.71066310214,21526.745823267018,8846976714.840286,190446619044728.7
2022-08-15,21964.366502547105,22016.02773083858,21832.718298071675,21859.152464324194,15792730671.561604,345215707577674.1
2022-08-16,21757.10325679846,21774.055881275734,21683.233059506998,21707.529232069355,11565695239.898008,251062667509291.4
2022-08-17,21036.268832554208,21320.60718777158,20978.834104509777,21203.282699796626,9670914990.869255,205055144517101.9
2022-08-18,21567.440732367817,21594.787142178084,21389.17096973798,21452.136728221696,8936990300.016985,191717537854755.4
2022-08-19,20743.20859707033,21061.58486863468,20692.511087027306,20930.433859622026,8231661383.433937,172292244140768.75
2022-08-20,21297.05562827752,21349.07095870654,21085.61133970784,21151.535823381695,8003326933.636824,169282656343054.84
2022-08-21,21073.083985596157,21090.80361156758,21027.37741333797,21040.423743503277,9594456099.525112,201871421922448.0
2022-08-22,20578.8633571286,20648.107911542684,20542.586002451564,20633.8325801522,13470672812.34145,277951607551861.47
2022-08-23,21392.587667145614,21479.497275481703,21141.303247364907,21237.523545768327,8947443672.92868,190021545678258.7
2022-08-24,20819.285567411327,20846.811073313656,20807.185187878094,20837.768856160095,8716125374.139366,181624605867628.03
2022-08-25,20639.144786122743,20679.769898219907,20379.929808158493,20465.33604702161,12229044133.315588,250271497722161.66
2022-08-26,20613.700737494564,20620.38794491541,20586.826147235228,20594.586047832767,11621117543.331362,239332105218116.66
2022-08-27,20450.106301327476,20451.672012227635,20442.81495891499,20444.07849000191,12029918741.932926,245940602988421.78
2022-08-28,20232.676955207506,20243.0063442317,20165.578448552875,20190.997461710176,11659029129.98968,235407427569626.62
2022-08-29,20099.334836684047,20333.903351831046,19999.420717299363,20250.763842905173,8620800959.34879,174577804364462.7
2022-08-30,20458.521681237322,20503.380006574414,20363.042410283513,20397.865383888075,7045393531.258171,143710988827120.0
2022-08-31,20000.0,21800.0,19500.0,20000.0,9000000000.0,180000000000000.0
2022-09-01,19642.763548572657,19848.454212505178,19565.422823879915,19760.617870062764,9948095697.813198,196580517619302.0
2022-09-02,19547.05147563147,19752.63646362166,19486.82617881324,19671.35683629735,7546019058.900454,148440433601131.53
2022-09-03,19660.778863651754,19915.389802932987,19573.007966731788,19843.20384510598,7181119352.487388,142496415147442.72
2022-09-04,19942.479599128186,20091.65382199199,19904.88634922847,20059.184994711104,10694862640.191336,214530228192622.44
2022-09-05,19576.28093300205,19581.719073559398,19545.05824954597,19550.702381619736,9036884727.610352,176677443766514.72
2022-09-06,19945.387039985042,19983.820638948233,19713.12713021612,19792.887246202794,11851282113.915201,234571090603663.47
2022-09-07,19526.804389221466,19562.63426135272,19301.60464363359,19398.939834513658,11132074163.928663,215950436939396.06
2022-09-08,19844.81985368905,19874.020949529546,19721.677150858795,19774.96785137904,8536615714.338764,168811301310626.16
2022-09-09,19329.51767803692,19380.486275908883,19193.616674015702,19252.19761112996,8285720712.532693,159518332508311.94
2022-09-10,19661.25280082918,19683.49757490611,19527.534568391096,19567.895913958037,8941143411.311234,174959363624309.9
2022-09-11,19331.181290726778,19439.4900059933,19029.62942878689,19146.248867809056,13499048017.503874,258456132821633.62
2022-09-12,19282.685146782987,19335.993638711847,19083.46959104829,19166.977870201532,8660353965.134068,165992812797836.75
2022-09-13,19464.93815829216,19618.60981603304,19392.963382213475,19575.039255243,10228349770.242407,200220348268850.8
2022-09-14,19266.12089439215,19301.301289191935,19258.91560031318,19287.50166820387,8180185850.826288,157775348244029.72
2022-09-15,19019.407104819296,19032.126058889382,19015.37010258808,19029.184808103008,10640512141.979908,202480272002599.66
2022-09-16,18857.675919245543,18880.593101856568,18817.179223541756,18826.308560053447,12169671469.847134,229109990165821.3
2022-09-17,19248.23429692097,19298.642415945007,19234.348493221016,19279.33777578073,11682573267.357916,225232276111699.56
2022-09-18,18839.88657338299,18882.83495249116,18751.871971067074,18767.92280732915,10849729881.24389,203626892891557.78
2022-09-19,19477.66773913559,19524.093384563967,19454.59796714468,19508.594103697844,13432765684.603165,262054373431004.03
2022-09-20,19320.195097852917,19402.39913612471,19151.566736355482,19205.803533827104,11775493265.452118,226157810170177.56
2022-09-21,19239.266212266706,19349.27468392211,19016.876811646656,19061.34527473212,14598862567.341803,278273960014464.3
2022-09-22,18978.772645861212,19231.369867459267,18904.421808998286,19143.887177081313,14697667202.076204,281370482682835.22
2022-09-23,19070.116674253786,19136.251882496384,18917.615303332233,18946.41002723737,15309365308.663124,290057512394694.94
2022-09-24,19121.906823513484,19240.901470179993,19064.506251176943,19202.219394021748,10447561785.822916,200616373543969.28
2022-09-25,18839.06382619088,19033.19191147868,18745.002978306315,18979.867397131584,11482655504.929338,217939278850501.84
2022-09-26,18907.22273876187,19085.086886001583,18810.140373055314,19034.30144565204,10393346410.405779,197830088604749.16
2022-09-27,19647.04414661541,19654.634530936364,19642.77910541796,19652.849419192084,10939568569.056997,214993693798603.78
2022-09-28,19663.661403005284,19707.015091231642,19426.640844865575,19475.25329094999,12312166662.436813,239782564311347.3
2022-09-29,19064.412244446354,19212.637579440616,19038.59697265878,19185.549266489874,12197972553.579088,234024803377982.88
2022-09-30,19400.0,20300.0,18500.0,19400.0,10000000000.0,194000000000000.0
2022-10-01,19153.03111162428,19172.376688276774,19147.376536946904,19165.404060378944,6770683520.339349,129762885432252.56
2022-10-02,19531.546353108548,19851.53736125362,19389.428785087992,19724.645414730865,8483096240.050983,167326065354042.28
2022-10-03,19579.28304321919,19592.209317853143,19572.678407964897,19588.30016750405,10100700939.343103,197855561902042.84
2022-10-04,19536.36751251002,19570.286390757592,19456.644896025988,19491.50984763916,7494301026.211195,146075242253567.78
2022-10-05,19558.50100002363,19712.870694313046,19533.659517041295,19645.45401280761,7024099727.354944,137991628175126.03
2022-10-06,19488.414451370474,19613.258230617033,19419.262746542754,19574.932406949236,4343869808.226179,85030957880615.0
2022-10-07,19708.46821623198,19922.958280313527,19631.523696008124,19874.390696608967,5166468879.358472,102680421030241.77
2022-10-08,19614.413075786364,19704.904376760056,19586.8120072725,19686.680070660896,5551095733.536974,109282645747753.08
2022-10-09,20232.921655525035,20336.330581691276,20182.92662357001,20299.96094073878,2494514531.1215534,50638547547872.84
2022-10-10,20442.11646643868,20488.408524518254,20206.49719103378,20260.43323862841,3532951391.7146444,71579125807153.89
2022-10-11,19912.466505020908,20177.10940245752,19820.649638099792,20107.835589074137,2249550609.311498,45233593801337.15
2022-10-12,20531.811705174186,20606.850222362904,20225.02914898536,20330.36965531479,1326144064.0774138,26960999038895.285
2022-10-13,19996.26747880301,20234.21123686317,19901.436176232837,20129.459322809696,629240740.1190268,12666275882480.617
2022-10-14,20239.50229777305,20408.93001286582,20171.012639667908,20350.509829984123,15678219.833847007,319059766845.3555
2022-10-15,20770.04749591981,20789.549193616407,20693.28882777313,20723.89883152357,-427347998.671717,-8856316690326.732
2022-10-16,20224.422227458323,20315.02171946901,20182.877531759877,20286.515620332666,-995021525.184462,-20185519713221.82
2022-10-17,20704.346580808065,20717.162217221874,20651.02777961822,20672.721904340495,-1171696625.8443756,-24222158502334.87
2022-10-18,20256.12198233438,20256.772281170273,20253.9231515279,20254.297911028832,-1828035084.6689577,-37025567196697.88
2022-10-19,20509.877168287407,20549.704870194902,20497.734993105227,20532.250005360704,-2266219152.7620325,-46530578211446.77
2022-10-20,20292.619869778904,20312.837091738682,20249.148081679898,20264.57108394781,-2177160907.717916,-44119231975642.05
2022-10-21,20321.067010450137,20567.346288777284,20248.140865796588,20488.065429666876,-2273147665.5738373,-46572398103571.3
2022-10-22,20599.098319946712,20746.71951629405,20342.183564849194,20408.590564898946,-1511402272.540545,-30845590159137.793
2022-10-23,21161.649006157233,21252.8407964132,20889.167818726626,20965.985115400774,-1336153121.4731135,-28013766456701.582
2022-10-24,20712.865067345836,20867.640394734604,20691.089936966928,20807.131980456426,-591180845.9305315,-12300777885594.445
2022-10-25,20502.81234881732,20586.53753582162,20473.00662800526,20563.073178302086,-122339678.49164048,-2515679761433.5527
2022-10-26,20321.983379141257,20460.736517926976,20287.261480957524,20399.718731308094,690599901.2180134,14088043740716.627
2022-10-27,20905.674194285326,20974.720305342125,20583.668701429735,20705.517776831955,1981319600.0968015,41024248201389.91
2022-10-28,20539.708565035216,20813.41100701213,20499.072697856827,20710.12040752298,3164872124.5483055,65544882773808.47
2022-10-29,20668.45775084413,20873.345730539662,20642.23500801423,20788.62854247398,5354974619.956981,111322578228661.44
2022-10-30,20402.428550890232,20550.80178625456,20312.961417524228,20518.32097681435,4539725855.002221,93147552239678.53
2022-10-31,20500.0,21100.0,20000.0,20500.0,8000000000.0,164000000000000.0
2022-11-01,20126.410517182176,20223.0072606913,20094.037493353957,20187.853319753496,7861504533.595252,158706900396798.06
2022-11-02,20054.479908803103,20194.377121282785,20007.42848147294,20159.814224028345,14091847044.585863,284089018492273.9
2022-11-03,19884.253919376766,19960.516875848767,19842.47562700647,19937.415490757867,19456238501.316757,387907110888032.3
2022-11-04,20046.534332284937,20175.722318145945,20005.914722259327,20150.649141191523,15800166660.417229,318383614746419.4
2022-11-05,19657.1452394951,19734.78185291849,19471.80184946612,19548.56161624488,20006950165.262463,391107098058773.94
2022-11-06,19107.364717219843,19196.14067762583,19062.785227710996,19179.158368557066,18177598236.849983,348631035344549.5
2022-11-07,18234.702675416836,18335.603215557854,18193.50975170831,18297.14010370035,26582237710.664154,486378927661888.8
2022-11-08,17500.0,20500.0,15500.0,17500.0,35000000000.0,612500000000000.0
2022-11-09,16500.0,18200.0,15800.0,16500.0,40000000000.0,660000000000000.0
2022-11-10,15791.192000678673,15887.120343719918,15749.612185872445,15856.547373678164,48548072950.13269,769804818634562.4
2022-11-11,15250.14753190325,15384.791633575898,15202.455466495005,15334.437554135317,56590992096.64137,867791034432512.4
2022-11-12,14488.336470133368,14527.608700572751,14389.255936589345,14415.739336300798,44909830554.137535,647408410905883.9
2022-11-13,14291.768508325418,14308.368784471037,14256.87528422103,14269.133837136074,48170687288.93464,687353983952637.9
2022-11-14,14144.753945599294,14316.40252445725,14081.30720815636,14272.87713722837,37775506122.83925,539165157687902.6
2022-11-15,14105.573717714578,14106.032686851591,14103.994181674398,14104.407891951167,38933197344.28916,549129695881684.25
2022-11-16,14323.9564921521,14411.512549036774,14126.569657543923,14202.45569569161,27767112127.207066,394361179783959.56
2022-11-17,14874.457372173563,14934.612436476213,14758.967416214358,14783.404218901393,35355361699.92198,522672603315411.3
2022-11-18,15110.177690110446,15123.89819274339,15075.750231602846,15086.837326493403,29072454076.228184,438611385330004.7
2022-11-19,14946.519821254988,14956.829226571499,14885.99732898003,14905.094681260869,21614372368.34523,322164266626214.4
2022-11-20,15414.042149035127,15597.900878262586,15336.968026280023,15527.887547409386,16825496473.867453,261264417175546.94
2022-11-21,15800.0,16800.0,15500.0,15800.0,18000000000.0,284400000000000.0
2022-11-22,15703.385213282301,15896.947569000986,15645.425203021096,15815.512298111635,15296865203.474451,241927759748106.12
2022-11-23,16098.070430693133,16132.67434452288,16016.6056692924,16050.062764787132,14902503560.233454,239186117494210.62
2022-11-24,16105.21640387086,16259.927744186856,16060.61336839207,16231.04039404603,9893649158.331366,160584219133395.9
2022-11-25,16487.954218642615,16555.037423403068,16466.443032510182,16525.94470294737,14329672219.83053,236811370716280.44
2022-11-26,16841.66493650876,17057.5968289084,16793.6445630898,16973.206222027995,12538578253.112638,212819874421116.34
2022-11-27,17009.170006722175,17069.20396494746,16779.937798880117,16841.538673353632,14462021438.997255,243562693359741.62
2022-11-28,16782.530817825616,16824.301355786305,16670.618504222897,16716.770723543177,14899984170.144066,249079619156721.1
2022-11-29,17281.09708479904,17537.71688730366,17192.007723943836,17432.664775911864,12841377563.482512,223859430325106.5
2022-11-30,17150.0,17500.0,16000.0,17150.0,12000000000.0,205800000000000.0
2022-12-01,16966.127556664655,17006.24094780008,16877.359123361497,16915.318282218,11684564176.959173,197648122042267.0
2022-12-02,16808.30645873743,16887.02727071322,16779.484236558183,16854.726570197083,11873910500.812643,200131514810189.0
2022-12-03,16822.349463013303,16858.839770319468,16803.699707081665,16846.98152641018,13163834124.418962,221770870310814.22
2022-12-04,16996.615510687294,16998.67686896258,16981.273241278526,16988.013370387216,11020782636.722393,187221202784771.28
2022-12-05,17002.328583840117,17081.762636065763,16972.8480785469,17051.68161576032,13393088758.736559,228374685365594.4
2022-12-06,16783.72276705063,16862.915159431017,16746.8758917821,16845.827104976786,8420424387.702309,141849013385763.12
2022-12-07,17120.81229297081,17213.110025779002,16936.16353735967,16995.151541226387,11075100155.727852,188223005480854.8
2022-12-08,16616.596711691156,16655.777246634956,16540.42545085359,16560.039201379932,10506325355.629831,173985159751681.97
2022-12-09,17108.729615810706,17153.031797941556,16912.730942191298,16980.654567972993,8695648156.952253,147657797597837.22
2022-12-10,16525.884212917637,16619.189154507083,16302.694941994496,16391.109787434027,7487165392.2635565,122722949941268.5
2022-12-11,16762.071873500536,16791.299289082086,16751.09398026896,16782.867835214307,7431013393.94551,124713715672294.8
2022-12-12,16648.38380792212,16656.932296380972,16612.40528374293,16620.980771365194,7622136088.104952,126687377357121.12
2022-12-13,16087.217385190559,16107.0754693348,16053.08235884704,16059.018247179878,6527963362.647774,104832682757682.31
2022-12-14,16398.388123857676,16439.623749409315,16251.60445984099,16294.269150058422,8980314715.905212,146327665033189.97
2022-12-15,15851.350711657074,16100.00338428302,15764.171982124366,16002.863142264107,8418666389.550746,134722766072359.27
2022-12-16,16267.784124978747,16286.16486670022,16187.592882624389,16210.970884861785,5876744125.111134,95267727909959.12
2022-12-17,15788.946476731759,15828.597472276497,15690.38787227495,15733.50295082728,7685946474.992837,120926861544200.33
2022-12-18,15568.546495230037,15777.426254683693,15500.815534017831,15692.311648786168,7192748629.535319,112870853106047.84
2022-12-19,16070.415088540316,16116.00831718826,15990.135840214316,16005.344646766373,7260917243.422339,116213482932623.39
2022-12-20,15926.800332777315,16035.190154672857,15900.220778824953,15995.216659412019,7598513127.818576,121539863768844.61
2022-12-21,15466.024371533442,15473.414630514091,15425.923269523004,15441.382135667114,4541954067.791141,70134048403410.695
2022-12-22,15544.536239885705,15547.5972707463,15543.963854870568,15546.286499570562,4217386450.0438776,65564698031788.95
2022-12-23,15871.264248396988,15871.411162007465,15871.010965750682,15871.067595605999,5587404324.9315,88678071724969.14
2022-12-24,15449.320792080844,15621.257966505971,15389.92334841361,15556.110244323028,5732077800.760448,89168834197666.23
2022-12-25,15625.363195955904,15648.8543180499,15612.49763612192,15641.639367711286,4264147072.9747825,66698250726353.21
2022-12-26,15647.609485008921,15717.85719541509,15631.567570681507,15693.26174561334,6049107092.938822,94930220936735.12
2022-12-27,15885.68851365023,15918.388445178145,15686.8154629747,15760.920111172918,6086265651.399004,95925146707075.5
2022-12-28,15960.122008483553,16029.987057783834,15698.35889290469,15812.018120891722,5558812719.954028,87896047458556.5
2022-12-29,15939.56900821445,16077.779011627745,15913.990573018089,16039.558807851468,4128690644.706209,66222376395191.44
2022-12-30,16059.2611048113,16100.838505075313,16052.200850585066,16084.048700714604,4337074985.232006,69757725281122.66
2022-12-31,16550.0,16800.0,16300.0,16550.0,6000000000.0,99300000000000.0
2023-01-01,16785.255107755842,16913.97701193893,16754.56095254038,16887.531747872046,8194552991.21288,138385773798727.36
2023-01-02,17231.520023570436,17311.897394195974,17205.171384503163,17281.961034509102,7922048481.698768,136908533174210.1
2023-01-03,17531.347718147466,17547.54025942902,17476.267997973573,17486.326019005974,7656319550.1263275,133880899759198.11
2023-01-04,17978.797390153493,17996.251681005175,17934.004056052163,17953.842533434534,6889775430.223719,123697943164962.81
2023-01-05,18213.113224595698,18262.966739113184,18099.777382759643,18149.84519696607,10499883240.78679,190571255406498.7
2023-01-06,18277.984355697376,18306.649880716574,18096.973912370795,18169.492196276045,12810597698.181503,232762054906740.7
2023-01-07,18672.00833688497,18694.297565136185,18600.83924044073,18623.350997861387,9863474147.13693,183690941100462.56
2023-01-08,19434.934143647042,19563.419200779867,19215.61826227236,19266.859095595108,14666164259.628393,282570920263113.2
2023-01-09,19508.383834221797,19628.59303638301,19473.41744825081,19605.297761320373,15960915612.26733,312918503121808.06
2023-01-10,19961.365032706308,19992.493999611484,19818.00551336902,19873.50242591404,9735091378.961784,193470362136291.88
2023-01-11,20054.819707891118,20069.40734636128,19968.924031295504,20004.107954534327,12033967106.655725,240728777122856.25
2023-01-12,20510.24236844612,20570.93132576717,20499.937951952666,20549.204835169698,10628162672.451006,218400291777700.3
2023-01-13,20967.340473267916,21131.533781643157,20889.73664324189,21064.39255181765,12845567733.153524,270584081282108.25
2023-01-14,21000.0,21500.0,17500.0,21000.0,16000000000.0,336000000000000.0
2023-01-15,21115.751451842225,21169.174125388057,20995.815541204785,21047.196612430118,16375730517.126074,344663219866124.4
2023-01-16,21561.59479039349,21844.26812141024,21438.3944544268,21719.8255207108,13236304847.183924,287490231819773.5
2023-01-17,21315.758024189116,21549.973190077497,21197.2657685193,21487.592150932378,15491128765.226673,332867056864767.44
2023-01-18,21406.81356773529,21528.029697906866,21367.659533420745,21474.576368076665,15901257398.512081,341472766352791.75
2023-01-19,21904.52563177485,22050.602440785926,21615.774962254556,21693.587256297626,12382319524.386547,268616929037637.28
2023-01-20,21564.88857899325,21820.35784749996,21439.95411694429,21729.87125775073,16516911317.488483,358910356504710.7
2023-01-21,22523.236908030387,22562.89476360085,22507.640642385406,22547.639487767698,13142580939.195854,296334176955795.5
2023-01-22,22287.17098804499,22301.966709385804,22200.69053953657,22226.13705705612,16398973820.626354,364485839732316.56
2023-01-23,22881.5987128666,22901.300175226832,22876.243880640362,22893.25890775345,18529216238.713123,424194144710609.06
2023-01-24,22798.326248762,22876.44042855211,22524.996012499818,22623.404150445425,16548484757.052109,374383058736275.56
2023-01-25,22386.554721493245,22588.030788170625,22352.871604071377,22546.94828059341,18275699600.423416,412061253682408.4
2023-01-26,22334.13782529111,22546.912965350304,22283.32835113441,22463.750634166598,14528306056.037401,326360244379676.56
2023-01-27,22682.972754790117,22829.902917545158,22327.861063159264,22476.305053141004,13214483860.507986,297012770368585.9
2023-01-28,22941.95839874128,23140.30039274722,22907.07101134465,23106.534154314315,14204232468.201595,328210582662320.5
2023-01-29,22920.835682809487,22922.523762763853,22908.835298317983,22912.580120304254,14700258145.131975,336820842539491.56
2023-01-30,23101.172705247474,23137.462767671284,22920.915470733136,22994.377981158916,13158858620.972082,302579768931263.6
2023-01-31,23150.0,23800.0,22500.0,23150.0,12000000000.0,277800000000000.0
2023-02-01,22873.367984628963,23064.288105862786,22788.85899161753,22994.447327637452,10935756797.766197,251461683674088.03
2023-02-02,23330.657363870712,23432.925477556382,23080.94593446356,23160.65279587645,10975054637.160336,254189429867044.3
2023-02-03,23298.244055459098,23322.717009206517,23192.313055986815,23239.307948085014,10484918930.981182,243662259847778.0
2023-02-04,23671.683690290818,23695.036944566742,23619.36085594662,23640.548243147226,9889237141.603172,233786987733993.2
2023-02-05,24043.499051974108,24064.007797446364,23989.046314447143,24002.102386552284,9575961028.814898,229843197063249.72
2023-02-06,23888.91023351662,23967.78343142593,23540.711452566007,23692.33861975596,9598886399.540888,227420066950492.8
2023-02-07,24224.646318788153,24230.41723812532,24195.01532839867,24203.859828800032,6883339003.757709,166603372401063.62
2023-02-08,24309.645576987914,24352.74356316112,24301.053799358793,24335.502440034485,6982820868.606692,169930454286301.88
2023-02-09,24467.167561640068,24596.78994025231,24166.765082740734,24260.186740487265,8539072788.940907,207159500450319.78
2023-02-10,24306.432091369785,24446.378869925138,23986.514179750677,24073.1269499627,8614271202.72739,207372444244664.34
2023-02-11,24442.307083537708,24511.09220281806,24083.837267197945,24216.686670574163,6750273403.532471,163469255954056.06
2023-02-12,25064.615708905436,25147.977503745773,24848.12829427567,24926.61133628986,9608351635.26101,239503646794556.3
2023-02-13,24309.410750433002,24420.682354267723,24244.015006288293,24391.89694258505,7118125879.727225,173624592882654.0
2023-02-14,25218.990042716614,25249.368113309327,25094.28411583739,25126.16135722832,6524588392.982985,163937860751589.5
2023-02-15,24742.06512536183,24902.22657173584,24645.894070919967,24874.234336850554,9514491946.2617,236665702267390.8
2023-02-16,24774.644721296943,24871.319887832167,24725.823634255423,24854.922701872223,8852265880.825548,220022384204339.84
2023-02-17,24521.87905007814,24803.213718720424,24426.124854801343,24689.935366823745,5393451054.445917,133163957938397.08
2023-02-18,25079.13344337526,25215.87223946124,25015.45710431396,25175.34468719571,8874529759.530012,223419345632944.1
2023-02-19,25160.470504211473,25259.46281063506,24789.570386971474,24937.453394176915,7513220833.248009,187360594369281.25
2023-02-20,25600.65619399664,25652.936142800725,25235.78472756059,25393.565953319874,9256135828.783192,235046295641093.1
2023-02-21,25066.739492228564,25320.623891643776,24959.626906435635,25217.58536871446,6946057652.94188,175162801839074.25
2023-02-22,25049.94853001009,25343.499317306814,24931.03298585073,25277.51688501031,8587209647.484884,217063336859422.6
2023-02-23,24601.25589365343,25027.516190875165,24546.83935959996,24841.237586054896,6703402216.227504,166520807088194.34
2023-02-24,24088.845089987244,24113.27206138921,24037.390440804047,24056.677254956685,10627282719.605701,255657110482732.7
2023-02-25,23879.960564943205,23889.49892944462,23849.898541947896,23859.91093934688,6939301184.807635,165571108250814.47
2023-02-26,24275.386321301692,24276.416764991038,24273.054966192583,24273.822885703754,7760170097.124092,188368994500524.72
2023-02-27,23803.085895642365,24073.653351269004,23713.934336886872,23960.078867684148,8246552338.541176,197588044417931.72
2023-02-28,23500.0,25200.0,22800.0,23500.0,11000000000.0,258500000000000.0
2023-03-01,23576.818645377603,23578.928646802804,23563.174658437285,23568.16184113412,9951011291.894335,234527044610318.78
2023-03-02,23173.294093405784,23288.540656709887,22953.575958664176,23026.92479369012,12074911888.272179,278048087941678.22
2023-03-03,22405.345607916715,22658.88390037738,22317.785794195475,22571.2575977253,9927606055.027803,224078553596770.0
2023-03-04,22018.867210170698,22129.123417696803,21824.284173683194,21864.380147446947,10523845867.716251,230097366664886.8
2023-03-05,21494.62378403211,21538.97361835112,21233.650106433583,21334.71325439078,11201533082.582571,238981496326471.2
2023-03-06,21209.880639434967,21312.34339906922,21189.048579977512,21271.112813795586,16776416610.90848,356853050341868.5
2023-03-07,20700.91716151965,20764.707384125948,20588.51626471412,20612.834281353695,19771129696.90596,407539019997473.25
2023-03-08,20474.65840111787,20698.734645812554,20429.04145251407,20628.501436614835,18906976838.66216,390022598878385.75
2023-03-09,20384.565512588902,20628.147987219578,20272.99051610476,20546.5559899418,22056403054.578182,453183120297614.0
2023-03-10,20200.0,22500.0,19500.0,20200.0,18000000000.0,363600000000000.0
2023-03-11,20346.41052518297,20441.097079041036,20085.545359553867,20164.814584079228,22268924701.41815,449048737590918.94
2023-03-12,20177.41420962003,20194.365869850717,20169.38109524766,20188.759278630965,22478106128.395405,453805073665694.3
2023-03-13,20168.96012025194,20269.83582235723,20132.28006279455,20236.428429349795,15998909089.214352,323760778731560.1
2023-03-14,20743.94437065238,20751.800112037465,20742.46293488552,20749.553902273277,16130005722.650908,334690423186121.44
2023-03-15,21059.30135946512,21166.54345953387,21020.04068233007,21141.71188481556,16974225850.854723,358864192406558.8
2023-03-16,20623.004073723347,20734.74814671807,20584.130493023193,20696.208543023673,17539473060.30222,363000592190760.4
2023-03-17,21615.381342938985,21700.40328477378,21345.21989246583,21415.99079391264,16175107846.386833,346405960728764.5
2023-03-18,21956.91892523781,21993.60684943301,21772.61615276244,21843.542139148678,13527784389.406828,295494728359325.7
2023-03-19,22389.862687711782,22439.402225059588,22200.883784967493,22267.00889052268,15461883515.909105,344289897712974.1
2023-03-20,22845.930668504574,23199.22444031908,22780.099526642032,23052.351054219747,22707057457.798557,523451059925510.94
2023-03-21,23315.14347398985,23355.619433239084,23134.899804260156,23211.765894007,14161556237.960266,328714728090348.2
2023-03-22,23576.74510076608,23580.851096569582,23575.701189455813,23580.032098215597,22687650252.94337,534975521197493.9
2023-03-23,24841.891135771937,24949.991163567,24809.417780616233,24903.522707809927,15124539659.20928,376654316848290.1
2023-03-24,25276.86627431369,25340.40483885614,25168.040298547265,25196.789965405882,18921878097.680756,476770588178275.8
2023-03-25,24898.82394668718,25131.95189300932,24743.771956880722,25092.717361738603,19763416443.72194,495917822924651.7
2023-03-26,26403.880539658687,26405.832093355355,26397.252334720353,26398.74541595011,14184309617.969145,374447978505780.0
2023-03-27,26638.013144134875,26709.173811531058,26468.670707270394,26502.15773176655,11255828219.32721,298303734870278.75
2023-03-28,26668.831323371905,26752.996653279602,26640.976933157985,26716.65482281881,18157920018.598373,485118881437244.5
2023-03-29,27521.794805722762,27618.387209746958,27466.394538346263,27598.150009470377,17443746199.56975,481415124342854.8
2023-03-30,27721.974764796458,27725.32132093661,27711.270574338843,27715.178690422938,18319369181.884064,507724590371743.9
2023-03-31,28500.0,29200.0,26500.0,28500.0,14000000000.0,399000000000000.0
2023-04-01,28981.405250234402,28986.766997653136,28952.57530580988,28958.11292717445,11018865469.525757,319085550595870.0
2023-04-02,28780.714057373356,28869.09273154172,28602.05567330552,28641.315118035214,15792943549.021112,452330672828855.1
2023-04-03,28943.62554485681,29099.551814882478,28894.70201853358,29059.179029112853,10864921913.332186,315725711016851.3
2023-04-04,29637.26638154369,29735.796958525614,29624.42422892488,29692.251751484087,9704588687.833748,288151090463764.25
2023-04-05,29446.70202467442,29463.90504068229,29320.889860525025,29372.77592023937,12082467461.399395,354895609307267.9
2023-04-06,30145.339079932714,30156.558384951437,30096.43160669839,30108.249024398036,10391232215.447784,312861807213049.2
2023-04-07,30149.258847025354,30372.50728359316,30011.75997576016,30325.072838207645,8091640694.512478,245379593441696.0
2023-04-08,30863.224268795973,30930.103479423036,30636.708369141084,30686.448751673684,8707997098.89244,267217506704886.0
2023-04-09,30727.765674236318,30786.368260914438,30573.525702109797,30640.253072410545,12045606616.441368,369080435138466.44
2023-04-10,29883.804559641536,30146.64337067643,29833.622654172883,30037.93363265289,7861991711.17408,236157985240714.16
2023-04-11,30681.087177366415,30786.083835236943,30645.72002714702,30741.015954587,7827922706.0036,240638296796530.53
2023-04-12,30907.00447592848,31117.310991966544,30840.81444879594,31056.97409208542,7465421472.898576,231853401270309.25
2023-04-13,30277.749189957834,30608.84228826991,30183.41984573346,30507.582030616573,11741324296.686735,358199414129242.0
2023-04-14,30500.0,31000.0,29500.0,30500.0,10000000000.0,305000000000000.0
2023-04-15,30632.94528872101,30936.557489377734,30542.282283892368,30846.767130871085,7867522680.571202,242687640024426.53
2023-04-16,30935.351376031875,30975.47353483189,30754.035258370248,30807.6669495943,7582249683.701517,233591422984143.06
2023-04-17,30326.141705764603,30740.70675523192,30171.47257153304,30557.540561229118,9289615125.233112,283867790987518.3
2023-04-18,30695.762703318098,30829.12702747125,30368.97674061623,30445.294250671814,9257634162.528877,281851396143263.4
2023-04-19,30793.886902949413,30846.17706314694,30641.551778644156,30705.324753157543,12420937503.832111,381388919793839.0
2023-04-20,30479.57967487713,30859.66313814989,30319.15133490743,30728.573804216296,11687108154.412086,359128165480709.9
2023-04-21,30071.94761881772,30410.578062076736,29944.42713070912,30273.699218627455,7682093801.862175,232565397126857.75
2023-04-22,29822.56008051358,30097.07269060631,29781.290074737106,30018.292918900304,9705978941.871214,291356918941768.1
2023-04-23,30103.603361534744,30146.561811180945,29981.372439267874,30031.77780439362,8651285209.966967,259813475148164.75
2023-04-24,29629.357061465893,29690.167809645172,29260.138144540215,29422.495047482436,12709403822.535328,373942371025000.0
2023-04-25,30062.20868736254,30136.297219874865,29666.047145285545,29775.51724853098,11533444794.588888,343414284416261.3
2023-04-26,29742.451790380717,29802.930626542926,29355.982760730534,29489.799378041254,11336862142.139957,334321790148218.4
2023-04-27,29591.760192285517,29797.92499867469,29489.13721990536,29737.075632211232,8856038333.489628,263352681724742.97
2023-04-28,29863.42411830273,29887.991353395533,29802.57102687176,29826.048844225672,8998905820.841827,268401804557015.06
2023-04-29,29619.06166871478,29718.37505394142,29234.16084249716,29402.81971735825,10654465728.476,313271334999151.8
2023-04-30,29200.0,30500.0,27000.0,29200.0,11000000000.0,321200000000000.0
2023-05-01,28596.484901553064,28708.72468406937,28571.652228965235,28659.86063475328,13434713372.803923,385037012932416.6
2023-05-02,29302.033461303505,29412.10526659433,29246.138311506515,29390.09410426291,9740915615.150246,286286426590949.75
2023-05-03,29113.317083443093,29163.164313531255,29091.028782712667,29146.74557439666,10166230724.021847,296312540363679.1
2023-05-04,28555.643237026576,28656.328227449798,28519.097337112922,28626.527977218833,12886687849.407787,368901130254758.0
2023-05-05,28418.73776889042,28427.03879220868,28399.975287163357,28404.958682195964,9347246243.244556,265508143331673.06
2023-05-06,29056.759809437594,29127.411955462005,28851.308966014854,28927.434176314284,7667473221.70359,221800326919483.03
2023-05-07,28446.32041148184,28449.173292791093,28438.663391569313,28440.91159102784,7914545548.842258,225096890237785.6
2023-05-08,28086.87878779405,28198.601366023628,27715.487972808038,27835.940725408465,7637549555.769354,212598376721765.5
2023-05-09,27659.04466294306,27721.58933562787,27478.988255410164,27539.42362546681,8712049329.540459,239924817132178.78
2023-05-10,28024.53346062934,28270.496910035163,27935.34990304526,28211.725834068617,8849797328.407024,249668055916091.88
2023-05-11,27620.54728630413,27667.79303755084,27484.973028099357,27540.548797562846,9503978993.726898,261744797247747.88
2023-05-12,27112.717741722827,27333.15793905653,27043.95296048505,27236.006216669237,11078066525.39458,301722288754322.2
2023-05-13,27067.563653602072,27069.755917256192,27052.376251949234,27057.711544605012,12124223718.933594,328053748089163.44
2023-05-14,28037.488675037024,28048.279623551793,27997.339595302292,28014.767199830003,10513094793.39515,294521903186710.0
2023-05-15,26908.10048602952,26932.91054273834,26899.205971993826,26926.558330673248,9114714689.465631,245427896753340.62
2023-05-16,27325.411002434717,27427.349409959083,27285.98532613007,27403.911979942706,11038823440.759048,302506945932689.25
2023-05-17,27322.20399465868,27478.27289360748,27255.984041326075,27410.813359860276,7487398607.539491,205235685782142.7
2023-05-18,26786.40439270298,26876.02107103299,26557.306126988675,26657.749450952033,11023215662.083776,293854121263639.6
2023-05-19,27217.884616131843,27221.427605797177,27195.845731559144,27201.535220860744,8596201427.658932,233829875900077.84
2023-05-20,27206.34756917097,27226.435896527746,27163.784362743772,27175.23093333528,9038274099.819332,245617185901373.38
2023-05-21,26499.263798182743,26574.8962094788,26471.027492373127,26545.098942555494,11137595489.966879,295648574263330.6
2023-05-22,26713.200207772858,26714.55239857521,26712.750971420508,26714.167635080925,10354100467.9271,276601175610674.38
2023-05-23,27334.48080455786,27401.314580181013,26976.765315060697,27126.991227701907,6233414602.446892,169093783239205.8
2023-05-24,27240.100128116293,27369.8656905957,27192.702203706795,27333.54050356091,10667136884.9298,291570618101257.25
2023-05-25,26349.10992774146,26482.973121394527,26314.929734787132,26427.212395888237,6905310182.3562975,182488098848619.6
2023-05-26,26783.392356801636,26890.877617678885,26743.012140974723,26844.83884988621,8468688290.029333,227340572415755.88
2023-05-27,27458.548624726736,27482.1135830564,27451.72945671601,27477.630448003587,8162420418.340197,224283971816390.75
2023-05-28,26858.46304074147,27015.75736916515,26534.163391318838,26620.177776158373,9030760214.573778,240400442365812.1
2023-05-29,27525.168308676795,27700.707227055125,27161.772832524915,27284.36797515727,10102740021.991335,275646876317360.03
2023-05-30,27210.453740238874,27218.156620702674,27173.903221757515,27181.802006155434,8974242369.028175,243936079230175.16
2023-05-31,27200.0,28500.0,25800.0,27200.0,9000000000.0,244800000000000.0
2023-06-01,26790.30083265748,27213.61534741846,26733.42751970313,27049.414257444998,9747406518.309572,263661636849475.25
2023-06-02,27719.058305327264,27845.363228359798,27400.24704590516,27461.570551311394,9768285652.956192,268252465624019.34
2023-06-03,28201.896962543186,28329.041992836486,27815.58881872647,27924.4124754946,12137140737.69357,338922524232484.0
2023-06-04,27411.15974562464,27439.15563872023,27333.841435532235,27348.024689261143,9139102403.439108,249936398166938.56
2023-06-05,27682.453206611186,27761.41702759421,27542.76804691643,27579.80604795117,12321821184.897234,339833438437001.56
2023-06-06,27523.561018239452,27528.642323421325,27486.647599290412,27502.59248615374,12425062826.421844,341721439529937.56
2023-06-07,28527.88669521038,28635.944631747283,28200.80612035399,28344.27453597084,12467511471.434896,353382567926716.44
2023-06-08,28827.922200289093,28830.590578244344,28812.944030984316,28818.04804654728,8835484754.729118,254621424176319.75
2023-06-09,28605.52636594333,28621.292364868918,28603.462084522787,28615.54577850157,9567822219.275723,273788454716248.94
2023-06-10,28933.0915404407,29044.229665095445,28557.27310603178,28674.730178975977,13577188556.368467,389322218442946.2
2023-06-11,28862.114685398494,29030.68424424973,28823.585242767957,28978.65166650938,15770995616.29312,457022188398604.75
2023-06-12,28528.606260835822,28617.720018759293,28504.18764187874,28601.92054292296,14717495348.855795,420948632558811.7
2023-06-13,28607.658427849656,28967.399024071183,28557.748463285738,28849.961521419154,9641166287.27023,278147276409349.7
2023-06-14,29884.213490527065,30005.099911889498,29607.81793397593,29722.834345358217,14480799227.440252,430410396625597.9
2023-06-15,29152.259149587735,29268.24741259215,28876.853212594873,28988.2732888364,13279071558.813705,384937355368906.5
2023-06-16,29548.87951869021,29677.84588020416,29186.39076687931,29346.197088150064,10575671891.15548,310355751657457.44
2023-06-17,29301.844015463426,29586.47544952928,29248.818150538784,29471.720100647046,9911050935.979307,292095719088438.06
2023-06-18,30228.585924541057,30721.983887101367,30106.995953655456,30518.62442569021,16144555099.653896,492709613606198.9
2023-06-19,30338.36015775327,30521.05802708726,30046.93476135803,30096.605424949503,9940305878.729967,299169463835441.75
2023-06-20,29924.440404850488,29998.463391881993,29775.38062515056,29823.44901111623,14055135109.40583,419172605279714.3
2023-06-21,30200.0,31500.0,29500.0,30200.0,13000000000.0,392600000000000.0
2023-06-22,30062.695217606914,30204.923241160956,29814.62271281844,29880.44432757574,12675177505.077154,378739935782598.25
2023-06-23,29833.254576988078,29850.93498293463,29787.908629278452,29798.011481622714,11938097985.460548,355731580839490.44
2023-06-24,30142.38930393787,30149.64284667956,30126.536307188155,30129.23435277395,13857518362.927956,417516418304524.8
2023-06-25,30530.788118284785,30631.628216968587,30477.33255927872,30612.65469201842,14736679255.125345,451128873344183.4
2023-06-26,29952.352639272685,30091.363044571062,29894.40952211598,30058.44415010977,8858044600.949186,266259038916812.53
2023-06-27,30339.08924087196,30402.92157869391,30168.588819841705,30220.014518045213,10274744095.147774,310502915724565.06
2023-06-28,30194.2849475378,30570.137319343303,29974.653053648224,30495.664618225575,7806960396.097819,238078445927168.6
2023-06-29,30963.68648604592,31057.170770999666,30596.80323629776,30705.734875947677,10605302530.839487,325643607791174.2
2023-06-30,30500.0,31500.0,29500.0,30500.0,10000000000.0,305000000000000.0
2023-07-01,31302.297614392464,31478.829571447106,30958.969956924684,31028.06808145067,10924148007.622488,338955208112354.25
2023-07-02,30508.534372156428,30530.527316123324,30502.906180317575,30526.42224537449,11658812611.956558,355901836672283.4
2023-07-03,30543.503140073837,30717.499989441938,30456.81684822888,30665.144259523662,11513894790.402935,353075244736683.94
2023-07-04,30300.401420588518,30616.019687907177,30124.640338272195,30533.985284232545,10668032131.113047,325737536103125.75
2023-07-05,31013.157368269454,31038.19773883955,30912.649991096903,30953.483015252263,10517078790.281391,325540219705044.9
2023-07-06,30309.19737376152,30654.01036021097,30136.59053563016,30535.732737989907,9388774867.7625,286693120099152.25
2023-07-07,31735.395649639213,31793.53678712613,31531.668508776158,31568.6528120014,8269436212.978354,261054960758505.34
2023-07-08,31298.20033498523,31567.29022677497,31203.44152740016,31487.33231020775,12631754174.137398,397740241341918.06
2023-07-09,30746.4500283398,30832.462437256592,30716.193917432458,30804.13606818753,13552179100.512705,417463169032640.6
2023-07-10,31142.616821696236,31259.949972634447,30850.388270622152,30952.056491957457,12996234013.763664,402260169376711.94
2023-07-11,31089.412771716576,31451.65513456493,30972.821113275288,31315.89080597657,12782492453.925032,400295137915335.8
2023-07-12,31523.32607774846,31663.887211794936,31204.953623381498,31268.880827358964,11572660648.004122,361864146657907.6
2023-07-13,31500.0,31800.0,30000.0,31500.0,12000000000.0,378000000000000.0
2023-07-14,32016.015257091167,32109.027704018703,31690.80970923127,31828.77639319344,10318146147.83061,328413966531590.75
2023-07-15,31627.835031883384,31812.37759051289,31224.750844449143,31377.693994146477,14470943095.982204,454064824272436.25
2023-07-16,31163.239142531595,31251.852385452323,30868.066632174356,30937.399236565976,9921889054.884405,306957442871873.1
2023-07-17,31141.440844240275,31358.28364907042,31097.679977689,31297.18061967052,10149345575.383327,317645901644225.8
2023-07-18,31381.59549881341,31433.04067773376,31357.924253150926,31418.132456834785,13997504701.591726,439775456779776.5
2023-07-19,31452.662217268477,31627.269312534318,31421.785566165585,31558.69900275934,8600838467.205015,271431272357877.06
2023-07-20,31130.246125015812,31196.470773637615,30894.533560393065,30939.840878293868,8381601218.291147,259325407999242.12
2023-07-21,31540.464582438515,31570.084529089767,31411.422341189616,31456.298044869865,10627202250.965565,334292441389484.75
2023-07-22,30902.67520246477,31187.607207278703,30838.74343714525,31068.46426106194,11329896006.149836,352002469148614.56
2023-07-23,30057.189983683358,30165.481762035397,30016.814188164935,30133.936823737822,7325055737.682708,220732766829688.97
2023-07-24,30749.119910880832,31029.47811207013,30630.092888548705,30923.664949449674,9926809386.598747,306973327488231.7
2023-07-25,30790.396950946204,30831.461420622592,30622.955435793338,30691.043712595703,8173424598.136153,250850931623001.66
2023-07-26,30452.236099594156,30515.798617591197,30246.744146836678,30303.507853289055,8888760712.190733,269360630047879.1
2023-07-27,30671.16061295151,30808.97139681779,30253.615358288767,30409.684905922342,11115118694.847372,338007257202235.4
2023-07-28,29193.896078815258,29449.523307008923,29084.70763002775,29351.172234944886,10743025656.581816,315320396370764.75
2023-07-29,29282.592517379464,29637.28315595097,29200.522153870155,29525.088028068418,7710941368.614405,227666222687614.66
2023-07-30,29483.200891520522,29911.47676801249,29367.936659298903,29735.640369854085,9373565513.588285,278728973095327.88
2023-07-31,29200.0,30200.0,28800.0,29200.0,9000000000.0,262800000000000.0
2023-08-01,28412.47468570695,28528.73172320254,28340.43635280165,28505.196915666376,10935698490.001276,311724238867841.8
2023-08-02,28554.030111384152,28833.393543625847,28489.468417065833,28712.752745171714,7610603034.522798,218521363171906.62
2023-08-03,28862.209855760953,28913.57587888624,28521.237211236934,28608.29741535967,12565775162.257555,359485433096403.56
2023-08-04,27724.571809028133,28057.86075718248,27569.58724800395,27940.696757764363,10261512756.159216,286713816195775.44
2023-08-05,28749.86341764291,28774.9570060537,28565.525227539598,28647.208038616962,10305574206.337147,295225928246345.1
2023-08-06,27667.309122942806,27679.54807706268,27627.26141474947,27635.318928992318,8023172615.997543,221722934065449.72
2023-08-07,27787.24074407622,27888.287892315602,27452.60612789659,27601.283487805253,10473318049.944807,289077020554474.3
2023-08-08,27020.75324740239,27261.141377034975,26952.04692575751,27205.889619962552,14790439107.91776,402387053800788.0
2023-08-09,27948.44871744907,28037.72420554115,27493.677163888147,27685.389252999812,11792526536.859875,326480687449295.44
2023-08-10,26825.450678349425,26940.07520740317,26569.497216927106,26628.38733752364,13121281559.764801,349398567738123.44
2023-08-11,26757.84459259913,26817.38183348014,26531.630955749675,26631.71966117555,10420433482.087305,277514063242876.47
2023-08-12,26519.284311638432,26533.707420260496,26515.543208995256,26528.88768031387,16719334533.182268,443545347920385.3
2023-08-13,27152.254279901103,27313.573053099208,26748.317780309797,26916.082184144965,15579502533.606668,419339170582651.8
2023-08-14,26605.11860108995,26756.177509920144,26564.165349711064,26710.087155336776,15172878375.722586,405268903812874.94
2023-08-15,26243.48502563958,26336.561591119116,25941.279145040047,26003.415542596387,16002516312.878553,416120081410958.44
2023-08-16,25443.581913413524,25709.561528460057,25347.98464083693,25643.321247380256,15290278588.68824,392093525811672.56
2023-08-17,26000.0,29500.0,25500.0,26000.0,16000000000.0,416000000000000.0
2023-08-18,26348.0730841425,26405.31696210137,26172.21579108154,26222.480694377125,14198737689.317722,372326124942658.9
2023-08-19,25890.032098838572,26172.67307791145,25731.51477287548,26124.06589839023,15586817551.449686,407191048860257.0
2023-08-20,25271.011135585315,25507.419486493844,25174.848787907395,25405.37205188168,17513460512.25316,444935980229729.8
2023-08-21,25738.841911429743,25747.052882557073,25720.232506464978,25728.38403023896,12623040263.42072,324770427526457.06
2023-08-22,25884.13603377599,26093.563762104826,25788.631948946848,26041.823092327657,13976118189.333899,363963597404096.1
2023-08-23,25939.16903926159,26263.12876709515,25777.693259613396,26154.151068889038,17840361234.632286,466599502854124.56
2023-08-24,25290.733513428775,25397.02324124257,25270.737514698976,25358.37052573113,17739017266.06221,449832572595147.56
2023-08-25,25977.238916536964,26198.935219227693,25933.473377369268,26151.433521584077,16574985367.28058,433459627953666.94
2023-08-26,25390.449228160734,25453.016246449017,25366.628261098725,25433.03178963279,9466323124.230558,240757296949491.78
2023-08-27,25720.75513586772,25884.71447589302,25353.514557776864,25500.689091809236,8656096974.427805,220736437693434.06
2023-08-28,25712.399098036574,25736.36319988172,25597.817447994887,25646.764546895414,12520161545.70381,321101635251759.75
2023-08-29,25641.59271167871,25802.76012602269,25382.232832177,25433.543483108962,11243085584.602442,285951506100301.75
2023-08-30,25675.98496037799,25748.106268908337,25645.82795541439,25731.132398598253,13379089337.113644,344259119105945.3
2023-08-31,26000.0,27500.0,25500.0,26000.0,10000000000.0,260000000000000.0
2023-09-01,25856.1047850686,26198.012434343025,25768.20633336015,26073.60317899793,11593429250.370895,302282473757958.2
2023-09-02,25916.989909928292,26127.595803729226,25811.05789569789,26077.187492083387,7867401987.28254,205159716697956.25
2023-09-03,26348.922001283212,26566.103879699276,26274.196449691277,26504.830138678437,11143723477.939238,295362497895182.4
2023-09-04,26604.02014336919,26826.0051878611,26558.579307361386,26760.907636720174,8545328762.496392,228680753738574.25
2023-09-05,26560.598269040802,26720.68537914269,26258.55859274541,26349.402452890798,8186529696.443474,215710165664131.03
2023-09-06,27061.54045681248,27094.899935536192,26831.871744757285,26896.552801897094,7623683112.105018,205050795369663.78
2023-09-07,26118.425030861144,26311.463919156056,26025.902160077643,26276.308005950108,6694967666.649504,175919032498759.47
2023-09-08,26031.953354224614,26268.693260633052,25931.84507965643,26172.773706784457,7572284177.677055,198187680225806.0
2023-09-09,26900.433312752815,26982.009401907053,26561.94103751884,26645.777647451574,6584678042.85196,175453867009889.94
2023-09-10,26404.46212681051,26515.993308130677,26368.112570711746,26468.32193046292,7035568282.784633,186219686272497.84
2023-09-11,27120.99180975828,27448.7588811579,26987.644066048288,27368.14574363964,7868895120.102138,215357068488370.06
2023-09-12,26430.473865193475,26512.101004725027,26398.693700838237,26481.828084071905,7920239248.182952,209742414155099.84
2023-09-13,26640.0792753191,26958.052663880328,26579.541653966044,26858.42748097553,9249907715.375784,248437975579136.53
2023-09-14,26995.591162551373,27159.952535860997,26946.200121133537,27094.617016231987,6458185511.06419,174982063042062.66
2023-09-15,27726.121855598863,27848.156865773715,27477.894664123694,27524.011852482476,7594492943.928643,209030913802286.5
2023-09-16,27328.249176354668,27595.863042512658,27182.255180254837,27528.378832108538,5222192543.916654,143758494683150.25
2023-09-17,27552.265217403765,27573.49295551202,27549.311711491937,27566.72490601267,8790030585.274086,242312355059688.28
2023-09-18,27200.973553691823,27214.410476994108,27165.040638683706,27178.8143232141,9461943535.62152,257164406491393.22
2023-09-19,27343.70503465882,27441.09039874883,27311.54408045817,27398.656025236978,6583079010.54849,180367517396975.47
2023-09-20,27162.52455358074,27239.654365644346,26867.489150383964,26977.697916372315,7424292037.442527,200290307829052.8
2023-09-21,27123.98966462835,27137.004256066346,27044.27555645132,27068.938693135144,7839444455.076307,212205441342698.8
2023-09-22,27465.38290336385,27560.086906791694,27239.37994061036,27329.46137121151,5566748583.793131,152136240384020.75
2023-09-23,27072.775923685505,27087.84681124282,27039.085008778602,27052.969087355945,9361023153.778837,253243470005202.12
2023-09-24,27109.906488495715,27166.694090498888,27098.627948635527,27148.213759922102,5626812028.513135,152757895736975.5
2023-09-25,27669.64647968504,27863.49496264213,27633.583574886237,27813.8822720245,9916129088.470201,275806047060907.8
2023-09-26,27451.039155879032,27519.31104687598,27322.403434328986,27359.63779768277,8516244441.366667,233001363312321.25
2023-09-27,26535.384637819414,26819.55139487893,26424.969523374853,26702.66480152488,7261131967.93252,193891573019338.78
2023-09-28,27004.728513559054,27008.353215111256,26980.374596312427,26986.618099881685,6600055468.235686,178113176359312.25
2023-09-29,26912.998600169696,26973.19183809773,26697.80575000363,26749.34299405346,8029980101.949552,214796691982472.9
2023-09-30,26900.0,28000.0,26000.0,26900.0,8000000000.0,215200000000000.0
2023-10-01,27014.994390104144,27190.184323789592,26956.859648879647,27155.469796208567,9156448629.659878,248647664203264.12
2023-10-02,26841.272561438316,26972.369024344716,26558.109936685447,26672.280528978168,8427379227.152845,224777422870703.9
2023-10-03,26221.193484351388,26657.09198595707,26116.493539279134,26464.631527509468,6247090998.308434,165326961389053.97
2023-10-04,26394.206972057345,26571.639226408442,26331.07099505238,26508.57115681477,7609194844.417649,201708882979313.34
2023-10-05,26438.547845729947,26621.99774726401,26373.29120585238,26563.413387803004,8627639696.787344,229179559826781.6
2023-10-06,26355.696957611905,26443.914229690596,26339.562608642893,26411.26240671546,9922618645.406122,262068884805588.6
2023-10-07,26049.82104242881,26075.08048860259,25892.326455478353,25930.787617490103,7877930304.971949,204280937603616.62
2023-10-08,26442.213303329423,26453.131838670462,26420.744539651063,26427.807426244024,8005801562.82995,211575781995193.38
2023-10-09,25826.138296948047,25880.24126293377,25555.798860546358,25670.750041107804,10252790196.182201,263196814350113.94
2023-10-10,26636.133334660317,26642.664461497934,26618.173761616756,26625.36045336996,6594605698.285815,175583753764707.34
2023-10-11,26185.521346413578,26554.44087659741,26113.41207680045,26431.70737837853,7122135387.860168,188250198481114.47
2023-10-12,26388.771765182864,26444.96995865147,26380.035978849926,26424.478017240508,9233016021.54221,243977628894071.53
2023-10-13,26595.5961279944,26618.48039032841,26535.324037463404,26556.30598033257,11122833154.702057,295381360624455.6
2023-10-14,27288.11459371695,27354.26985614153,27073.597182982092,27144.192506556014,11282966433.89431,306267012926636.94
2023-10-15,27402.48899660312,27450.544144741198,27285.8823255241,27318.351630805708,8352626506.095454,228179987934303.72
2023-10-16,28500.0,30000.0,27000.0,28500.0,12000000000.0,342000000000000.0
2023-10-17,29024.122922295195,29173.595298040356,28713.21039865631,28780.511008115114,11894972915.886074,342343398946890.3
2023-10-18,30413.55911537437,30459.42223217777,30141.462224567174,30210.801313197873,17393923187.081905,525484357461956.94
2023-10-19,30189.18264174346,30511.19579573758,30086.155034284922,30370.556148032483,13007683896.446007,395050594132871.4
2023-10-20,31008.311597211585,31406.152871293692,30793.00643674494,31303.698719852742,15367102141.26471,481047135627354.44
2023-10-21,33251.640871716416,33374.352528894335,32888.94221771337,32975.77540408483,17216152516.076748,567715978692616.8
2023-10-22,34186.31555096212,34235.855597220514,33852.14098562802,33979.46595013643,18440715583.478313,626605667264951.6
2023-10-23,34345.44698798849,34742.72367425401,34155.309371499774,34606.74074264031,17049006411.666037,590010544808138.9
2023-10-24,34500.0,35200.0,33500.0,34500.0,18000000000.0,621000000000000.0
2023-10-25,34428.27770229007,34836.05930076313,34310.526110669,34726.606563292524,22262857613.436043,773113497316395.0
2023-10-26,34509.6886368897,34553.01074459994,34501.65255238021,34536.717945946904,16676420264.192005,575948823012472.6
2023-10-27,35401.75720791783,35550.21835879247,34988.82076663201,35143.90272946939,12287910014.826101,431845114309521.25
2023-10-28,35075.34450245731,35507.62733421947,34982.15520318377,35335.00443448593,18600624398.807095,657253145616055.9
2023-10-29,35081.79350949001,35140.51902983658,34822.07095316473,34904.608145620114,14654484840.183239,511509050922526.4
2023-10-30,34608.60690613799,35099.73793818485,34405.753687003715,34884.92384636526,10975753573.307222,382888327561293.8
2023-10-31,34500.0,35500.0,33500.0,34500.0,12000000000.0,414000000000000.0
2023-11-01,35058.98448793847,35065.11198917139,35041.14901099315,35046.140832189434,12143753579.512836,425591698179011.44
2023-11-02,35056.23154181614,35154.91966125648,35017.47101657214,35118.79011414994,12897218250.612123,452934700799631.2
2023-11-03,34693.59181470913,34811.30187500777,34357.16732594744,34445.75611118589,9755954379.254934,336051225179671.4
2023-11-04,35652.016280844335,35768.892321999076,35200.4416316378,35378.30737870215,8960881898.49364,317020834189156.1
2023-11-05,36076.22496270134,36308.88375127047,35610.27793492945,35724.916041020064,12231167882.626692,436957445690459.7
2023-11-06,35671.5275870321,35779.348556362835,35628.68912270872,35736.166502265245,10621531730.92159,379572826445307.56
2023-11-07,37148.76318372974,37178.14174152159,37045.71029435603,37080.1144075813,14012470258.259384,519584000309088.25
2023-11-08,36843.217143203816,36858.27735394507,36840.15244191408,36853.23751229094,16193751568.158798,596792172756390.1
2023-11-09,37000.0,37800.0,36000.0,37000.0,14000000000.0,518000000000000.0
2023-11-10,36938.28794638787,37393.99263074831,36729.76014803048,37212.8594111947,18053703819.970837,671829942103923.5
2023-11-11,36757.54556590899,37165.40196436285,36685.324888297095,37027.46327749894,18072913738.412807,669194149766486.2
2023-11-12,36572.781506727086,36835.20998253959,36494.65195788448,36754.52095434819,16864407600.687239,619843222542128.0
2023-11-13,36861.750846871735,37194.11927112579,36738.2498472906,37106.08083804708,11214322153.493168,416119544371419.7
2023-11-14,37283.695748989645,37314.48389406399,37197.39479547875,37234.734079472175,17499937353.09237,651605513749816.5
2023-11-15,37397.7844119164,37643.24009765785,37324.59214507293,37589.70572359043,17028616590.809978,640100686528396.8
2023-11-16,37729.831950029766,37801.444863402125,37253.7444257698,37460.62123220315,12826370018.463442,480483789045745.5
2023-11-17,35827.30908656152,35878.04156419724,35805.558550944246,35868.634243426226,11814186564.895782,423758736779846.94
2023-11-18,36446.06436073513,36505.43008151689,36314.610089145106,36363.7583676862,12187793069.239025,443193962205168.44
2023-11-19,36984.550153773045,37065.452183206624,36532.46111078825,36686.958651553956,10696380175.476469,392417657219006.7
2023-11-20,35528.418511463824,35614.079844849155,35373.51801100284,35409.05692104094,14106785579.467892,499507973556298.06
2023-11-21,36737.78879016063,36846.235798866146,36211.702369251194,36435.85185046757,10253530280.075943,373596110229130.25
2023-11-22,35583.6584065829,35979.50949493846,35379.58054440143,35906.45204544987,10758118101.137247,386285851697770.8
2023-11-23,35215.20292609326,35566.67801638925,35171.269765251265,35434.60443221143,12795347163.781197,453398065321405.2
2023-11-24,34975.03361847558,35285.92639272165,34868.43479031354,35192.1766579348,9633047079.265146,339007894567701.9
2023-11-25,35948.77641484361,36142.08878469773,35547.55639419099,35618.29843550299,9928646121.426529,353641480613469.4
2023-11-26,36432.333945260296,36614.86829790321,36337.193961058925,36577.57898573415,10913404131.068884,399185901607409.5
2023-11-27,36066.673484325074,36483.969611776716,35880.32153577839,36391.59470249428,8460657128.114279,307896805123104.06
2023-11-28,36682.639884622855,36694.81559268172,36624.44143209978,36649.74184049598,12503582303.290815,458253063497002.5
2023-11-29,37124.4790260562,37523.80412718849,36967.84656519514,37440.48128095917,8453675705.970878,316509687024701.94
2023-11-30,37700.0,38500.0,36500.0,37700.0,11000000000.0,414700000000000.0
2023-12-01,38883.12704481807,39282.18972004308,38771.23493878861,39150.50917906155,12502232674.788492,489468775093070.06
2023-12-02,38593.54260770911,38667.05440998095,38554.08072261009,38647.40439140678,8845719558.713484,341864100918576.4
2023-12-03,41041.68639896631,41144.469942514406,40587.26995073472,40770.16190015415,9345868326.77135,381032564779990.75
2023-12-04,41799.13373691507,41807.62149661368,41767.63422974811,41776.9126450476,10277340995.091782,429355576975316.0
2023-12-05,42334.62750341242,42961.77881704521,42151.30174700929,42728.333249377894,18856489429.686607,805706364265021.1
2023-12-06,42354.75725212469,42368.05127602773,42310.706213993806,42327.59409093838,11760257245.669592,497783395099719.5
2023-12-07,42759.050513265705,43162.38050320857,42682.09031007178,43004.55074685078,17676522389.78255,760170904139247.8
2023-12-08,44200.0,44500.0,40500.0,44200.0,18000000000.0,795600000000000.0
2023-12-09,44531.48991001422,44776.20682458475,44048.29998284166,44211.72862685794,17375869050.71854,768217207126187.8
2023-12-10,44223.390905079345,44770.31136025401,43985.294484180755,44625.2132816894,20514989824.076916,915485796371120.1
2023-12-11,46073.39685058297,46228.20109700141,46026.12249458649,46169.17271022293,21275590579.032906,982276415955362.0
2023-12-12,45044.71886339221,45104.938600821835,45019.37182874455,45085.34005429742,27905056258.68827,1258108950657261.2
2023-12-13,44825.403261123334,45445.802756429825,44607.246616948956,45239.616768284985,18388420941.02162,831885116345724.5
2023-12-14,46422.72535425661,46764.94553708259,45834.89852438608,45976.815431928924,29105170907.99758,1338163070951752.0
2023-12-15,45705.137915280364,45769.508810972504,45675.16619208282,45747.36587792133,24163061238.06114,1105396403188201.6
2023-12-16,44947.45271195861,44956.84741868338,44945.549784077266,44953.52369160329,31060046980.304142,1396258557791413.5
2023-12-17,45367.55067101063,45398.87028076577,45179.112266827564,45246.95042908049,19691348520.164875,890973470373647.6
2023-12-18,43913.16670231464,43923.75491703396,43875.929674135245,43889.1936385688,19433677357.037632,852928428632494.6
2023-12-19,43907.443797178574,44422.63856753193,43753.16933978137,44194.899163885275,28843997103.655643,1274757543479460.0
2023-12-20,43311.82848588665,43943.76164566609,43180.256592685604,43665.74906293097,24702641821.486206,1078659358968480.6
2023-12-21,43464.27727204194,44167.63867738275,43246.55279782898,43881.41638785208,22235074462.724854,975706560913725.6
2023-12-22,42224.55321550959,42722.99817964822,42049.0479655369,42511.50723656782,21417055082.633255,910471292131335.2
2023-12-23,42350.35890191975,42437.76619414111,42118.314060220226,42189.5195330152,22514223142.340057,949864257034418.6
2023-12-24,42287.5980332347,42399.45325119001,42100.96854780119,42144.63394683398,24975010395.804897,1052562670949570.6
2023-12-25,42184.2856795657,42245.18278252346,42152.98898550388,42229.311651245116,22221094549.92152,938381526980420.2
2023-12-26,42046.42104608119,42262.19191812793,42004.95976072115,42211.246751791325,23656954129.983982,998589528176562.8
2023-12-27,41627.71866619009,41696.17383773387,41399.21231858417,41470.069901694114,18861436643.233433,782185096041265.2
2023-12-28,41341.10592387837,41802.39728941423,41141.96651294821,41673.98103376821,18870083833.627182,786391515788195.2
2023-12-29,41504.956563798456,41548.577942544165,41494.14382140605,41538.101786980056,10554674144.95487,438421128961542.06
2023-12-30,42413.50850870498,42743.397830832575,42322.73519362743,42660.33552335649,9371957019.078264,399810830944354.6
2023-12-31,42200.0,42800.0,41500.0,42200.0,9000000000.0,379800000000000.0
2024-01-01,42393.60768640929,42858.83594555131,42180.396825879274,42756.91925533017,5084583751.045544,217401136890418.1
2024-01-02,43341.093203830766,43358.6747995809,43262.01382983267,43291.3732826872,1743828395.574969,75492726013785.5
2024-01-03,43425.00807437811,43499.37924888472,43394.269609447736,43479.66365943811,-852118789.975933,-37049838386040.95
2024-01-04,44913.945174584456,44956.718756226066,44784.981731203115,44817.35233507691,-2457394127.4934354,-110133898438022.2
2024-01-05,44325.69643575901,44531.94786009146,44276.03234820882,44443.669756029834,-3594252589.4941444,-159741775107232.8
2024-01-06,45101.489773546,45279.582860146475,44628.41269260735,44799.87888048214,-3017883184.3504148,-135200801134342.33
2024-01-07,45655.50710272345,46388.34019448063,45439.526051330824,46080.9598299418,-824092154.5847061,-37974957471588.03
2024-01-08,46081.01042807353,46112.94398551659,45816.060428835335,45927.23179055023,3790764861.736507,174099336468445.62
2024-01-09,45650.3482381453,46137.30168414743,45484.73658266257,45983.03960782037,10753831815.12304,494493874290641.56
2024-01-10,46500.0,49000.0,44500.0,46500.0,22000000000.0,1023000000000000.0
2024-01-11,46600.0,49000.0,42500.0,46600.0,35000000000.0,1631000000000000.0
2024-01-12,46871.35157343996,47003.32045701855,46829.79187792078,46945.62280791328,55108354315.242355,2587096015248207.5
2024-01-13,45733.30923291562,45865.30031193526,45682.31591351405,45827.44678906152,67792652611.3031,3106764180233825.5
2024-01-14,45262.02284625543,45929.439639035285,45134.131143171486,45652.281559561736,69106043199.04643,3154848541590104.0
2024-01-15,46650.44959565457,46735.31414448791,46256.177561101365,46341.911088133114,70100874623.80872,3248608499016910.5
2024-01-16,46786.909032293646,46898.14891057492,46741.97108309296,46866.584326799326,89337699168.95844,4186952811664220.5
2024-01-17,46866.44376393436,46964.645764504654,46283.45477991406,46406.569867936196,77317124946.31425,3588022560809085.0
2024-01-18,45891.45832491108,46157.42187191712,45758.39298226775,46089.41758865005,53284665962.59776,2455859220621896.0
2024-01-19,44971.11876322819,44973.92010124219,44962.56563885219,44965.89442543257,65134185242.01302,2928816897078925.5
2024-01-20,45165.583050421985,45206.27718211227,45043.609903369936,45088.593895085134,58979923730.558815,2659321829050261.0
2024-01-21,43492.6871657008,43938.11852733945,43325.78798905083,43826.4062531663,78904138382.63416,3458084823813376.5
2024-01-22,44866.2510139058,44972.12975354252,44494.19435042425,44608.378361225754,57382392812.06176,2559735489832932.0
2024-01-23,43027.64563480847,43619.83465993642,42725.35888485439,43408.58491388392,45134613653.89395,1959229709350400.0
2024-01-24,43117.627620232684,43201.89970830361,42710.643286916944,42877.91291801125,57291606714.8184,2456544523650932.0
2024-01-25,44112.36411738292,44240.92978161776,44073.81387404102,44192.859434753715,48916949446.53613,2161779870867724.8
2024-01-26,42850.18882388794,43254.23439387073,42711.32590254501,43118.70430582412,46897311833.399994,2022151321682400.8
2024-01-27,43586.77246881087,43624.91795099223,43354.4588929651,43444.455709771755,33722617550.252415,1465060764579512.8
2024-01-28,43969.546043420574,44054.89477538432,43349.86927532841,43603.39012059671,20297411114.36751,885035935257902.2
2024-01-29,42685.48899734387,42695.911481497016,42626.0345251931,42649.407619292884,16084774584.122683,686006107702690.5
2024-01-30,42398.62261700698,42441.62293772311,42278.91841965397,42330.21966588688,20289811566.41509,858872180585803.0
2024-01-31,43000.0,44000.0,38500.0,43000.0,14000000000.0,602000000000000.0
2024-02-01,43391.43860944264,43501.77498593302,43366.436301556816,43483.32657822494,10978400501.150444,477377374298073.06
2024-02-02,43687.7081067869,43806.081717172376,43650.63579117469,43759.95729821861,6180401507.100288,270454106036554.53
2024-02-03,43556.06862633924,43742.85708732839,43045.12117590737,43261.88931630485,5063287579.984561,219047386861913.12
2024-02-04,44824.11398819936,45140.40759965368,44614.8914423731,45086.14862991352,4775899004.216941,215326892345580.97
2024-02-05,44712.291562054015,45162.81068547471,44496.241671967626,45003.29881057134,4474443013.7408495,201364695958252.8
2024-02-06,45271.300677678955,45719.12510571784,45157.026820044615,45555.655811452736,4180654592.8131056,190452461696762.94
2024-02-07,45212.744373698806,45721.659689486,45084.63145986639,45505.031318413625,4706314361.434849,214160982411392.62
2024-02-08,46235.34839170383,46509.596970046194,46104.98497424272,46401.8976400626,6204705381.15247,287910103982982.5
2024-02-09,47937.37302776069,47955.93507472361,47835.56580827045,47874.31004368023,7718788027.945162,369531651211293.75
2024-02-10,48591.54971030078,48766.01033573129,47937.424280670064,48215.76815157791,10499678148.741549,506250047285911.25
2024-02-11,48773.54135257725,48813.26707161545,48593.66133142876,48673.05861139977,11870501295.712294,577773605312901.4
2024-02-12,48420.51230362621,48685.7063438897,48381.12043293309,48588.99765994412,8980204423.842966,436339131735925.75
2024-02-13,50043.414773807766,50289.22060293117,49983.32909655231,50211.43208740612,11513368152.611916,578102703092177.8
2024-02-14,51551.79359993535,51556.601058937114,51530.89089811803,51536.77463323038,17139326675.330692,883305616231831.6
2024-02-15,52000.0,52800.0,49000.0,52000.0,18000000000.0,936000000000000.0
2024-02-16,51586.85201995717,52042.53317549779,51335.048076268045,51953.170699742666,22594079701.404697,1173834079530669.0
2024-02-17,54498.05081569118,54639.29605912811,54149.136103928424,54263.280360448975,22894437803.563576,1242327297229632.0
2024-02-18,53703.07882258812,53789.84936672296,53507.83467195114,53572.934710894355,20490487242.049625,1097735535212738.4
2024-02-19,55103.14649958742,55199.76444438596,54832.824255825464,54946.21784843923,21323218688.327705,1171630219278764.8
2024-02-20,56969.937841761006,57020.8878673138,56864.03808256001,56900.11477299371,24780393700.546307,1410007245681055.0
2024-02-21,57599.89132610896,57822.46533715465,57244.334433715354,57314.10559429073,18526651967.824024,1061838487192540.4
2024-02-22,59016.645719115724,59036.69643832494,58964.15418712149,58981.403592590315,19587416554.995445,1155293321166371.2
2024-02-23,59705.71910911939,59819.4114638759,59299.227836941114,59411.957108914,31628946415.153545,1879137607817241.8
2024-02-24,59004.27973406892,59162.2808803756,58309.87631307277,58557.94504737422,33414803867.57999,1956702248646536.5
2024-02-25,60675.875701851335,60843.73319979567,60633.60367570116,60779.89464150548,22922343025.19897,1393217594008041.5
2024-02-26,62623.2494658657,62806.65696833326,62181.57845844925,62310.71111296575,19117786304.6461,1191242859548216.0
2024-02-27,60720.899205269074,60764.096587039785,60620.83390093621,60655.17173818432,30983086554.559475,1879284435945834.5
2024-02-28,62500.0,64000.0,57000.0,62500.0,25000000000.0,1562500000000000.0
2024-02-29,61809.27414000676,62030.95791636193,61731.919509842344,61974.433431395,17880074063.82466,1108107459816913.8
2024-03-01,64587.26051306401,65217.55523100615,64423.50758828448,64946.73366828168,29674318217.63295,1927250042068446.5
2024-03-02,65118.128149468954,65231.17497479736,64200.80931681433,64561.82106376281,27212468737.14422,1756886537310744.5
2024-03-03,63618.38902556193,64372.035052285,63224.55518562941,64136.45010877402,21510337720.05048,1379596702004897.5
2024-03-04,65360.560825786655,65927.80317839794,65036.37552212194,65833.07625820825,15274455939.638649,1005564422676873.1
2024-03-05,66500.0,67500.0,63000.0,66500.0,20000000000.0,1330000000000000.0
2024-03-06,68224.28088312475,68406.74091558918,67327.01334424953,67663.19539956999,15074587752.34522,1019994776654899.2
2024-03-07,67977.50042129846,68732.61279510226,67802.36309090209,68437.49383681877,20302341713.10358,1389441385863515.0
2024-03-08,68852.96297733365,69602.53523833702,68679.08580745393,69308.63479991676,23762612317.387367,1646954218997804.8
2024-03-09,69223.63638766792,69295.48628760138,68846.05558807736,68964.16882748913,19307483894.35833,1331524578924555.2
2024-03-10,71153.83993859922,71742.16305427474,70903.71611520312,71494.10181090355,19611305500.30185,1402092672083313.2
2024-03-11,71358.41983836873,72209.74256867851,70985.83885439264,71951.70823745705,27622875723.768135,1987513094756100.0
2024-03-12,72447.51836833268,72899.05373345198,72364.67835714827,72763.98222294635,29822322818.50224,2169990967412464.0
2024-03-13,73418.05369408346,73524.70424626447,72992.30670253953,73112.78495839563,24603396621.44142,1798822846429564.2
2024-03-14,73700.0,73800.0,68000.0,73700.0,28000000000.0,2063600000000000.0
2024-03-15,72543.45877602493,72932.59259298105,72372.63165098021,72774.81300264741,28629208809.269485,2083485317508332.8
2024-03-16,73719.10834623451,74925.4309598707,73573.99809925114,74417.40463008902,35849067679.47741,2667794575115117.0
2024-03-17,74542.64534718312,74957.41605604031,74491.90578180506,74779.04509985726,29342393673.860928,2194196179875412.8
2024-03-18,74697.99821092492,75312.5426098775,74448.62752512966,75119.68949710841,31127647559.714245,2338299219461158.5
2024-03-19,74186.07763297821,74378.01853487696,73324.95892986598,73543.52282880343,22820903708.715214,1678329652875822.0
2024-03-20,73084.16269003537,74078.91063126492,72868.13179470491,73639.32644450528,19705836678.66558,1451124540042360.2
2024-03-21,74078.34267436707,74309.0739106501,73639.9652699582,73754.61894856779,17462917254.240257,1287970807816860.0
2024-03-22,73284.1525123388,74111.82713509831,72983.19150391941,73939.9769039337,19525901278.905758,1443744689590781.2
2024-03-23,74220.05720578384,74868.84634985277,73946.62770048673,74587.78430100188,22926534224.196156,1710039389483880.5
2024-03-24,73648.23606721543,73902.18035860085,73536.53241338988,73823.71965242512,20169275811.231907,1488970963080823.5
2024-03-25,75643.76076062633,75911.1828133344,74620.5915343714,74977.81562107103,14785072033.16478,1108552404846882.6
2024-03-26,72541.1393380168,72707.6151958178,72449.84305288078,72666.90283245989,14594827074.678024,1060560880892182.9
2024-03-27,73163.28534559687,73258.22258904102,72942.60387305575,73008.94554378178,21130252231.298996,1542697434481282.0
2024-03-28,72812.38480971284,72921.78115195372,72770.15422750516,72900.58317136692,19546776943.096508,1424971438272364.2
2024-03-29,73058.20073689814,73297.53882735225,72445.3625898284,72576.05989416936,11103796761.203783,805869818793809.5
2024-03-30,71492.36822751956,71682.46642926468,71103.95499127494,71210.38865899685,15161808772.19665,1079678295441511.2
2024-03-31,71300.0,71500.0,68500.0,71300.0,15000000000.0,1069500000000000.0
2024-04-01,70475.56216045283,70644.71433618125,70439.9552079275,70601.9074023296,12352407911.044653,872103559531378.1
2024-04-02,68685.82240067828,69188.76746407126,68445.36617198211,69103.02397236398,13762166564.073036,951007325988805.1
2024-04-03,70775.59110137359,71389.5684716032,70594.68892364264,71211.81036735102,11312530664.790628,805585788475913.6
2024-04-04,69714.91428676968,70876.94075671097,69230.60507923282,70373.61915929454,17140951698.967932,1206270806891032.0
2024-04-05,69316.61315951106,69408.47657466712,68979.03889266068,69104.07952317366,12814484636.228735,885533165350437.5
2024-04-06,67267.50378862064,67355.60239679547,67225.3086363799,67325.09310824693,14136195924.84599,951720706836677.1
2024-04-07,68604.87847677288,69179.69400906604,68448.82997163222,69005.04239241195,18272933296.86207,1260924536783683.0
2024-04-08,66777.74753247056,66780.99426057025,66770.7632459178,66772.97984234687,20179085143.959763,1347417645554626.5
2024-04-09,68552.27678055971,68691.34313063778,68171.14766509786,68270.92123427698,25908788525.993008,1768816860733607.8
2024-04-10,66795.21224653497,67305.23227112864,66539.77370832562,67169.82155189867,15726942513.566633,1056375922193239.5
2024-04-11,67426.61006914616,68269.11368088047,67207.21839048143,67928.80544578648,21938712661.477306,1490270544112504.5
2024-04-12,67187.85956008316,67366.34241141424,67160.94582758841,67305.0899644751,15554771601.759695,1046915302033298.8
2024-04-13,66000.0,72000.0,61000.0,66000.0,22000000000.0,1452000000000000.0
2024-04-14,65294.41628899163,65358.50719560888,64996.410462399464,65059.44357809352,20336400792.682423,1323074919953018.2
2024-04-15,66144.82499674062,66230.60953267092,65796.2472734082,65865.4606077125,26167635581.489532,1723543370589575.0
2024-04-16,65064.77552636676,65392.64441750935,64305.245877468886,64608.19394541799,15814674371.984146,1021757549008783.1
2024-04-17,66173.80079342813,66371.58917800443,65676.76485773888,65819.36278863285,16028200886.102442,1054965968971463.1
2024-04-18,63751.68143717683,63758.53681089443,63734.07393393895,63739.243275959736,17397199856.751995,1108884353990007.2
2024-04-19,64256.338857586394,64390.19416692604,64021.725245068104,64075.63779646661,15539399889.754322,995696958910351.1
2024-04-20,64100.0,65500.0,59500.0,64100.0,16000000000.0,1025600000000000.0
2024-04-21,62970.77355165773,63070.81013629154,62694.6509051474,62813.80966738726,13478493944.627869,846635553240886.6
2024-04-22,63902.60278155684,64782.043772575606,63770.68191199939,64465.69428316594,18956014991.762337,1222012667286061.0
2024-04-23,63190.5328301874,63339.61892225886,62915.33374897129,62977.23102599022,11092565698.456087,698579072662643.6
2024-04-24,63186.35182110711,63486.20923367355,63073.42254576254,63421.09456675694,16433366489.143194,1042222090158125.0
2024-04-25,60617.295302864775,60951.656555407266,60493.32952479895,60891.43382544596,19583056120.899166,1192440365885726.0
2024-04-26,63023.30444043937,63074.466112610375,62722.94723623067,62851.03283473583,16394441005.530563,1030407549945740.9
2024-04-27,60964.14979608987,61297.87207657376,60128.406377714775,60454.246436016445,18791275300.205643,1136012387845660.8
2024-04-28,59918.47487280378,60480.32933003768,59802.88590026062,60266.80896285188,16537723385.928658,996675815980250.4
2024-04-29,61793.0938870411,61957.78067049228,61208.50242913085,61444.14946776605,21196894140.6353,1302425131829609.8
2024-04-30,60600.0,64500.0,56500.0,60600.0,18000000000.0,1090800000000000.0
2024-05-01,60576.09995174432,61027.4660981336,60447.44449635273,60906.91482136705,14081098176.606085,857636247233853.6
2024-05-02,59653.22250786181,60166.7605745957,59393.50306389306,60001.80995382257,14089033576.830053,845367515109981.9
2024-05-03,61413.06913965764,61472.07058229043,61011.20244526587,61183.89506586498,19333726644.021183,1182912702219910.0
2024-05-04,60798.20375722142,60908.19755582754,60296.64630915301,60487.85438755634,13453526557.93447,813774955435462.2
2024-05-05,61817.82912743366,61919.308804172724,61796.48507896939,61881.97493434356,20496791868.875614,1268381960664217.8
2024-05-06,61977.78475620525,62029.963715476806,61962.04453600168,62011.006300943125,22754878886.286232,1411052937994693.2
2024-05-07,62097.789405043804,62384.839148540006,61487.986198106824,61676.160429558164,15268921565.06665,941728456033391.0
2024-05-08,62230.89600316561,62366.666855157775,61619.905402267235,61827.511829967945,21287782119.394043,1316170600820615.2
2024-05-09,62283.53436980597,62344.89676452983,62059.979476824905,62106.89040301439,20834100920.125607,1293941222491582.2
2024-05-10,61618.67751021882,62103.539630436004,61503.231658188546,61901.71518557697,22329378383.3248,1382226820955550.8
2024-05-11,64283.170584831394,64649.69701024038,64096.69147582665,64582.4767552854,16549765806.163767,1068824865481988.6
2024-05-12,63073.55101630265,63130.56783079998,62624.591423030266,62812.84902634287,13071058167.28592,821030403276276.4
2024-05-13,62930.962586699796,63660.73376342394,62677.90695322254,63341.8328082429,19265561050.08656,1220315946991579.2
2024-05-14,64286.95137785414,64570.038648860835,64183.827899852455,64498.101744968975,16432201934.72612,1059845832279841.4
2024-05-15,65238.51569492852,65801.91765784305,65142.38949034865,65556.96718016909,19908570306.876152,1305145490211968.8
2024-05-16,64344.41129866436,64378.42941785227,64333.003878688396,64368.70959590966,15840442556.732473,1019628846805001.4
2024-05-17,65761.22973445278,65945.17466696634,65692.62475175291,65873.4163120601,17819328575.350838,1173820049645474.5
2024-05-18,65888.43121575518,65967.8018289845,65683.66062745515,65744.41346312975,14408420018.646902,947273123056357.6
2024-05-19,65758.49138682373,66388.67274541693,65633.56906562722,66232.92525164557,15808685959.23187,1047055515464543.4
2024-05-20,67000.0,71000.0,66000.0,67000.0,14000000000.0,938000000000000.0
2024-05-21,68255.46668520082,68644.29482937606,67504.869923206,67645.83381068229,16984278783.029593,1148915699951117.0
2024-05-22,68276.96226829368,68397.18343368119,68216.0854958741,68354.44843251196,13906804338.707954,950591940031246.4
2024-05-23,68020.84838227335,68772.83221186133,67755.1760469346,68592.85966167098,14195884429.644003,973736308455871.4
2024-05-24,69110.10668318436,69399.7101666758,68289.07212816736,68441.75634880472,15809848666.768648,1082053810362454.9
2024-05-25,67523.48886963387,68136.58522417404,67259.15279665153,67933.06703315648,15428472372.37795,1048103447891954.0
2024-05-26,67433.6718268329,67904.22983881625,67275.95701152585,67697.40122898175,12426743628.303764,841258249374972.4
2024-05-27,67454.42897850611,67561.59387456652,67050.0427229471,67144.08501176086,13239747588.162346,888970737593828.4
2024-05-28,67384.60652288291,67431.5237541234,67108.58123554543,67211.32880129012,11163110276.370705,750287475230212.0
2024-05-29,65980.4288133324,66853.47128157184,65623.10467364726,66476.42797920562,10596932578.60714,704446225362275.2
2024-05-30,68807.81304446948,68924.48058897295,68595.48773696521,68658.72530064578,13683103081.761671,939464415751094.2
2024-05-31,68000.0,70500.0,66500.0,68000.0,12000000000.0,816000000000000.0
2024-06-01,66802.39317407519,67049.40974051777,66729.69097539155,66941.29992356776,10111515163.378273,676877969233408.2
2024-06-02,67528.24664385413,67688.92238654195,67138.3074613557,67254.48277885915,14108853582.203684,948883650273762.9
2024-06-03,66905.11595704143,67367.23958779173,66801.6082994315,67168.78857929945,8994485457.106953,604148692048000.5
2024-06-04,69221.90323289472,69338.54792399859,68435.41205920465,68776.50418472609,11744352643.595947,807735518739175.5
2024-06-05,68311.10460107129,68435.40948784503,67895.37263595607,68022.67761713432,10942941747.99442,744368198706904.8
2024-06-06,69881.97021574328,70645.52316362831,69625.11891212987,70407.69621349663,8055232283.875748,567150347572274.2
2024-06-07,68360.37004239716,69355.64024630316,68075.17289771835,68978.04266139273,6560608036.614484,452537901034269.8
2024-06-08,70890.3592132041,71100.07401221625,70302.33378866942,70463.96660413453,7963720017.6785345,561155301370377.94
2024-06-09,68845.7906596037,69444.46840054875,68763.86432016033,69211.21489691263,5055932128.402616,349927205043078.25
2024-06-10,68149.77492503126,68741.1045649701,67769.90004295824,68626.1181629149,5256049543.562975,360702277046687.7
2024-06-11,68849.1767112304,69480.73899489443,68665.58976087286,69207.67766102274,4943781079.599176,342147607383562.8
2024-06-12,71253.5251625992,71463.62159693212,71204.88231600488,71403.48637832807,4424501763.400247,315924851393838.06
2024-06-13,70213.90958996867,70306.63847324612,69830.26100831642,69965.80530405085,3114957847.0359683,217940534256043.97
2024-06-14,69576.03474798135,69803.50711037038,69520.99854979443,69705.12128343209,4067135754.2214932,283500191024192.25
2024-06-15,69415.61689572179,70059.96187857984,69215.68199224724,69937.3022059182,2587536283.837599,180965307051528.66
2024-06-16,70077.40700691057,70153.57608844752,69519.4402157126,69713.83637176453,2674932090.211301,186479778042572.7
2024-06-17,70695.32929432952,70729.75626617996,70573.14973263438,70606.60469988528,2957138444.2355924,208793505174976.22
2024-06-18,71090.34517560153,71643.85672109255,70765.47956815694,71530.1387452632,2181786962.8377776,156063524164392.66
2024-06-19,70261.5999978253,70514.05664620602,70152.02588361321,70459.53047962059,2339860643.701277,164865482342934.75
2024-06-20,69178.82738458317,69290.689106692,69141.8823503177,69245.48441094747,1763483586.9351087,122113275228076.78
2024-06-21,70183.81722561378,70375.30858794795,69736.7152000924,69900.38751193671,1955749844.0505958,136707671975546.44
2024-06-22,70206.0802547836,70259.34276067736,69847.02489167718,69957.95081188243,2473468174.9669366,173038764919093.56
2024-06-23,68970.63737293983,69582.81108200079,68676.1038697458,69364.43897542519,3737808160.97063,259270966083493.53
2024-06-24,70146.22615589594,70283.47201118238,69099.84025816043,69481.28199539734,3551287766.7771506,246748026770248.06
2024-06-25,68297.91064466377,68907.29607351725,68104.31538752091,68638.61253477623,5277628302.005592,362249084123930.8
2024-06-26,65372.457546874466,66061.78181800201,65283.663218938964,65788.95705941638,6428380284.074232,422916434470558.56
2024-06-27,64943.321967830634,65028.573581453216,64624.55698690393,64739.88485683729,7264155805.639271,470280610439212.5
2024-06-28,64119.59114677663,64748.82823758482,63839.192410215546,64626.30995361353,7888701045.897961,509817638923596.8
2024-06-29,64562.026247742935,64567.72562550493,64543.9421219548,64549.457809897795,6649614360.851442,429229001637870.7
2024-06-30,62700.0,64000.0,57800.0,62700.0,11000000000.0,689700000000000.0
2024-07-01,61533.03807254678,61953.24880802285,60722.00263838507,60952.74338241781,13590667570.499437,828388472820399.9
2024-07-02,60735.496950200235,60821.96869932678,60718.020387893994,60806.91547903401,14998674579.573954,912023137457689.4
2024-07-03,59975.08118309317,60031.07695263187,59671.81565147118,59744.21812242004,19587954507.067474,1170267026642280.0
2024-07-04,58376.66502308244,58457.089203762545,58209.826574966275,58239.57536862625,22254794781.52679,1296109797992039.5
2024-07-05,56500.0,58500.0,53500.0,56500.0,20000000000.0,1130000000000000.0
2024-07-06,56221.17346945218,56663.64984453387,56131.62412948855,56493.432103973006,15182913521.549377,857734894170143.5
2024-07-07,54479.57174248595,54973.905055804156,54320.60195702566,54832.00017218884,21607664007.505535,1184791436580142.0
2024-07-08,55105.09500185999,55414.22432496122,54962.13129403452,55358.99948928494,20285688951.902725,1122995444328176.1
2024-07-09,55524.308802120264,55786.45266837487,54830.70458815008,55119.79450459785,21368061420.760303,1177803154473933.0
2024-07-10,55328.740379086936,55398.73974826503,55011.93970543776,55112.455475854105,15459534780.549416,852012922270447.6
2024-07-11,56802.98340991597,57548.77210016719,56495.33627203972,57231.14028284238,19714216400.753613,1128267084397842.0
2024-07-12,57910.30193452748,58004.404989853596,57708.93051381475,57772.289626545746,22425616109.199646,1295579188914412.0
2024-07-13,58486.07051737768,58737.538681389946,57730.59138893913,57974.772691083075,21036151867.513866,1219566122814219.2
2024-07-14,59839.5628022905,59859.61836053031,59743.11130206753,59774.42169634462,21321561784.348824,1274484025322332.8
2024-07-15,61030.694367342476,61113.62063509643,60471.78288793221,60653.234002822304,16573878319.307966,1005259320035289.4
2024-07-16,61374.07412694575,62329.56865535687,61078.71555684272,61932.36509987464,11267092592.223446,697797692035675.4
2024-07-17,61503.04070312824,61912.15144684219,61440.802778092344,61772.455644966336,9771807877.160166,603628568663009.0
2024-07-18,63644.76015434226,64276.07654415084,63422.38175362132,64115.87851224549,10954101292.914795,702331827707356.2
2024-07-19,64997.92339405963,65112.65019180267,64958.78774683336,65066.46124644501,7270561137.592854,473069684499094.56
2024-07-20,64410.818443531236,64527.618571511906,64358.34232919357,64492.03490705645,8607178545.55552,555094459211233.9
2024-07-21,65575.27602884137,66156.02872938491,65338.25464833501,66009.93789367277,6781020726.605119,447614757018911.7
2024-07-22,66704.96486582252,67411.58611514236,66390.28521615053,67147.22680469582,5303649407.849731,356125349681476.6
2024-07-23,68386.31632945518,68643.9865013622,67383.17945260352,67742.05238479647,4180463091.568651,283193149741751.75
2024-07-24,67979.76185783216,68978.59570827577,67625.69313903556,68542.31361164032,6058902630.023592,415291204209469.4
2024-07-25,69226.79689546667,69285.07535409123,69014.11585986453,69102.78636724805,6515355071.019972,450229189579459.3
2024-07-26,69197.9991207661,69523.66324089677,68296.18708306787,68605.88226525257,5281141987.814645,362317405442093.44
2024-07-27,66954.58486808886,67857.32086297574,66615.05538402514,67625.81208729156,5711788044.295332,386264304965954.7
2024-07-28,68466.37942520384,68733.76421922335,67507.23524852443,67814.4812319083,5720438162.575679,387928546414280.4
2024-07-29,66328.869076698,66525.95405649931,65727.0067811783,65965.51844838377,7113088630.911445,469218579307377.75
2024-07-30,65934.5857112525,66371.03392522775,65867.0322685707,66261.06394647976,8726146856.070404,578203774836454.4
2024-07-31,64600.0,70000.0,63000.0,64600.0,14000000000.0,904400000000000.0
2024-08-01,61812.14371071213,62667.21250720136,61628.30208176398,62289.43179695484,13508483202.204794,841435743104045.6
2024-08-02,60069.326191784974,60094.404084716945,59888.682011480574,59964.14520939296,26927425626.56518,1614680060386483.8
2024-08-03,57876.24877975641,57946.40514091175,57842.4551061431,57934.07246627375,23650212495.501045,1370153124557130.5
2024-08-04,55566.215905789846,56088.082660570995,55418.830067479204,55893.93646404608,23150411461.083797,1293967627322342.0
2024-08-05,54500.0,62000.0,49200.0,54500.0,32000000000.0,1744000000000000.0
2024-08-06,53377.41329301888,53427.03231378831,53289.27016745949,53308.03578116923,40717894253.427315,2170590963795568.2
2024-08-07,51599.654689211966,52247.040573777536,51413.502500502895,52000.043651014006,46789443347.93906,2433053096499478.0
2024-08-08,50094.44576837765,50155.688993072275,49841.291178208936,49951.75021118078,34615133864.72188,1729086520337172.0
2024-08-09,51327.72857216601,51475.83138128585,50639.96806632893,50918.86449915547,51444161156.02839,2619478271176526.5
2024-08-10,49015.05877014822,49108.89399348778,48991.666266617656,49077.11465234352,28568059478.620796,1402037930427242.0
2024-08-11,48608.21574680788,48920.39311619051,48543.77252206508,48821.13753402084,49546952892.52341,2418938601557537.0
2024-08-12,49382.26456155891,50039.1194728479,49137.62815136864,49795.366445989675,51308264917.628555,2554913853281230.0
2024-08-13,48363.439750444326,48793.91727250268,48177.37622463742,48608.49222150248,44983198214.75167,2186565440520060.8
2024-08-14,50080.85740439919,50703.11457862421,49941.02423087092,50493.40573953465,31419953214.197277,1586500445961659.0
2024-08-15,50724.56635408851,51277.01069300041,50439.933100240356,51097.53941802937,30591214243.617966,1563135775658650.5
2024-08-16,52589.44291113146,52864.02056841886,51919.132564705775,52074.64547867396,32297443599.43934,1681877925308271.0
2024-08-17,51465.38169585709,51734.973829575036,51311.052117975414,51662.39704843156,27488919719.92709,1420143485003333.2
2024-08-18,52572.09341966868,53398.60026405009,52174.38047925781,53102.68451540981,28756790015.91658,1527062747891104.8
2024-08-19,52940.51937204599,53041.000912617485,52682.28390366068,52780.40495211126,27699394263.242134,1461985246142107.5
2024-08-20,54271.15422826472,54640.9007489502,53548.1234139727,53780.76102768894,35145537250.60677,1890153740064622.5
2024-08-21,54999.12420896165,55106.91497484642,54961.153930033564,55082.420927627274,27696516317.90161,1525591170051554.0
2024-08-22,54903.45413590363,55005.98012911123,54866.099075901344,54964.89058701905,27101925944.95419,1489654394261900.0
2024-08-23,57212.76852822401,58067.12250205966,56838.329162860166,57769.63078507645,23653971692.266403,1366481211262880.0
2024-08-24,56753.07961484286,57473.64852726456,56552.42377870861,57168.983322398635,25966575993.11597,1484482749890243.8
2024-08-25,58623.654594368,58762.572979486045,58298.92939745133,58420.12807910762,18173971929.074467,1061725767802637.0
2024-08-26,59140.62302413669,59291.75630097411,58630.10961748664,58784.336422658125,13406101241.6473,788068765505209.8
2024-08-27,59636.782187254285,60418.22877738202,59416.49308841831,60128.59038527626,15310132681.720263,920576696763388.8
2024-08-28,59291.99101041442,60097.867363628466,58948.54896807821,59809.83203316465,17935895982.61092,1072742926084271.8
2024-08-29,59118.909454230685,59395.68315301973,58312.80718237153,58652.71532604306,13882382817.81543,814239447460479.9
2024-08-30,59879.95116668041,60248.19920453441,59148.926925624,59382.28218244517,11527017105.197058,684500582462683.9
2024-08-31,58900.0,65000.0,57000.0,58900.0,13000000000.0,765700000000000.0
2024-09-01,57901.044199439384,58079.78158348666,57853.99977150193,58031.30785550858,15853081454.98087,919975050372448.8
2024-09-02,56688.754432874404,56749.69277481775,56406.48762183812,56488.09608247912,9844832157.629015,556115824836028.0
2024-09-03,56339.09796558821,56559.01257916704,55938.10742646342,56038.260964953006,13599952354.24982,762117679138378.5
2024-09-04,55942.81859725993,56215.67489873647,55317.24730335783,55527.94124468609,16075031620.312332,892613411319174.1
2024-09-05,54867.296127724774,55650.93206168153,54462.71651228735,55410.83323223271,17514764903.02126,970507717143073.5
2024-09-06,53800.0,57500.0,52500.0,53800.0,16000000000.0,860800000000000.0
2024-09-07,53217.90708368534,53230.793709491234,53170.21828419069,53186.3733860105,18136806222.7195,964630947791278.1
2024-09-08,52595.43648273563,52756.20744849888,52305.44757347398,52371.12764741961,16572968552.248339,867945051546468.8
2024-09-09,52137.22169293248,52205.36790637371,51828.711994689016,51942.47397880658,21394258557.149757,1111270718400611.2
2024-09-10,52117.55530713698,52455.75604099272,51580.59077720934,51692.62569248179,14880961084.598207,769235951290523.0
2024-09-11,53133.93007398289,53258.750200234186,52550.4296748904,52651.29911174042,14261801612.700064,750902382582573.0
2024-09-12,52386.19792121794,52892.86115721131,52146.941806980496,52723.62955464117,12819376074.87621,675884035293403.2
2024-09-13,51774.39460326417,52172.697152299705,51688.565788041116,52006.31630394048,20033769946.60501,1041882576603517.0
2024-09-14,52058.410259233875,52414.414198791506,51928.48960642473,52350.00655006253,15686206162.399662,821172995347253.5
2024-09-15,53247.96762931115,53398.75145911711,52750.69898515768,52930.00208687586,18947626680.02201,1002897919714909.8
2024-09-16,53279.730394569524,53389.00245232395,53250.995407846174,53359.76746943262,18028171281.755558,961979027493579.6
2024-09-17,52968.49543922342,53048.18071056749,52928.41012793682,53032.00575157395,14413358307.630093,764369300669735.2
2024-09-18,52941.63195819881,53065.32150556795,52890.70812443367,53034.16775575285,15790750742.326023,837449323857797.2
2024-09-19,54226.654367709125,54239.629869843244,54174.552332956795,54186.37295325202,20604090781.773766,1116460947463855.2
2024-09-20,54727.52019512278,54845.2446572646,54679.44351226895,54823.90763163751,16935991096.805147,928497211541480.6
2024-09-21,56056.405744395146,56127.25111504083,55744.04308835899,55825.254390510854,18982716501.69531,1059714977730088.9
2024-09-22,57054.73523466255,57681.86855526447,56917.26138283416,57473.217563025166,11461625133.312233,658736474912691.2
2024-09-23,56464.26255669503,57123.209348272794,56253.428722808436,56869.528894596806,11893250837.730673,676363572167012.1
2024-09-24,57314.94245425854,57422.27233389298,56765.9538579033,56963.86611658857,13231745333.228218,753731369650807.9
2024-09-25,58944.73239520579,59217.865842967236,58871.92741802065,59162.86157417671,11543819787.023203,682965412096895.9
2024-09-26,59848.497106313625,59916.16364895491,59620.493705120425,59659.63405439463,13893035987.147755,828853442897770.2
2024-09-27,61529.98101987097,61842.47029048738,60693.16757250429,60965.59749527589,13862889502.415842,845159341525769.8
2024-09-28,63049.653582922314,63211.650091656564,62497.43549269762,62638.27278570114,11004090400.482185,689277216263918.5
2024-09-29,62766.41170113396,62919.437612624424,62388.1611873611,62461.537621545336,14067372962.606373,878669745540147.6
2024-09-30,63300.0,66000.0,62000.0,63300.0,12000000000.0,759600000000000.0
2024-10-01,64637.69724969698,65074.52538559745,64513.09475114877,64910.975226945644,14340839859.477695,930877900852151.4
2024-10-02,65856.83493141149,65877.42213390819,65798.91352993896,65823.35454258225,11255258594.575182,740858876939168.2
2024-10-03,65540.8868201669,65650.73608177333,65066.765789783225,65210.05516324428,13382356811.86159,872664225915712.1
2024-10-04,66914.78256055177,67086.17380303142,66861.43993849328,67043.75999812472,9311282981.667574,624263421497544.0
2024-10-05,66617.43319646317,66730.75583242565,66142.35428124023,66294.79906425209,9737209995.3066,645526380085278.1
2024-10-06,69010.79844222225,69198.80100835129,68972.55052682439,69161.44279274282,10801078344.482233,747018162021841.2
2024-10-07,68670.77762552947,68833.84624864,68644.80929543992,68782.5368801957,10168227697.603558,699396496616644.0
2024-10-08,68664.04536877437,69275.83880931897,68531.17781820272,69148.70961689737,7551884894.785116,522203095649729.5
2024-10-09,69608.91804191175,70183.20966069262,69479.61730968571,70034.04901789968,12523997118.013414,877106228062985.9
2024-10-10,70899.32165739841,71435.90810315753,70774.08878923468,71283.54733778704,9710607424.554771,692206544026916.2
2024-10-11,69687.4025330769,69809.72391650717,69273.42816117752,69449.37451249023,7769663230.9048605,539598251559036.56
2024-10-12,72586.10714285,72702.53968506173,71979.67600020992,72164.7214372594,7810124880.029475,563615486357536.1
2024-10-13,70707.3792748251,71223.32653036973,70557.06111154576,71043.77699398132,12412894187.920933,881858886536541.5
2024-10-14,71754.76659298422,71982.63841675558,70634.39205203534,71081.35303563441,8917258120.490555,633850772572466.9
2024-10-15,72008.87387444363,72206.06380210274,71192.45498086764,71497.11300403418,10396098733.166327,743291045926289.5
2024-10-16,72776.78962992631,72786.76571251224,72775.2520659095,72782.87504592325,11190468580.643335,814474476410294.0
2024-10-17,73657.38468409512,74501.55932620435,73243.3269570385,74314.64091099658,9982944807.245728,741878958584764.1
2024-10-18,72591.06908158193,73389.59726133423,72444.5753661799,73121.98347658805,10474795819.275541,765937846817699.8
2024-10-19,74027.06828381002,74562.37981406157,73741.08040929567,74386.70664974271,12139576316.61439,903023102316158.8
2024-10-20,74651.26268853318,74862.7575317665,74622.69703279597,74778.61424815952,8707305683.493479,651120252846765.8
2024-10-21,72865.82244681494,73110.27390048378,72807.44438958775,73008.99026644316,12713136699.740562,928173273567320.0
2024-10-22,74702.8910723149,74756.15094503517,74504.13862247461,74574.35120947803,10917589947.523527,814172187107686.4
2024-10-23,73461.71477852113,73659.82256760643,72570.2179652605,72744.7368641462,15374723919.861547,1118430245909222.6
2024-10-24,73582.60889751907,73670.24509583315,73266.18793966927,73362.08690405113,11183345336.166784,820433552429882.5
2024-10-25,73275.74038409804,73489.7348998825,73209.28090111414,73406.84442011648,17229781228.3839,1264783870024620.2
2024-10-26,72395.27755596708,72397.72323488904,72387.49400085025,72390.83518720797,10372078392.254099,750843417442467.5
2024-10-27,74299.8295819908,74479.93313306243,73399.31588377303,73778.02721219118,10583241165.981972,780810654736999.9
2024-10-28,74651.32180943334,75032.33717070773,73713.13046229737,74010.22566469226,11327428817.095804,838345562953998.6
2024-10-29,74224.33226510034,74278.04517194192,74197.24666361991,74268.45333707966,16160248544.899351,1200196664972466.8
2024-10-30,71197.00116225354,71703.87267913569,70974.16159496609,71606.19935794784,18399117705.444027,1317490890426373.0
2024-10-31,72300.0,73600.0,69000.0,72300.0,18000000000.0,1301400000000000.0
2024-11-01,72343.64134687121,72670.35246831855,71628.1398663244,71887.72631981678,13382337663.573914,962025827478377.8
2024-11-02,71986.58385256815,72168.61486916234,71916.87977907236,72104.83691438434,18107100881.752956,1305609556071102.0
2024-11-03,72146.19717876175,72999.00984835683,72038.39724536777,72678.23841677961,26317713329.955273,1912725043978948.2
2024-11-04,70163.65988317953,70965.93239657537,69920.57189396,70736.7916795425,18369373213.167007,1299390526263562.8
2024-11-05,72966.12352589685,73067.9160657841,72933.44736839877,73049.52548689737,27882404726.54394,2036796434707659.5
2024-11-06,74500.0,75500.0,67000.0,74500.0,25000000000.0,1862500000000000.0
2024-11-07,77950.77809797105,78166.76844057316,77466.84990943893,77601.77057022233,20266073502.094315,1572683186268785.2
2024-11-08,79867.14264794342,80282.1586343081,79079.36435272211,79340.66134511783,20129305025.671455,1597072373154377.2
2024-11-09,81791.55083544701,82243.451218796,81719.9734845001,82083.63630238439,38649655802.32812,3172504290090641.5
2024-11-10,86526.58107077205,86999.84472941542,85355.82889438917,85818.43443765222,34785459645.09168,2985233687935897.5
2024-11-11,88700.0,89900.0,80000.0,88700.0,35000000000.0,3104500000000000.0
2024-11-12,90954.90869480374,91099.41919394986,90571.31248806696,90704.55824507015,48045570301.20001,4357952229802809.0
2024-11-13,91000.0,93500.0,87000.0,91000.0,38000000000.0,3458000000000000.0
2024-11-14,92498.48516415597,92867.1116842705,91821.137192334,91988.96493195853,27270796683.32498,2508612359768952.5
2024-11-15,90890.4109746436,90908.25939333682,90852.89088391939,90864.82217657224,34309243543.939724,3117503313632792.0
2024-11-16,89886.59519197472,91201.41011886828,89302.7061522882,90724.52182444412,22884752647.85262,2076208241047110.2
2024-11-17,91023.38287151673,91074.15854774715,90806.66662314448,90853.28635949957,32386612310.298702,2942430162441662.0
2024-11-18,89975.31480723544,90617.84665267194,89679.12111085783,90468.50980740062,24560099538.12116,2221915605935249.5
2024-11-19,91693.00365595662,93015.60921652589,91362.7105858124,92454.82022919544,20981060864.15247,1939800210413024.5
2024-11-20,94000.0,94500.0,91500.0,94000.0,28000000000.0,2632000000000000.0
2024-11-21,96644.58407637253,97010.4781112071,96483.255875524,96857.54269097323,31717954774.061245,3072123158598995.5
2024-11-22,99500.0,99800.0,96500.0,99500.0,42000000000.0,4179000000000000.0
2024-11-23,102186.08469598288,102620.03918521556,101415.16323604179,101613.95114536959,43036732747.14414,4373132458824632.5
2024-11-24,99165.25048595255,99295.01835451172,98182.45491073467,98526.61184465366,32288126274.911137,3181239684679332.5
2024-11-25,98200.0,99500.0,92500.0,98200.0,30000000000.0,2946000000000000.0
2024-11-26,96805.39216797394,97004.25923903912,96367.44883784956,96525.64862994112,32981038540.22125,3183516137583942.5
2024-11-27,95649.2908955057,95666.83024707875,95604.27966548555,95611.99866926896,27905043097.73858,2668056943526874.0
2024-11-28,96000.0,98500.0,90800.0,96000.0,28000000000.0,2688000000000000.0
2024-11-29,96348.89827735293,96462.35773883313,96076.1428650029,96172.10624001735,21583452191.502987,2075726057187560.8
2024-11-30,93884.66861036058,93950.65865282774,93659.06768210024,93703.86778917669,28983884348.33706,2715902066993363.0
2024-12-01,94706.06736693761,95237.35290705581,94515.24441291673,95031.55807802259,28154186307.63352,2675536191233343.0
2024-12-02,95785.44254488076,95950.87010247358,95350.32040758283,95501.43075870813,22802075229.370037,2177630808672536.2
2024-12-03,94803.86798176618,95219.86793630621,94641.10488156894,95039.48647210594,34907262370.61559,3317568289850373.5
2024-12-04,92620.53206168262,93395.82009992834,92352.23995773362,93172.64071903138,29842642870.98717,2780517842324850.5
2024-12-05,93384.19942612866,94508.3334746559,93217.61754009825,94013.39265775116,43798461882.5406,4117641994768837.0
2024-12-06,95452.7014858789,95483.42652191473,95381.97327984525,95404.31149973308,38275043591.143974,3651604181435362.0
2024-12-07,92818.12949344255,93391.41654023607,92633.24800046832,93188.72423889466,37894427289.96815,3531333334915686.0
2024-12-08,92713.1131916479,93022.38853931743,92655.88410557025,92960.46643183581,31335498080.15475,2912962517405081.0
2024-12-09,91443.71739455298,92676.5135431654,91280.5936575172,92174.15199919754,40887543919.741394,3768774688132108.5
2024-12-10,93653.63622502536,93992.81524487928,92698.02253463455,92962.83741089754,38226771809.558464,3553669172475465.0
2024-12-11,93571.24553227302,93603.54028448908,93355.13843304664,93451.0654721852,36563485665.35152,3416896692804070.0
2024-12-12,93825.42034420864,93989.74796353414,93157.65878505423,93432.61124346302,37607879578.44504,3513802392343827.0
2024-12-13,94222.21209757254,95495.42819586566,93743.97023139366,94967.79817185167,32266914716.303978,3064317844406306.5
2024-12-14,92626.00740835509,93235.94200161898,92505.05530636251,92967.58454036634,38279166778.14457,3558721673581938.0
2024-12-15,92528.18219769196,92822.20552760079,92381.07929072056,92718.76091999808,39963525584.19924,3705368574161596.0
2024-12-16,96006.98105957857,96027.2746845029,95881.40606428846,95916.57461867732,41576203089.17188,3987846985963837.5
2024-12-17,97346.60295493033,97580.56307104751,96421.86132359724,96652.38682589833,32776192112.08319,3167897198697022.0
2024-12-18,97485.2512352043,97939.25158874824,96505.0255054301,96802.47212609537,40163106393.94979,3887887987197727.0
2024-12-19,94856.91265979537,95563.56611284212,94754.27842292245,95327.06937396414,31271026988.302387,2980975359109006.5
2024-12-20,97717.93856007369,97939.99375632187,96978.78882482607,97228.52948707141,37044910557.88967,3601822178523699.0
2024-12-21,97521.88840125517,97884.53363775872,96621.53686453677,96970.73162746955,33057548281.610783,3205614642678196.5
2024-12-22,95672.39501966523,95753.1346323873,95634.69678393475,95730.12902766095,36037122369.360504,3449838374204488.0
2024-12-23,95081.43414748172,95425.39258764715,95016.88644445795,95273.81016359676,42775749702.478035,4075408656759423.0
2024-12-24,95908.03936813246,97146.94898739959,95392.38356307174,96738.00390916599,40292789328.11555,3897844011534443.5
2024-12-25,98360.34219149896,98882.27749910692,98042.64040131883,98777.30685291709,36928715791.61535,3647719091432554.0
2024-12-26,98533.08462681013,98758.82785835805,97600.73678234898,97960.9863417981,30995327263.09096,3036332830679216.0
2024-12-27,96489.04244523797,97653.7983870981,96258.68638341808,97179.57986747065,44627552241.25868,4336886777319116.5
2024-12-28,100131.42688981605,100160.55521207987,100049.34668054114,100075.84034659907,35153091101.80762,3517975132793951.5
2024-12-29,98770.72456980897,98931.15772446587,98413.48517114043,98568.05380237379,47477773627.904106,4679791745372175.0
2024-12-30,100467.64129502155,100570.71383660499,100419.99615168362,100532.28519651324,36239038047.25924,3643193308214360.0
2024-12-31,100976.22524984932,101242.09602270734,100869.6004499771,101146.58429328109,48814755753.79414,4937445807607068.0
2025-01-01,99092.19994394504,99340.96419411241,98431.50026596195,98606.79619975257,44426899886.88822,4380794262933197.5
2025-01-02,100457.38390268054,100584.3189066691,99977.43265651808,100135.00162682789,40417768703.914314,4047233334919213.0
2025-01-03,99232.15184188711,100302.35125540032,98926.8800165024,99834.40781921348,42643710993.75117,4257309634274831.0
2025-01-04,99842.80409408026,100261.82631765059,99713.54970031987,100132.92570026308,37994154844.7844,3804465884117087.0
2025-01-05,100918.42891709383,100925.78749246083,100915.56995705434,100924.17389270918,29344636160.44755,2961583162675290.5
2025-01-06,100339.68052053648,100824.2751865451,98966.13520365157,99478.89813565233,34066192834.481888,3388867326850913.0
2025-01-07,103148.44562623919,103336.15573954828,102745.17865314674,102864.68210696978,45643252329.258514,4695078641177385.0
2025-01-08,103433.45483582989,103653.9827924035,102442.78513761023,102706.39939170089,30784700036.05715,3161785697056994.5
2025-01-09,101364.40217110829,101521.17482751705,100473.22047774022,100648.9728419991,30145019851.151867,3034065284320108.0
2025-01-10,99966.64560214126,100871.48769053203,99676.7345432517,100505.63801382079,24208407383.353676,2433081429362451.0
2025-01-11,101370.72438548529,101608.03604464766,101257.40063035683,101557.8245141661,38057699779.52759,3865057195622080.5
2025-01-12,103305.03014681888,103399.02440134964,102472.20738153304,102835.13334378492,39772325955.28891,4089992443004613.0
2025-01-13,102635.19410668033,104402.49157901715,101946.60051102897,103639.16055232489,39652341762.45388,4109535414194615.0
2025-01-14,100833.1977170345,101205.06894748274,100062.98725658903,100353.95134311647,33866783788.056324,3398665572414450.0
2025-01-15,102000.0,105000.0,98000.0,102000.0,32000000000.0,3264000000000000.0
2025-01-16,103648.04131459801,103832.73297089679,103590.51045476936,103766.46557846504,39690050121.60158,4118496219750722.0
2025-01-17,100138.12527259461,100139.49803319815,100134.36885512838,100135.88282798162,32559668198.879314,3260391119680938.5
2025-01-18,104322.8840649311,104540.984361061,103005.25711273961,103408.76824300698,21796342939.1248,2253932975537058.5
2025-01-19,100977.41465503437,101032.95424649109,100850.34056731878,100903.01236995547,23323066524.759895,2353367670053142.0
2025-01-20,99948.03590581608,100040.53043808078,99705.81830388251,99769.9120151445,36636263249.41425,3655196760957732.0
2025-01-21,102751.19083552984,103098.94000379641,102664.89042471467,102951.71722875621,33208043696.01246,3418825124312055.0
2025-01-22,100141.5050806626,101479.54351163954,99781.65699965197,100903.1560940925,32632677630.532234,3292740164721794.5
2025-01-23,99260.86002939721,100476.31827283435,98780.84468444384,100225.26586656088,31356766278.428288,3142740236971086.0
2025-01-24,100230.8739594552,100472.57350024619,99597.57962983706,99840.52056886516,27575805055.50082,2753182731846745.5
2025-01-25,101877.46857933597,101909.83763902987,101870.43119569164,101899.48596462404,24117794353.638336,2457590847236258.5
2025-01-26,98388.8912643967,98480.3847829054,98026.58421000619,98126.82338096073,31204186058.08913,3061967654068749.5
2025-01-27,98470.49450083739,99134.686078169,98131.15285947642,98980.84788477172,20562950876.364388,2035338312755456.8
2025-01-28,99207.66075203127,99216.08080415323,99185.93852295536,99193.91224551102,30903806743.67334,3065469494184165.0
2025-01-29,96883.29909567002,97425.11675595066,96769.39332900001,97279.34134001224,22429566384.25109,2181933444402026.0
2025-01-30,98081.32514583261,98106.99509617875,98020.02081895352,98038.414786716,28663087512.270676,2810083662595932.5
2025-01-31,98500.0,105000.0,95000.0,98500.0,25000000000.0,2462500000000000.0
2025-02-01,97162.57546503138,97786.56126566479,97074.90232394375,97571.82354566517,18468861524.34358,1802040497742576.2
2025-02-02,98480.16754906141,99027.44393942955,97396.80245847814,97615.46494401898,29485636985.18346,2878254163479245.5
2025-02-03,98790.03583873363,98941.43052776836,98474.53552054956,98571.31294463052,20116371623.60886,1982897162621234.2
2025-02-04,97538.26583995487,97588.04762727376,97391.77064560099,97443.08001798458,30349933905.641582,2957391038107976.0
2025-02-05,99438.35635153731,99943.3025204131,98128.57661397423,98696.71560145968,17984556237.684227,1775016632209178.0
2025-02-06,95956.7677058159,95972.9745885117,95951.99367068885,95966.25695360999,26986682349.49965,2589810892677534.5
2025-02-07,94756.76806007334,95529.66011986074,94615.85157180722,95228.31235512701,21228757197.74851,2021578721338345.8
2025-02-08,95182.38978293899,95648.22898610185,95061.78480132755,95469.06104452691,23908555083.28117,2282527304732204.0
2025-02-09,95170.2496130104,95413.72698677376,94253.24448663747,94593.19763424867,26100351478.429302,2468915705722417.5
2025-02-10,95507.18832665194,95922.62430131271,94444.6094873601,94778.01370672112,18499955554.66042,1753389041133336.8
2025-02-11,97844.50288188645,98005.80817355317,97147.94867793162,97347.89582261711,26960300901.792877,2624528563534143.0
2025-02-12,96681.1188288079,96918.68822690322,95847.9065130753,96169.90979967508,21087716038.1855,2028003749273461.2
2025-02-13,94344.07866979827,94540.23196231479,93997.9275741747,94094.39536236091,22006582682.90423,2070696091539675.5
2025-02-14,95708.12193778751,95764.1714476055,95576.57924732915,95628.73807016037,16501276674.302189,1577996264910091.0
2025-02-15,97121.27809742017,97471.69285308961,96345.30886961182,96633.46761069298,27163178749.784477,2624872153920762.0
2025-02-16,92775.06077804712,93264.14255912043,92684.09594522991,93058.4463873757,16669378765.738089,1551226490182297.0
2025-02-17,96032.79186337601,96223.26782116816,94936.62226071123,95392.73303771342,24758014974.33337,2361734712990294.5
2025-02-18,94787.48422734867,95068.33162281789,93968.73356465201,94165.52060071376,19349574693.556934,1822062774421185.2
2025-02-19,93954.17801458696,93994.38371830812,93855.63827862422,93895.34170490828,23261875589.167885,2184181757141983.0
2025-02-20,94131.78769153159,94849.97979355883,93708.95501121026,94715.66533093898,16506679909.532238,1563441170036189.5
2025-02-21,92867.37745219993,93028.42589809622,92243.7404370049,92506.0139028112,19438437104.914627,1798172333076153.8
2025-02-22,91058.33481539627,91622.14822574092,90903.2202848514,91422.82731437849,22559150596.79179,2062421329369554.2
2025-02-23,95215.49150458408,95495.63375537144,94064.58034237789,94436.41927407232,22728412756.795757,2146389916534938.0
2025-02-24,95437.20972682584,95758.77643096106,93895.3715725684,94494.8741107483,20446140690.673145,1932055490615807.0
2025-02-25,89906.63989254761,91222.318289648,89467.28928867543,90797.81587472462,15730241235.739428,1428271547387669.2
2025-02-26,92720.82178131334,93309.98195884035,92574.84839664913,93104.40562261613,17630758528.56053,1641501293477498.5
2025-02-27,91372.51243988259,92120.61983976114,91215.45307635378,91864.403392197,22126964770.18365,2032680417493082.5
2025-02-28,92000.0,99000.0,88000.0,92000.0,22000000000.0,2024000000000000.0
2025-03-01,90844.5741697352,91046.53511353093,90452.56775701717,90534.99029645053,21557505721.391254,1951708571301834.0
2025-03-02,90190.83572490403,90254.22797031308,89922.77197671527,90014.07967538918,22192287659.670395,1997618349576727.0
2025-03-03,93022.35162097764,93072.50824203556,92890.89399391963,92931.12443968894,27851666505.175365,2588286685845168.0
2025-03-04,91790.33338834015,92465.52456410365,91608.55566891002,92185.98588592689,26237162269.669186,2418698670678497.0
2025-03-05,91573.43722020013,92502.72568995402,91358.76721399209,92146.8297387403,19228895598.393173,1771881768769148.5
2025-03-06,90437.65978267168,90574.90113570642,89950.04111510907,90031.494852291,24681802926.012096,2222139613078519.0
2025-03-07,88674.42581993781,89623.63232318807,88371.85539021183,89381.46467618989,21511185590.73201,1922701275020978.0
2025-03-08,89566.49474355843,90092.30065793746,88402.44539555411,88731.40211155181,19421244822.744118,1723274283873802.0
2025-03-09,90228.35593745681,90293.76203129218,89929.90390758742,90001.11244766819,26445511028.341633,2380125411797824.5
2025-03-10,88908.9562142899,89276.84613007859,88781.27921605595,89122.50264649029,19651132728.02188,1751358128559662.0
2025-03-11,89608.89578897106,91035.52676398061,89181.08559132682,90478.0583906658,25741457687.243465,2329037111687267.5
2025-03-12,92048.96590887776,92628.45094520251,90877.41689886653,91271.7168701573,19808184480.395576,1807927005606508.8
2025-03-13,89685.09029948781,89932.93506425121,89235.75486682053,89345.7622362548,26985371597.8004,2411028594634058.0
2025-03-14,91298.65347158536,91929.29316714764,90113.88367203798,90432.56987057436,16431332914.838932,1485927661887840.0
2025-03-15,87400.15063388948,87974.9664792618,87149.99937482276,87766.62312018193,26603282309.434002,2334880252211897.5
2025-03-16,88555.74605179291,89715.7979951743,88325.96619413055,89440.07348613406,19646509977.190178,1757185296105955.5
2025-03-17,88050.94436289546,89194.41381872461,87801.40275494519,88862.44119021241,23220265480.453896,2063409475677953.8
2025-03-18,88589.16525286436,88601.25063076607,88582.74667911456,88597.4621448348,17629048177.93648,1561888928594196.5
2025-03-19,89077.45063553414,89300.97482277712,88341.97166462599,88658.94959621945,19645694211.855423,1741766612911630.0
2025-03-20,87629.35854552515,88767.61451012215,87358.19032472237,88356.49304943973,16817093513.356886,1485899406124695.5
2025-03-21,88594.92226366777,88608.96950124431,88502.29759909984,88537.70872990544,22605012609.6018,2001396022264763.8
2025-03-22,87134.56259646156,87221.55555218676,87106.97218379768,87187.86077612388,19644212805.47024,1712736891139889.2
2025-03-23,87769.51783173037,87917.13949633243,87459.55681902017,87576.16041225538,15545190678.950165,1361388112538836.8
2025-03-24,88680.67944809428,88857.22088111474,87447.23944764059,87992.88459408234,26376204858.96468,2320918350184753.0
2025-03-25,87336.98913366297,87650.6304235129,86055.92394125983,86586.43484898719,19668107954.26026,1702991347984403.0
2025-03-26,88052.95398468933,88209.67175262558,87765.24157944425,87817.17699906381,21729597949.7409,1908231949270890.5
2025-03-27,86621.60079767993,86998.74109686122,86492.71705469496,86889.30759222222,18435732029.727306,1601867991018759.2
2025-03-28,85976.72875087034,86725.48520491038,85680.83208394528,86590.43196299742,25914425048.206245,2243941258996899.0
2025-03-29,87387.22525073792,87881.99452161224,86163.86379734162,86614.16868919854,22011324063.20313,1906492535482891.0
2025-03-30,88424.70325358854,89477.70436944936,87991.51181912709,89125.37151604303,21174177625.194622,1887156447392156.5
2025-03-31,88000.0,95000.0,82000.0,88000.0,20000000000.0,1760000000000000.0
2025-04-01,88448.78960124624,89680.86630524852,88051.6234557407,89211.95917794487,18428645742.498245,1644055591684561.0
2025-04-02,87744.32297348352,87899.71698271217,87427.50381995928,87532.78663222685,23579137674.332043,2063947627019208.5
2025-04-03,87123.09336803522,87986.90464047522,86961.91006713538,87821.4593384059,18186798074.606167,1597191147604824.2
2025-04-04,88060.07799312721,88306.83939285162,87589.81890070003,87677.91272638664,16199893186.5946,1420372820991027.0
2025-04-05,87638.85540846258,87662.75943964453,87532.10653023307,87555.48160442724,24455716441.113773,2141232030983026.0
2025-04-06,88973.23481630255,89799.04774096361,88736.82002828005,89545.15091603338,22517710588.681526,2016351792947050.0
2025-04-07,87974.88172941485,89059.04224741636,87685.84214947445,88634.58944488263,16321570594.819782,1446655708767520.2
2025-04-08,88296.35396129086,88301.92390702458,88294.98652951831,88300.3158841344,17737125842.717342,1566193814788584.8
2025-04-09,87665.3637108817,87809.13829371327,87082.62680594294,87190.18098052291,20477678300.79224,1785452477107002.2
2025-04-10,90612.57813884277,90892.97194892124,89864.70708000187,90047.38826561076,21262563345.209053,1914638297068183.2
2025-04-11,89512.66255400752,90308.00432547682,89392.76037923287,89969.21903197339,23834451190.01471,2144366959621312.2
2025-04-12,91084.20387834015,91344.48009104976,90527.20192385338,90743.19341575482,14946447551.035263,1356288381002028.0
2025-04-13,88690.96561452986,89790.17886060139,88196.50801280067,89457.6119378475,16992756876.111952,1520131450377412.8
2025-04-14,89448.7604939304,89571.91653743488,89239.58229006013,89278.49618376566,16876448305.714403,1506703925657241.8
2025-04-15,89240.0221823526,89331.51606369286,88684.71134904149,88892.71080405955,15704780328.331003,1396040495967611.2
2025-04-16,90063.84153308399,90228.34039232972,88924.14403351487,89284.64982655746,12775959934.253859,1140697108927983.8
2025-04-17,90575.73853857855,90576.48417293906,90573.31132748493,90573.84123797719,16509420244.598322,1495321608165295.0
2025-04-18,92048.70085358342,92316.72080811094,91245.39081860172,91531.73727429924,14565952704.751373,1333246956121171.2
2025-04-19,89801.79003173833,90626.89698392818,89597.01865898434,90413.17183788795,17896684526.891342,1618096013458297.2
2025-04-20,92529.26718548525,92788.26626969512,91235.66453732835,91713.11688917843,20995025127.418694,1925519193602189.0
2025-04-21,91559.91256154663,92171.94958809672,91459.12511336435,92010.75855708848,15544028759.58955,1430217877203033.8
2025-04-22,92165.73666495035,93286.50403256649,91640.74502907929,93007.42079207799,20553674791.66272,1911644280171700.5
2025-04-23,92633.78475143577,92791.97110625432,92160.0904902689,92268.26523943829,16490343427.657644,1521535381272543.5
2025-04-24,93901.759612728,94102.95931399256,92647.08003204095,93067.77318849112,15766563480.605036,1467358953974896.5
2025-04-25,92262.8028542399,93493.55936429158,91649.18648073792,93149.63310273529,18163044741.950806,1691880953741282.8
2025-04-26,92891.22998310524,93442.99919522268,92719.21112663996,93291.4033238544,21185872206.17558,1976459748753963.0
2025-04-27,95479.80485470007,95648.23085231893,95396.7735711628,95597.09219799806,16919570741.005136,1617461764078418.5
2025-04-28,93907.7794543472,94744.10999402861,93643.99441516968,94415.84686621366,21072030778.78848,1989533631170234.0
2025-04-29,95122.50364159603,96011.00095047336,94751.68364778678,95667.80098380557,16226438735.433979,1552347711617411.8
2025-04-30,95000.0,98000.0,90000.0,95000.0,18000000000.0,1710000000000000.0
2025-05-01,93217.09921196918,94594.37998857176,92831.73423966485,94153.67946395391,18742894623.680595,1764712492624688.0
2025-05-02,95298.46141927465,95539.84386703848,94389.25580398375,94617.84583246752,18099316981.322563,1712518383811739.5
2025-05-03,95677.13202787456,96424.55747565745,95511.63604219581,96225.45308690066,20921215118.54293,2013153403910309.5
2025-05-04,97621.60304234027,97741.46772110365,97574.37996098914,97695.2095490351,14641495169.877674,1430403938732384.8
2025-05-05,99520.69011209783,99725.56923362648,98687.879428987,98885.78022080912,14670156297.135862,1450669851403495.8
2025-05-06,96568.82731231708,96798.60708292549,95772.473814994,96091.90053414428,21983598670.109848,2112445776790742.0
2025-05-07,98706.02105856566,98783.36674437801,98197.60027146233,98339.47716552445,21004880610.83864,2065608977194133.8
2025-05-08,95525.55088822512,97066.70885662855,94975.771339161,96426.2162123171,16891341720.599634,1628768168866672.8
2025-05-09,100106.44143545821,100330.02430038464,99395.29719130296,99524.31046869708,25101245063.21515,2498184106822274.5
2025-05-10,97813.20489579166,98973.312489919,97300.25093296898,98589.1373657003,16828831087.092575,1659139939749537.2
2025-05-11,98194.42758835181,99106.0966703468,98032.69314539427,98702.32014317275,21413740003.51547,2113585821289649.0
2025-05-12,101015.59779779405,102296.24899148951,100463.47659856551,101734.05064468605,25566078777.396275,2600940753125666.0
2025-05-13,99556.34252574234,99731.11663786945,99079.40179387889,99290.13563187295,17024649225.680307,1690379730702858.5
2025-05-14,101577.34606266988,102006.21712499132,101428.5735586061,101905.88826197726,25120729080.060917,2559950210692090.5
2025-05-15,101152.73468230462,101213.197860943,101043.54494464277,101076.88032413233,23146789307.34812,2339605252706732.0
2025-05-16,100830.11289952417,101180.55695442067,100664.84918649662,101046.78621702056,22496012291.742542,2273149744779175.5
2025-05-17,102205.1828626257,103328.44286684418,101780.7697837697,103051.84328912561,15824886654.469215,1630783739584536.8
2025-05-18,101330.2339727574,101337.6010846899,101282.3343807345,101294.98070641566,22697664627.561535,2299159500529539.0
2025-05-19,103817.3460920186,104332.05943433694,102547.37218752771,102940.80168002378,28667229488.014515,2951027585441432.0
2025-05-20,103506.74004751399,104305.51249532637,103128.44965317614,104131.510531323,23880215298.113567,2486682890805773.5
2025-05-21,104953.7501974325,105240.67352801157,104059.82989344413,104454.86322058542,23779856517.1707,2483921659906212.5
2025-05-22,102606.51064442343,102841.49799861092,101491.25821577024,101937.24459103507,30017628078.83084,3059914295514501.5
2025-05-23,104818.53806275003,104914.22678350536,104533.49107467606,104617.60914586081,21692362549.89649,2269403106695379.5
2025-05-24,105133.05776127508,105452.21581877566,104439.63480514176,104607.35742617317,23923220913.32486,2502544920865474.5
2025-05-25,105421.20345668247,105499.20615993913,105387.24035380087,105472.45446682116,26555666820.617657,2800891359573669.0
2025-05-26,104892.69124569073,105137.56969090097,103413.48814849857,104069.68174544898,18818489667.98956,1958434230677693.2
2025-05-27,103385.54778513878,103663.1964102285,102074.9570993099,102585.34332756704,29147617064.952,2990118303788553.0
2025-05-28,107303.83430105344,107697.09454465815,105604.95519215288,106259.10701118305,19006746413.28391,2019639901063554.5
2025-05-29,105202.70070677722,105508.51146085873,104072.32327916108,104475.60961105276,24886705316.056057,2600053709105584.0
2025-05-30,106559.74105095601,106792.80592807538,105017.85454520656,105561.35361375373,30357994266.999954,3204630967823090.5
2025-05-31,105000.0,110000.0,100000.0,105000.0,25000000000.0,2625000000000000.0
2025-06-01,104056.87552963315,105415.90674567099,103703.70416042411,104941.47510612154,19859606267.80096,2084096376769809.8
2025-06-02,106520.72962056847,106555.68504602878,106443.29021896976,106474.73357274785,27965099838.61302,2977576554651615.5
2025-06-03,102741.58330642169,102937.4123588309,102630.7125152389,102890.1083537635,20164340709.86184,2074711200519889.0
2025-06-04,104037.55164692653,104050.08991907189,103991.11620826725,104002.53031799124,26514355127.16594,2757560022975062.0
2025-06-05,102171.43243061472,103467.96218813403,101595.3792294265,103082.3344075662,25794671208.837498,2658974923482607.0
2025-06-06,104500.31567854405,104557.85671266289,104258.54039648826,104363.07497001273,18249779757.667637,1904603133035688.5
2025-06-07,106091.67914815921,106653.77646121244,105012.16444485915,105267.88914445452,21767931487.82854,2291464198764815.5
2025-06-08,104408.2318719881,105885.1172825105,103855.5594859517,105283.62189716272,28093994111.470085,2957837453613132.5
2025-06-09,102971.7387886221,103243.17358667827,102213.30245798096,102525.21983405277,17806324864.054867,1825597371123785.0
2025-06-10,101743.12148992486,102077.13483730325,101604.51050941295,102002.19257500175,30529035524.5549,3114028560704718.5
2025-06-11,104024.70229083161,104167.35528857273,103097.33708316859,103311.95235201965,17420235948.986645,1799718586322648.0
2025-06-12,103650.14742582612,103866.83732776443,102337.57069371846,102810.82127444132,23377454595.35125,2403455306254024.0
2025-06-13,104285.3199409974,105338.20543878477,104112.5978196027,105078.62331761653,22943319472.68646,2410852424526156.5
2025-06-14,102838.68476137405,103263.84992431782,101654.14789795276,102083.45921506002,24144783122.373867,2464782983129322.0
2025-06-15,100929.78735665797,101129.74738020338,100851.88590456283,101040.8945842942,29025618273.312683,2932774436197750.5
2025-06-16,102926.70916917949,104027.54751044179,102760.42806856161,103750.40083762672,20521529407.509678,2129116901830273.2
2025-06-17,100471.44647447688,100559.30916078309,100431.80549848075,100526.14607736668,26483950083.498352,2662329434799442.5
2025-06-18,102677.71230606775,103793.67657430864,102126.06290866145,103602.05336859665,19924804791.2669,2064250689343703.5
2025-06-19,100159.45525507834,100622.37765047877,99987.16540107413,100499.3700782558,21760355629.40714,2186902033434245.0
2025-06-20,101579.28762117878,101730.44438241348,101106.95249684733,101229.61298020672,17858299615.38075,1807788758549567.8
2025-06-21,100732.29893579407,101049.37569550985,99956.53375180745,100247.48909598248,18563131668.89221,1860907339564558.8
2025-06-22,101024.687774716,101094.65452942808,100806.47121832147,100882.06139912641,21736522557.38056,2192825203237162.0
2025-06-23,100895.43880834102,101010.52155642954,100181.07770030297,100462.43375454431,16881302672.760466,1695936751452610.0
2025-06-24,99076.02237992689,99799.47982927578,97920.78005781592,98141.55833398827,20630552653.84833,2024714586740072.5
2025-06-25,98269.3956082928,98318.32044085192,98247.20024947452,98298.20701499894,22818821998.17057,2243049288614582.5
2025-06-26,98849.62488099265,98928.5567691602,98493.71980451305,98645.77227661407,25522300915.678173,2517667084103207.5
2025-06-27,98791.48756223681,99269.50073432295,98715.04526917648,99138.8723214104,24563562121.792923,2435203848951461.0
2025-06-28,98057.72984380955,98567.98193905727,97819.84212436847,98401.87479752488,15825151602.096502,1557224586601350.2
2025-06-29,100493.11376114526,101101.8781427006,99352.91199276067,99700.47734893086,16778728347.856361,1672847225589317.2
2025-06-30,98000.0,108000.0,95000.0,98000.0,20000000000.0,1960000000000000.0
2025-07-01,96897.11915939562,97321.32873516466,96713.76285994779,97222.01160176974,19523708675.208008,1898134231330645.5
2025-07-02,97942.06038392686,99409.69372891312,97333.50489866603,98867.24108205615,22666396553.694183,2240964092535569.5
2025-07-03,99130.16677156549,99472.19834911462,98497.53275080916,98678.15423158217,19471523360.106583,1921413985252452.5
2025-07-04,94101.23706523719,95360.85023340154,93857.12178888434,95038.39626914449,16493385225.384228,1567504880869719.2
2025-07-05,94527.1468672736,96097.88876093175,94342.7395240772,95426.98511874376,21812107577.383984,2081463665195459.5
2025-07-06,95880.05655102013,96456.84835856312,94631.61686928473,95096.02855293929,20914917324.34755,1988925575058519.0
2025-07-07,95218.74943674225,95883.32265107444,93630.18919769142,94304.2405406998,20613411847.31869,1943932149214053.0
2025-07-08,96140.45865010202,96422.01566857324,94985.70291769515,95389.46000870409,14197288344.34664,1354271668755094.5
2025-07-09,96686.81454038133,97620.84686519725,96312.56821515714,97386.49667276176,21504188076.934402,2094217540604815.2
2025-07-10,95503.29470274004,96120.86296746373,95166.72927136945,96017.69237390315,23821389434.986614,2287274842687491.5
2025-07-11,96464.4877969901,96598.35282739333,96430.22680460746,96541.32191071927,18620898137.557148,1797686121364617.5
2025-07-12,94976.16985315998,95142.00527331396,94924.7732363854,95075.76385944648,16244515642.09222,1544459733198644.5
2025-07-13,93183.66885076431,94531.36336824075,92889.78890866997,94053.19569189158,14330528262.457605,1347831979037108.2
2025-07-14,95714.9678436872,95940.078204518,95195.7718863146,95369.33172726253,22365032887.13121,2132938240503952.5
2025-07-15,96847.85105030255,97191.85497514208,96029.94712069449,96256.12434230502,23241127066.717567,2237100816789276.8
2025-07-16,93018.38684972373,93833.78805403688,92888.11322388888,93574.86360912096,23115466725.779724,2163026646126011.5
2025-07-17,94696.01258011031,94759.95387447647,94534.59498431119,94588.27258070288,12879761822.820606,1218274422071486.0
2025-07-18,94916.42573640156,95100.31703928573,94240.4430986679,94507.82328515626,14937797947.25327,1411738768668382.0
2025-07-19,92242.44748853728,93137.48626438981,91797.06080732959,92871.34065406019,21336117803.525246,1981513864766351.5
2025-07-20,93481.18126180979,93586.37825775634,93257.52400401077,93314.85921578012,14256553424.979013,1330348275754164.5
2025-07-21,95583.89358665873,95760.75723978493,95269.41223192649,95359.68901008811,19947658806.469494,1902202540264276.2
2025-07-22,91954.08248769272,92619.1536897134,91781.20186152672,92395.36242212247,14226090601.053232,1314424796934263.5
2025-07-23,91530.66111254827,92922.62271633302,91105.80360007015,92388.49122018521,13440771137.30134,1241772566211083.8
2025-07-24,91161.88446482632,92306.9538399912,90974.49698049786,91892.36529312943,20480782975.31925,1882027590657342.8
2025-07-25,90717.78649999591,91510.4285346789,90429.35748654572,91174.79874178175,13225089394.340418,1205794863871060.0
2025-07-26,93979.21274740745,94001.57633419249,93971.87491209997,93992.30564710722,19741439595.117874,1855543424338223.8
2025-07-27,93965.5843966537,94761.79276466128,93724.75831468366,94471.31666467148,12899756748.556076,1218657004690074.0
2025-07-28,89997.29005144375,91095.01116971952,89624.14557954512,90687.91739708424,18431061630.052345,1671474594646755.8
2025-07-29,90539.96294371854,90637.56391078861,90515.57039429345,90595.58320266534,19240334740.476814,1743089346827999.5
2025-07-30,93723.97478681273,93994.70018421514,92816.50586607702,93194.76777769583,16776350102.000761,1563468051913284.8
2025-07-31,92000.0,100000.0,88000.0,92000.0,18000000000.0,1656000000000000.0
2025-08-01,92777.70616898281,93440.61974745739,92665.35473816334,93262.24612788192,21263873380.850006,1983116592876950.0
2025-08-02,90867.20192790827,91530.00331982595,90500.50845261403,91362.17181715305,21760147829.10224,1988054364729089.0
2025-08-03,91904.30582732667,92007.48935054883,91598.75532936255,91691.37864002437,22739361422.61487,2085003398233343.0
2025-08-04,89807.46071153619,90013.85865688915,89734.26298548387,89954.18175755176,17817003243.530743,1602713948143453.8
2025-08-05,90557.04453574355,91547.55621839313,90330.12168727317,91213.93265900359,14888700052.434654,1358056883962877.8
2025-08-06,89851.32884889185,90065.65164394413,89111.36049067645,89381.80167059155,20979744973.728672,1875207404341406.0
2025-08-07,91379.22682308021,91456.5148687568,91356.26944532886,91433.17107904385,20115342242.435215,1839209528566096.5
2025-08-08,91208.98129899632,91667.4043651885,90385.30095679543,90576.51763466111,14586048749.550262,1321153501783666.0
2025-08-09,90515.40616468457,90952.96637223817,90250.5216756772,90876.6850665382,15690916416.799751,1425938469614885.0
2025-08-10,92159.18265849723,92421.58580123584,91632.1047750206,91760.14631795419,15867467882.307484,1456001174575973.5
2025-08-11,89498.9444282172,90316.18612083928,89266.82892515042,90089.75329582598,15116012387.077492,1361797826768460.8
2025-08-12,89264.25572877872,89418.07578588597,88640.88063016708,88752.06429608531,20600485300.69999,1828335595938285.8
2025-08-13,91002.74109290181,91394.57457422814,90835.6030292178,91310.98173871572,23934135395.45583,2185449400026417.0
2025-08-14,90631.65487773159,90717.83891514856,90293.78792509442,90410.12138703096,14621262548.086634,1321910121804162.2
2025-08-15,90221.95893823415,90536.9565972609,89673.56160738262,89817.60722198253,13870282180.472446,1245795556943737.5
2025-08-16,89490.38981917324,89738.91015728607,89005.2345797308,89121.79898388068,16835457267.653164,1500406238409498.5
2025-08-17,88478.82112734753,88995.0585453169,88333.16470898333,88779.6049908803,23340406162.03343,2072152039392036.2
2025-08-18,89275.7204869241,89469.51139878905,88451.85021322189,88790.76284692094,17232834688.27793,1530116537987078.5
2025-08-19,87927.60659379183,88678.9189771593,87729.87636071586,88433.43325114061,17265207735.30229,1526821595826931.8
2025-08-20,89065.4113850032,90084.9999472949,88583.47770787704,89675.06894554025,14399123884.729084,1291242427118456.0
2025-08-21,88046.9253967348,88582.26940445963,87853.7693681886,88484.19338835755,25698861045.712067,2273942990629315.0
2025-08-22,85975.73124833405,86051.28543411645,85715.65164188332,85824.87567666144,15407611095.367916,1322356306734300.8
2025-08-23,88228.08740587677,88418.55033094737,87669.03097039323,87911.41344259698,24700285782.338192,2171437035561432.8
2025-08-24,85371.51294053714,85442.59199172283,85352.43917796008,85420.91552788268,20239868786.435253,1728908121901515.0
2025-08-25,86227.85891536884,86436.73889264099,86198.27430118657,86344.71111271084,26331922144.70556,2273622210626994.5
2025-08-26,86617.25311610679,86766.53346236299,86314.40326490041,86403.41805672331,20287956738.43782,1752948807587959.8
2025-08-27,85663.57767427196,86041.2497541326,85513.53495683808,85878.73650442857,16330238789.565172,1402420274063466.0
2025-08-28,84434.59040507155,84588.18962574894,84364.88300127706,84556.57253706087,16903985310.530651,1429343060075296.5
2025-08-29,84841.0367012298,86014.83145733082,84329.01489827724,85685.51899303785,21458817346.907677,1838709901346588.0
2025-08-30,87590.41688299058,87860.65852104689,86792.07437792898,86939.92575787586,26360502006.64183,2291780087397778.0
2025-08-31,85000.0,95000.0,80000.0,85000.0,22000000000.0,1870000000000000.0
2025-09-01,86630.22746640418,86782.999194077,85637.35237193594,86078.24658972131,18956451739.53471,1631738127301820.2
2025-09-02,85815.84772686433,86053.00919971756,84603.7175036066,85121.19936572947,19781518523.96553,1683826582035340.5
2025-09-03,85266.18567673986,85930.10897159876,85179.2166951075,85640.84722025099,25326518746.851517,2168984522619933.2
2025-09-04,83781.1361881191,83830.612602717,83758.0183021397,83818.22226945864,18461670059.48157,1547424364511036.0
2025-09-05,83143.7651040429,83875.02818017246,83054.20989396151,83556.12231660286,18717304805.254528,1563945409744986.0
2025-09-06,82050.84660387624,82240.0824503679,81980.9503514806,82192.10553053544,28130601492.00256,2312113366468112.0
2025-09-07,83551.71999231291,83585.52529470505,83336.08337216293,83418.31412011401,18517704009.39635,1544715649839119.5
2025-09-08,82913.88041190684,83517.9844162394,82742.97427781716,83330.43800771517,28325553711.138893,2360380797560266.0
2025-09-09,80939.83113617304,80970.10230301747,80767.60102039293,80833.70475534523,29162283898.961433,2357295446680206.5
2025-09-10,81503.09879885163,81537.2003080096,81493.1467816823,81522.51377638351,23433289772.88637,1910340688336116.0
2025-09-11,81982.4981160811,82064.1408941414,81459.29375719518,81673.39740689762,22833939158.08469,1864925387223172.2
2025-09-12,80175.59511426958,80370.05038120916,79600.57452876017,79719.3094191454,25810068580.05511,2057560843262776.2
2025-09-13,82667.60311561477,83160.37112507765,81573.01209709125,82031.4435135215,16849083371.745382,1382154630863945.8
2025-09-14,80632.5857426216,80846.84648105002,79835.81531887852,80122.13948225706,25694611350.982243,2058707234605784.8
2025-09-15,80435.24258609042,80759.22171871031,79480.69414160847,79789.78483351956,31521584658.219337,2515100457490892.0
2025-09-16,79414.47721536506,80189.66377404514,79060.56325525555,79928.58064046186,28441261801.00213,2273269687377886.0
2025-09-17,80943.63983839686,81061.86761824889,80367.72769853062,80608.27108693618,30279742787.96521,2440797715095000.0
2025-09-18,77889.42207173453,78924.85823101604,77471.27536560393,78469.38041645866,30399399138.718372,2385422015447858.0
2025-09-19,80500.38703964958,80539.80777681778,80397.97151624512,80433.32684080038,18039444193.84313,1450972510869763.0
2025-09-20,79777.53269501618,79782.5399092482,79764.7592883364,79769.02607289236,24647525449.34358,1966109100200966.0
2025-09-21,77416.3549869121,77862.13214039386,77307.1229167157,77760.50163723339,31891898256.607037,2479930006597372.0
2025-09-22,77166.76820855185,77722.82888399842,76964.24679874071,77524.51216450508,19734431107.041588,1529902144417433.0
2025-09-23,79830.19684435731,79985.22220256848,79208.44854275198,79377.42346794554,31516687369.491535,2501713439634980.0
2025-09-24,79651.27199330558,79729.52835786407,79195.88271015002,79337.41787597141,25889522182.749523,2054007840022030.5
2025-09-25,77143.36969069942,77268.16012380122,77111.67054866221,77223.33200747978,29250216247.9152,2258799160603335.0
2025-09-26,78893.07611115766,79368.78707716448,78819.8573957556,79172.38127795338,30126063750.71265,2385152205675352.0
2025-09-27,76315.2194059581,77332.72792757458,76005.06064032142,76957.15419465234,31189269388.833977,2400237413575046.5
2025-09-28,77242.61851177466,77738.10024092405,77086.23505027861,77572.84259105899,22712914187.50278,1761905317051383.8
2025-09-29,78997.9060568845,79288.30152250668,78270.18837441214,78589.9271445485,21527750517.687096,1691864344771045.2
2025-09-30,78000.0,88000.0,72000.0,78000.0,25000000000.0,1950000000000000.0
2025-10-01,78551.95537171386,78819.35814235079,78471.11620357548,78718.43188945383,32346485177.33502,2546264590295274.5
2025-10-02,79545.0728518995,80045.162195598,78302.49279594935,78831.66004452067,29590000545.40806,2332628863712789.5
2025-10-03,77701.25518638104,78252.56989789786,77619.01815136586,78088.90655181457,25178309918.597916,1966146690366018.5
2025-10-04,78399.00676047894,78430.04796920164,78329.87910145403,78359.43451757048,19715222319.348797,1544873672332356.0
2025-10-05,77965.62588787831,78133.82334126945,77884.97850356156,78084.38258339619,24994549087.040997,1951683933411985.0
2025-10-06,79457.04008423479,79837.81906610209,78744.38426094147,78899.98479549974,27679929879.285446,2183946046616120.5
2025-10-07,78346.80376370212,78744.21920277608,78187.72604809148,78669.9027803403,22295514424.514584,1753985952214237.0
2025-10-08,78615.25634503514,78817.0035302703,78204.59958120808,78310.3600801917,17719904842.765198,1387652128823675.5
2025-10-09,79659.22406314994,81048.68739509534,79204.62477625023,80447.67606309942,21566251581.97423,1734954821161968.5
2025-10-10,78024.45967034256,79062.33077133531,77805.7580336867,78798.2495542831,25616577332.668884,2018541453386234.5
2025-10-11,78869.01477183751,78894.02232562506,78806.782472761,78823.88047399798,17194696640.782814,1355352712799719.2
2025-10-12,77961.69987786819,79187.0721192996,77670.3156673678,78707.29831431589,27896271332.77587,2195640149645889.0
2025-10-13,80215.66080146389,80329.45928190516,80168.2750927415,80291.13752046357,20321050337.592983,1631600247215940.8
2025-10-14,79712.00989523066,79747.37698486625,79581.18697253896,79622.74112147247,25400249226.44103,2022437468577795.5
2025-10-15,81373.24274271888,81476.061456512,81052.22663126365,81177.96295553992,26023730201.11593,2112553406231154.2
2025-10-16,81965.41508413898,82177.03042545512,81538.94318795514,81673.18349911456,21773733022.5441,1778330092610974.8
2025-10-17,82942.01982070453,82975.18814137357,82704.77771800144,82805.30191269824,16371398729.996693,1355638614570540.8
2025-10-18,83577.09110878906,83909.26990528803,83046.68350955156,83146.73335723208,23905714877.275986,1987682100614882.2
2025-10-19,82210.90462326893,82561.35429799272,82060.68899708363,82490.32748364039,22114161564.631298,1824204429492569.0
2025-10-20,82008.33591364525,82126.6621084802,81702.6832935483,81824.24852593981,27594868039.840054,2257929340532386.0
2025-10-21,84010.1661998576,84552.78728833931,82970.65258950336,83255.74795526164,17498246476.67698,1456829598321263.8
2025-10-22,83603.642226477,83857.64159592718,83513.24177361761,83767.9972016254,25060144477.324265,2099238112448827.2
2025-10-23,83784.37772976898,84929.07051366645,83526.82891547508,84451.84688617203,27692276210.59007,2338663870466336.5
2025-10-24,84326.21497650293,84521.20144820613,83301.05450321613,83560.38211537163,15566199087.357931,1300717543823577.8
2025-10-25,86603.45943668525,86880.8855284304,85544.76285137786,86000.93903095463,22327520626.346375,1920187740098796.5
2025-10-26,86789.5925758598,87014.72498046678,85948.4668927474,86194.13042143056,26086795579.164753,2248528660427724.8
2025-10-27,88414.91961918098,89033.45171868811,87349.60380488086,87580.30943953535,24811712838.14785,2173017488089880.8
2025-10-28,87183.83899112405,87593.48421383755,85885.24392667905,86336.35895031902,20944986135.416252,1808313841196752.8
2025-10-29,85744.15706639572,87021.19994146544,85243.15322639504,86479.19199375037,15973155157.460209,1381345551607965.2
2025-10-30,88743.04703000258,88842.30117575363,88441.73007725748,88520.2474695622,24546106869.198223,2172827454475747.2
2025-10-31,88000.0,92000.0,82000.0,88000.0,20000000000.0,1760000000000000.0
2025-11-01,89239.59006389472,89287.74850649464,89132.78945801823,89154.4655416202,19505889719.045036,1739037172815244.5
2025-11-02,87287.49431447318,88105.1678513838,86905.09985643304,87799.57006662188,18503198937.798878,1624572911595916.0
2025-11-03,88544.56615521901,88734.37448319119,88111.4860636123,88281.93281283419,23770723528.35012,2098525417442262.2
2025-11-04,90341.81685263246,90470.43472426651,89703.81214728279,89888.99878415526,18018773034.8899,1619689467425188.0
2025-11-05,90997.37530880258,91558.38135950148,90005.77869221036,90223.12312318858,15380805429.55117,1387704302004202.5
2025-11-06,89706.05390057962,90297.52868977217,89426.43952949243,90083.06256901805,24252546904.22739,2184743700231561.0
2025-11-07,92184.90943604866,92503.91131250006,91364.37212300116,91565.63420130273,19121717460.4277,1750892186282186.2
2025-11-08,92049.46074017513,92196.90652050183,91418.24767252147,91605.2530098962,17181558456.70294,1573921009530594.8
2025-11-09,93372.14804070083,93545.38351804703,93303.97892219017,93476.94511804341,15968402320.563728,1492677467342172.8
2025-11-10,93157.89055572436,93511.49370350393,91869.87221977655,92428.99019055125,15303280726.724844,1414466784173702.8
2025-11-11,91660.74190621838,92165.30277475642,90382.22779232092,90948.69750827667,20339005384.230602,1849806048309599.5
2025-11-12,95111.20808364556,95547.84361089692,94158.74000705003,94493.31811892665,16979698801.233892,1604468080388551.8
2025-11-13,94693.4023879123,94889.50469223158,94633.19665592448,94822.13827912284,18894983394.968307,1791662728259414.8
2025-11-14,92561.83272932658,94022.08601766046,92167.7801118124,93406.28616087305,19085526055.01818,1782708108225826.8
2025-11-15,91541.38401197454,92778.53756198204,90969.49103865951,92459.71638656751,13718872976.123796,1268443104515751.5
2025-11-16,95086.08331113712,95807.05727224321,94917.71342865253,95631.13762895804,12765411230.87003,1220770798309578.5
2025-11-17,96092.36030344914,96499.05959267924,95153.1063715309,95376.96717989104,15674316636.510155,1494968783407649.2
2025-11-18,95357.09091436876,95656.2710212387,93949.69356738166,94498.39168047007,17325991424.645313,1637278323898598.5
2025-11-19,93956.57975147861,94059.617552918,93900.26430813664,94039.49260977095,15212053817.61704,1430533822561235.8
2025-11-20,95000.0,98000.0,90000.0,95000.0,18000000000.0,1710000000000000.0
