funding_time,funding_rate
2020-01-01 00:00:00,0.00019934283060224654
2020-01-01 08:00:00,3.666638859205414e-05
2020-01-01 16:00:00,0.00015817620527272067
2020-01-02 00:00:00,0.0002975637177604783
2020-01-02 08:00:00,-8.955367963950287e-05
2020-01-02 16:00:00,-0.00012523114725838068
2020-01-03 00:00:00,0.00020175805605922477
2020-01-03 08:00:00,3.7216876146193103e-06
2020-01-03 16:00:00,-0.0002793408865766618
2020-01-04 00:00:00,-0.00011261475184618733
2020-01-04 08:00:00,-0.0003494910502995816
2020-01-04 16:00:00,-0.00038563421362484946
2020-01-05 00:00:00,-0.00027977655977130025
2020-01-05 08:00:00,-0.0007465058141897756
2020-01-05 16:00:00,-0.0007445140829345315
2020-01-06 00:00:00,-0.0005476687734538284
2020-01-06 08:00:00,-0.0006734582428462275
2020-01-06 16:00:00,-0.0004437233034339968
2020-01-07 00:00:00,-0.0007238583362310026
2020-01-07 08:00:00,-0.0008603950125675277
2020-01-07 16:00:00,-0.00032048526968986746
2020-01-08 00:00:00,-0.0006944510347451944
2020-01-08 08:00:00,-0.0006714708848840114
2020-01-08 16:00:00,-0.0010056069142379965
2020-01-09 00:00:00,-0.0008652145730740506
2020-01-09 08:00:00,-0.0007698342614007497
2020-01-09 16:00:00,-0.0010578982460008924
2020-01-10 00:00:00,-0.0007882406780210064
2020-01-10 08:00:00,-0.0010191887708476107
2020-01-10 16:00:00,-0.000993080533996214
2020-01-11 00:00:00,-0.001090763857657147
2020-01-11 08:00:00,-0.0006356476494831888
2020-01-11 16:00:00,-0.001044483482506272
2020-01-12 00:00:00,-0.0012890069745235743
2020-01-12 08:00:00,-0.0009486365574854653
2020-01-12 16:00:00,-0.0013929950210740166
2020-01-13 00:00:00,-0.00114273432325257
2020-01-13 08:00:00,-0.001612121818203185
2020-01-13 16:00:00,-0.001521505754380625
2020-01-14 00:00:00,-0.001252177048600823
2020-01-14 08:00:00,-0.0011795367309492745
2020-01-14 16:00:00,-0.0013286371418840715
2020-01-15 00:00:00,-0.0014217212057734225
2020-01-15 08:00:00,-0.0014944930395873412
2020-01-15 16:00:00,-0.0017656574497166779
2020-01-16 00:00:00,-0.001649602644495843
2020-01-16 08:00:00,-0.0016334423081825677
2020-01-16 16:00:00,-0.0013655708599205358
2020-01-17 00:00:00,-0.001543952398424336
2020-01-17 08:00:00,-0.0020009648385842837
2020-01-17 16:00:00,-0.001619220764806487
2020-01-18 00:00:00,-0.0017967347659424181
2020-01-18 08:00:00,-0.0018907834610940556
2020-01-18 16:00:00,-0.001668744554438399
2020-01-19 00:00:00,-0.0016205606588810915
2020-01-19 08:00:00,-0.0016761852907307508
2020-01-19 16:00:00,-0.002065965570372227
2020-01-20 00:00:00,-0.0019956452920716515
2020-01-20 08:00:00,-0.0019032308817944048
2020-01-20 16:00:00,-0.0018100552938243545
2020-01-21 00:00:00,-0.002136679917991593
2020-01-21 08:00:00,-0.0021136576169290076
2020-01-21 16:00:00,-0.002333473567571159
2020-01-22 00:00:00,-0.0023871286487597964
2020-01-22 08:00:00,-0.0020210629106385313
2020-01-22 16:00:00,-0.0019480008205769153
2020-01-23 00:00:00,-0.0022693316017808555
2020-01-23 08:00:00,-0.0020899037490600928
2020-01-23 16:00:00,-0.00225396387480268
2020-01-24 00:00:00,-0.0024909957819069404
2020-01-24 08:00:00,-0.0023253734610579418
2020-01-24 16:00:00,-0.0021257260200401393
2020-01-25 00:00:00,-0.0024761792923290327
2020-01-25 08:00:00,-0.00219176610451795
2020-01-25 16:00:00,-0.003064324607672409
2020-01-26 00:00:00,-0.002411675837153124
2020-01-26 08:00:00,-0.0025943276755542436
2020-01-26 16:00:00,-0.0027072193104687604
2020-01-27 00:00:00,-0.002664746436242195
2020-01-27 08:00:00,-0.0031162931256431834
2020-01-27 16:00:00,-0.002798394471464216
2020-01-28 00:00:00,-0.0027187183307680733
2020-01-28 08:00:00,-0.002530242787295828
2020-01-28 16:00:00,-0.0029651563910725698
2020-01-29 00:00:00,-0.003058881819170187
2020-01-29 08:00:00,-0.0030332152584821655
2020-01-29 16:00:00,-0.002785464177398552
2020-01-30 00:00:00,-0.002938475130180739
2020-01-30 08:00:00,-0.0031458581440397928
2020-01-30 16:00:00,-0.0029729333678374225
2020-01-31 00:00:00,-0.0030918520957641947
2020-01-31 08:00:00,-0.0029532193587009335
2020-01-31 16:00:00,-0.003323039726756691
2020-02-01 00:00:00,-0.003283842288474483
2020-02-01 08:00:00,-0.00333241224095507
2020-02-01 16:00:00,-0.003582374351128771
2020-02-02 00:00:00,-0.0032661280572631414
2020-02-02 08:00:00,-0.0033088218094137877
2020-02-02 16:00:00,-0.0033956909236949823
2020-02-03 00:00:00,-0.003479311792872213
2020-02-03 08:00:00,-0.003751149265780975
2020-02-03 16:00:00,-0.003587884933097673
2020-02-04 00:00:00,-0.003607979523023664
2020-02-04 08:00:00,-0.003735572824736343
2020-02-04 16:00:00,-0.00364305526439893
2020-02-05 00:00:00,-0.0035656687018765293
2020-02-05 08:00:00,-0.0033049224441710394
2020-02-05 16:00:00,-0.0036829248130204866
2020-02-06 00:00:00,-0.003702011048616011
2020-02-06 08:00:00,-0.003804091061087506
2020-02-06 16:00:00,-0.004208636872167789
2020-02-07 00:00:00,-0.0038658661553715337
2020-02-07 08:00:00,-0.003884198089467194
2020-02-07 16:00:00,-0.0034392764601320503
2020-02-08 00:00:00,-0.004006077826759041
2020-02-08 08:00:00,-0.003942976916509803
2020-02-08 16:00:00,-0.004045909490091283
2020-02-09 00:00:00,-0.00430838349484785
2020-02-09 08:00:00,-0.003881764075594648
2020-02-09 16:00:00,-0.003995622783134006
2020-02-10 00:00:00,-0.00402348375143646
2020-02-10 08:00:00,-0.0043992483829777265
2020-02-10 16:00:00,-0.003972492781005268
2020-02-11 00:00:00,-0.004569102606924653
2020-02-11 08:00:00,-0.0042070417267798515
2020-02-11 16:00:00,-0.0039220027715516186
2020-02-12 00:00:00,-0.004593881912913461
2020-02-12 08:00:00,-0.004544714944981587
2020-02-12 16:00:00,-0.004447205877217213
2020-02-13 00:00:00,-0.00460351203223169
2020-02-13 08:00:00,-0.0048486303387953854
2020-02-13 16:00:00,-0.004560465808794663
2020-02-14 00:00:00,-0.004822319897674798
2020-02-14 08:00:00,-0.00455082141997625
2020-02-14 16:00:00,-0.0048651055041237555
2020-02-15 00:00:00,-0.004406914527447196
2020-02-15 08:00:00,-0.00490923281809166
2020-02-15 16:00:00,-0.004852675214039257
2020-02-16 00:00:00,-0.0046612402184978965
2020-02-16 08:00:00,-0.005105797276432331
2020-02-16 16:00:00,-0.004849813177398422
2020-02-17 00:00:00,-0.004669557364636472
2020-02-17 08:00:00,-0.005288163313578911
2020-02-17 16:00:00,-0.0049654206461339145
2020-02-18 00:00:00,-0.004986051610164399
2020-02-18 08:00:00,-0.00491734434583233
2020-02-18 16:00:00,-0.005356779813537118
2020-02-19 00:00:00,-0.005409161745152066
2020-02-19 08:00:00,-0.00507636286058554
2020-02-19 16:00:00,-0.005157034990235991
2020-02-20 00:00:00,-0.005202014105987162
2020-02-20 08:00:00,-0.005218503785330651
2020-02-20 16:00:00,-0.005459479122719453
2020-02-21 00:00:00,-0.005312704190145264
2020-02-21 08:00:00,-0.005336221186091437
2020-02-21 16:00:00,-0.005573386715530156
2020-02-22 00:00:00,-0.00509304228086964
2020-02-22 08:00:00,-0.005407111350089942
2020-02-22 16:00:00,-0.005775819384886538
2020-02-23 00:00:00,-0.005441928714892952
2020-02-23 08:00:00,-0.005803856521838891
2020-02-23 16:00:00,-0.005487184018218645
2020-02-24 00:00:00,-0.005448562574339364
2020-02-24 08:00:00,-0.0058800989049848955
2020-02-24 16:00:00,-0.005558967966639398
2020-02-25 00:00:00,-0.005704767758274672
2020-02-25 08:00:00,-0.005658592662836782
2020-02-25 16:00:00,-0.005479326849478599
2020-02-26 00:00:00,-0.005943443820383672
2020-02-26 08:00:00,-0.0060807941812283045
2020-02-26 16:00:00,-0.00614363058545562
2020-02-27 00:00:00,-0.0061645705076973124
2020-02-27 08:00:00,-0.0060525095437607545
2020-02-27 16:00:00,-0.006004539558088314
2020-02-28 00:00:00,-0.006053112544359348
2020-02-28 08:00:00,-0.005978694805591855
2020-02-28 16:00:00,-0.006177211828197188
2020-02-29 00:00:00,-0.005924786142315014
2020-02-29 08:00:00,-0.0063041050755677785
2020-02-29 16:00:00,-0.005742820626775972
2020-03-01 00:00:00,-0.006197401741714604
2020-03-01 08:00:00,-0.00652964747372457
2020-03-01 16:00:00,-0.0066080752132272455
2020-03-02 00:00:00,-0.006333082981740094
2020-03-02 08:00:00,-0.00650995077302761
2020-03-02 16:00:00,-0.006358138868317731
2020-03-03 00:00:00,-0.0064419721933951495
2020-03-03 08:00:00,-0.006586866252014941
2020-03-03 16:00:00,-0.006777339964270957
2020-03-04 00:00:00,-0.006946631416768158
2020-03-04 08:00:00,-0.006768645713418098
2020-03-04 16:00:00,-0.006543743715313709
2020-03-05 00:00:00,-0.0067078854765260714
2020-03-05 08:00:00,-0.007035532732268219
2020-03-05 16:00:00,-0.006787429542529294
2020-03-06 00:00:00,-0.006780683002927472
2020-03-06 08:00:00,-0.007070198717287175
2020-03-06 16:00:00,-0.0068983629600315515
2020-03-07 00:00:00,-0.006953146988705166
2020-03-07 08:00:00,-0.0072290635431342
2020-03-07 16:00:00,-0.006964592762672127
2020-03-08 00:00:00,-0.0069596740806418455
2020-03-08 08:00:00,-0.0068909014884541465
2020-03-08 16:00:00,-0.00693243207785593
2020-03-09 00:00:00,-0.007454407113028038
2020-03-09 08:00:00,-0.007402118998593353
2020-03-09 16:00:00,-0.007147227688342306
2020-03-10 00:00:00,-0.007183158302775304
2020-03-10 08:00:00,-0.007218586706870245
2020-03-10 16:00:00,-0.00658673069717422
2020-03-11 00:00:00,-0.00727877964434024
2020-03-11 08:00:00,-0.007201525369616462
2020-03-11 16:00:00,-0.00727351889612765
2020-03-12 00:00:00,-0.00736972174973884
2020-03-12 08:00:00,-0.006729720515594735
2020-03-12 16:00:00,-0.00568153948923468
2020-03-13 00:00:00,-0.005154565042907514
2020-03-13 08:00:00,-0.00490450657849086
2020-03-13 16:00:00,-0.0048113584238515346
2020-03-14 00:00:00,-0.004555053743551307
2020-03-14 08:00:00,-0.003965639715236727
2020-03-14 16:00:00,-0.004659167324232635
2020-03-15 00:00:00,-0.00400560510478224
2020-03-15 08:00:00,-0.00432254317423793
2020-03-15 16:00:00,-0.003951529230300744
2020-03-16 00:00:00,-0.003496495594892241
2020-03-16 08:00:00,-0.003558572567609479
2020-03-16 16:00:00,-0.0036441203841572896
2020-03-17 00:00:00,-0.0034287750275662793
2020-03-17 08:00:00,-0.0030069375930702074
2020-03-17 16:00:00,-0.003146073326343427
2020-03-18 00:00:00,-0.002813851139226462
2020-03-18 08:00:00,-0.0027051713463049514
2020-03-18 16:00:00,-0.0027017486409497346
2020-03-19 00:00:00,-0.0019997826107063634
2020-03-19 08:00:00,-0.0021589304812506833
2020-03-19 16:00:00,-0.002547885660188664
2020-03-20 00:00:00,-0.0019627091370461145
2020-03-20 08:00:00,-0.002118895754492139
2020-03-20 16:00:00,-0.0018025902561176785
2020-03-21 00:00:00,-0.0021181195323019247
2020-03-21 08:00:00,-0.001969101134447226
2020-03-21 16:00:00,-0.0018316948518962164
2020-03-22 00:00:00,-0.0017460797303967448
2020-03-22 08:00:00,-0.002145828512180386
2020-03-22 16:00:00,-0.0019592079394758818
2020-03-23 00:00:00,-0.001973835216078345
2020-03-23 08:00:00,-0.001996050461899358
2020-03-23 16:00:00,-0.0014988322288668576
2020-03-24 00:00:00,-0.0017574651962693475
2020-03-24 08:00:00,-0.002077176790867009
2020-03-24 16:00:00,-0.0016279660721275064
2020-03-25 00:00:00,-0.0013736456836743963
2020-03-25 08:00:00,-0.0015781223325051553
2020-03-25 16:00:00,-0.0020750278393446486
2020-03-26 00:00:00,-0.001854539122265558
2020-03-26 08:00:00,-0.0014908485393934448
2020-03-26 16:00:00,-0.001872303123892987
2020-03-27 00:00:00,-0.0016285438066784468
2020-03-27 08:00:00,-0.0015489193431602866
2020-03-27 16:00:00,-0.001875770709700232
2020-03-28 00:00:00,-0.001688828148135437
2020-03-28 08:00:00,-0.002311715006475353
2020-03-28 16:00:00,-0.001854877528266858
2020-03-29 00:00:00,-0.0016870520918170937
2020-03-29 08:00:00,-0.0018726335594698932
2020-03-29 16:00:00,-0.0012831331238290576
2020-03-30 00:00:00,-0.001882182121745973
2020-03-30 08:00:00,-0.0016707012050317044
2020-03-30 16:00:00,-0.001543082653773551
2020-03-31 00:00:00,-0.0012675145729560077
2020-03-31 08:00:00,-0.0018294801225435804
2020-03-31 16:00:00,-0.0012962134034151622
2020-04-01 00:00:00,-0.001513338003180698
2020-04-01 08:00:00,-0.001698224807132667
2020-04-01 16:00:00,-0.0013960408436088844
2020-04-02 00:00:00,-0.0014351880608853061
2020-04-02 08:00:00,-0.0015815818369702204
2020-04-02 16:00:00,-0.0014341165060789193
2020-04-03 00:00:00,-0.0015116781039877368
2020-04-03 08:00:00,-0.0013984503771035967
2020-04-03 16:00:00,-0.0012752661727880984
2020-04-04 00:00:00,-0.001077027406001699
2020-04-04 08:00:00,-0.0016283323305346007
2020-04-04 16:00:00,-0.000940701017376439
2020-04-05 00:00:00,-0.0017442637137506543
2020-04-05 08:00:00,-0.001370741634391732
2020-04-05 16:00:00,-0.0012092596356261618
2020-04-06 00:00:00,-0.001257263164914532
2020-04-06 08:00:00,-0.001424539903964119
2020-04-06 16:00:00,-0.0013281629116099168
2020-04-07 00:00:00,-0.0013716771100086898
2020-04-07 08:00:00,-0.001377488336004227
2020-04-07 16:00:00,-0.0010762334267496413
2020-04-08 00:00:00,-0.0011612892104992984
2020-04-08 08:00:00,-0.0013578126882829002
2020-04-08 16:00:00,-0.0010258492556825807
2020-04-09 00:00:00,-0.0011308477881323707
2020-04-09 08:00:00,-0.001016273730078362
2020-04-09 16:00:00,-0.001039458846999893
2020-04-10 00:00:00,-0.0013177220791074915
2020-04-10 08:00:00,-0.0012504977465009326
2020-04-10 16:00:00,-0.0009755412789753477
2020-04-11 00:00:00,-0.0009894644084517685
2020-04-11 08:00:00,-0.001102257241869753
2020-04-11 16:00:00,-0.0010611499079536285
2020-04-12 00:00:00,-0.0008156208669961613
2020-04-12 08:00:00,-0.001176006585459474
2020-04-12 16:00:00,-0.000934811292996762
2020-04-13 00:00:00,-0.0010712077612560099
2020-04-13 08:00:00,-0.0010608439329531365
2020-04-13 16:00:00,-0.0007840907834487159
2020-04-14 00:00:00,-0.0008253013455870096
2020-04-14 08:00:00,-0.0008142211497229493
2020-04-14 16:00:00,-0.0007023657770306728
2020-04-15 00:00:00,-0.0009457992316734483
2020-04-15 08:00:00,-0.0008001478672794689
2020-04-15 16:00:00,-0.0009851302743956144
2020-04-16 00:00:00,-0.0008447821141176964
2020-04-16 08:00:00,-0.0009221824570273832
2020-04-16 16:00:00,-0.0008632931146937643
2020-04-17 00:00:00,-0.0007501993641433868
2020-04-17 08:00:00,-0.0010194133674159254
2020-04-17 16:00:00,-0.0004238302371706005
2020-04-18 00:00:00,-0.0010300496301460945
2020-04-18 08:00:00,-0.001058222337942162
2020-04-18 16:00:00,-0.0005703009022230634
2020-04-19 00:00:00,-0.0006301289996689514
2020-04-19 08:00:00,-0.0006501760365895691
2020-04-19 16:00:00,-0.0006358693596856058
2020-04-20 00:00:00,-0.0007505262776463063
2020-04-20 08:00:00,-0.0009140662589125511
2020-04-20 16:00:00,-0.0007059929345151012
2020-04-21 00:00:00,-0.0008431246499947301
2020-04-21 08:00:00,-0.0004992068225472192
2020-04-21 16:00:00,-0.0007101807070696586
2020-04-22 00:00:00,-0.0008324071316661948
2020-04-22 08:00:00,-0.0007181233221767526
2020-04-22 16:00:00,-0.0005577983245294907
2020-04-23 00:00:00,-0.0007396679874838722
2020-04-23 08:00:00,-0.0007779056175748249
2020-04-23 16:00:00,-0.0005512625577016178
2020-04-24 00:00:00,-0.0005375451473167172
2020-04-24 08:00:00,-0.0006744655581511493
2020-04-24 16:00:00,-0.0006538230457390493
2020-04-25 00:00:00,-0.0004997438586823191
2020-04-25 08:00:00,-0.0008223091759917726
2020-04-25 16:00:00,-0.0008007235241060805
2020-04-26 00:00:00,-0.0006494580750197183
2020-04-26 08:00:00,-0.0005349971226500619
2020-04-26 16:00:00,-0.0004166646407265532
2020-04-27 00:00:00,-0.00017031337199470512
2020-04-27 08:00:00,-0.0002803911522826733
2020-04-27 16:00:00,-0.000470449244454224
2020-04-28 00:00:00,-0.000428803241580538
2020-04-28 08:00:00,-0.0006120443344660234
2020-04-28 16:00:00,-0.0004017795502754013
2020-04-29 00:00:00,-0.0004423471123994126
2020-04-29 08:00:00,-0.00030661013408622847
2020-04-29 16:00:00,-0.0005231384964027727
2020-04-30 00:00:00,-0.00024036146638253494
2020-04-30 08:00:00,-2.4221448168715515e-05
2020-04-30 16:00:00,-0.000339059721999064
2020-05-01 00:00:00,-0.0002235038094263658
2020-05-01 08:00:00,-0.000152355817042393
2020-05-01 16:00:00,-0.0003571671713002444
2020-05-02 00:00:00,-0.00021864304209945546
2020-05-02 08:00:00,-0.00024748151984364125
2020-05-02 16:00:00,-0.0002170032418286955
2020-05-03 00:00:00,-0.0003776788798480166
2020-05-03 08:00:00,-0.00020471334976359637
2020-05-03 16:00:00,-9.655418790475638e-05
2020-05-04 00:00:00,0.00010753641386670039
2020-05-04 08:00:00,2.2623395986272e-05
2020-05-04 16:00:00,0.00027486726073308024
2020-05-05 00:00:00,-0.00029577720488530257
2020-05-05 08:00:00,4.561797349798155e-05
2020-05-05 16:00:00,-7.871621423694537e-05
2020-05-06 00:00:00,0.0003360375097204573
2020-05-06 08:00:00,-0.00025012119553256904
2020-05-06 16:00:00,-0.00024294436843615543
2020-05-07 00:00:00,-0.00018141699062726625
2020-05-07 08:00:00,-0.0004728560679388847
2020-05-07 16:00:00,-0.00013976638895153687
2020-05-08 00:00:00,-0.00017298037846458613
2020-05-08 08:00:00,2.238644960293358e-05
2020-05-08 16:00:00,7.412042592466253e-05
2020-05-09 00:00:00,0.000394464937073946
2020-05-09 08:00:00,0.00022277707532951743
2020-05-09 16:00:00,-6.922688497863468e-05
2020-05-10 00:00:00,-0.00012006754965428708
2020-05-10 08:00:00,0.00017146075737822382
2020-05-10 16:00:00,-0.00017750817986566722
2020-05-11 00:00:00,0.00046629175317087075
2020-05-11 08:00:00,0.00033761962587585916
2020-05-11 16:00:00,9.628073042262515e-06
2020-05-12 00:00:00,-0.00023743210062337033
2020-05-12 08:00:00,0.0003777008817594895
2020-05-12 16:00:00,8.57500396074851e-05
2020-05-13 00:00:00,0.00035795287278430276
2020-05-13 08:00:00,-0.00020676431963766135
2020-05-13 16:00:00,-6.0221907379407185e-06
2020-05-14 00:00:00,0.00011663315552805222
2020-05-14 08:00:00,0.00012671213606896574
2020-05-14 16:00:00,2.903452475177031e-05
2020-05-15 00:00:00,0.00024534920724872053
2020-05-15 08:00:00,-9.101326336569636e-05
2020-05-15 16:00:00,9.576652723816555e-05
2020-05-16 00:00:00,0.00015003315231640576
2020-05-16 08:00:00,0.00023059339451737753
2020-05-16 16:00:00,0.0002717602050550074
2020-05-17 00:00:00,-9.375958719874268e-05
2020-05-17 08:00:00,-0.00017392240124669157
2020-05-17 16:00:00,0.00039016739901173643
2020-05-18 00:00:00,0.0002028264387595547
2020-05-18 08:00:00,-1.1602069216072613e-05
2020-05-18 16:00:00,0.00045005723493134447
2020-05-19 00:00:00,0.0001646933684170133
2020-05-19 08:00:00,0.0003791494801028086
2020-05-19 16:00:00,0.00015852534130366682
2020-05-20 00:00:00,0.0005589028317296442
2020-05-20 08:00:00,0.0004995530169734894
2020-05-20 16:00:00,0.00010042362052063551
2020-05-21 00:00:00,0.000346262242138923
2020-05-21 08:00:00,0.0002827548435966832
2020-05-21 16:00:00,0.0004291375669177251
2020-05-22 00:00:00,-3.584183497316374e-05
2020-05-22 08:00:00,0.0002960847508741468
2020-05-22 16:00:00,0.0003722909579759782
2020-05-23 00:00:00,-0.00018941023494696053
2020-05-23 08:00:00,-7.258243846389094e-05
2020-05-23 16:00:00,-0.00024204556975115433
2020-05-24 00:00:00,0.00011365110064355599
2020-05-24 08:00:00,0.0003127725204232618
2020-05-24 16:00:00,0.0004714670814148766
2020-05-25 00:00:00,0.00018754622881122777
2020-05-25 08:00:00,0.0005001819835731328
2020-05-25 16:00:00,-9.982981545250208e-05
2020-05-26 00:00:00,-0.00016275440994895302
2020-05-26 08:00:00,0.0001685441398743559
2020-05-26 16:00:00,0.00025819837117314285
2020-05-27 00:00:00,0.00017657793349806452
2020-05-27 08:00:00,-0.00022863993515949047
2020-05-27 16:00:00,0.0001687560786775289
2020-05-28 00:00:00,-7.258221178928231e-05
2020-05-28 08:00:00,0.0003239777998092977
2020-05-28 16:00:00,0.00026509454099426144
2020-05-29 00:00:00,5.530536241022462e-06
2020-05-29 08:00:00,9.246471177075654e-05
2020-05-29 16:00:00,-1.4873007408093336e-05
2020-05-30 00:00:00,0.00018616547924666434
2020-05-30 08:00:00,0.0003914613645331481
2020-05-30 16:00:00,5.019292897393392e-06
2020-05-31 00:00:00,0.0003047054069996728
2020-05-31 08:00:00,9.957618195321746e-05
2020-05-31 16:00:00,4.8784740906838525e-05
2020-06-01 00:00:00,0.00018768483709999753
2020-06-01 08:00:00,3.7740463386360073e-06
2020-06-01 16:00:00,0.00010182425148467615
2020-06-02 00:00:00,-2.5289864232055394e-05
2020-06-02 08:00:00,0.000608962342600594
2020-06-02 16:00:00,0.00022480162814326346
2020-06-03 00:00:00,7.953541788200237e-05
2020-06-03 08:00:00,0.00026400810335896563
2020-06-03 16:00:00,0.000200478113005557
2020-06-04 00:00:00,0.00018048140476868008
2020-06-04 08:00:00,0.0003492402664156115
2020-06-04 16:00:00,0.0003796400701479892
2020-06-05 00:00:00,0.00012376990034802435
2020-06-05 08:00:00,0.00011643808347279561
2020-06-05 16:00:00,0.0001783229939030045
2020-06-06 00:00:00,-0.0002253192978821819
2020-06-06 08:00:00,-6.624167564317366e-05
2020-06-06 16:00:00,0.0005119029920170434
2020-06-07 00:00:00,0.000569253282959997
2020-06-07 08:00:00,0.0001921841340800663
2020-06-07 16:00:00,0.000359034336334097
2020-06-08 00:00:00,0.0003077045763632527
2020-06-08 08:00:00,0.0008629623088771948
2020-06-08 16:00:00,0.00047283273120466427
2020-06-09 00:00:00,0.00022506583235319737
2020-06-09 08:00:00,6.127286426086724e-05
2020-06-09 16:00:00,-6.717670993896038e-05
2020-06-10 00:00:00,0.00029653688301760047
2020-06-10 08:00:00,0.0001063056085188969
2020-06-10 16:00:00,-2.5143382612175544e-05
2020-06-11 00:00:00,0.0001317243841904557
2020-06-11 08:00:00,4.64609620476838e-05
2020-06-11 16:00:00,0.0006019304915166775
2020-06-12 00:00:00,0.0004425617176236564
2020-06-12 08:00:00,0.0002663708397020445
2020-06-12 16:00:00,0.000565685797474975
2020-06-13 00:00:00,0.0002869022329580951
2020-06-13 08:00:00,0.00010090333289452041
2020-06-13 16:00:00,0.0005795165903457063
2020-06-14 00:00:00,0.0003844053853603084
2020-06-14 08:00:00,7.09057474896871e-05
2020-06-14 16:00:00,0.00024201884446985845
2020-06-15 00:00:00,0.0001066945311412304
2020-06-15 08:00:00,6.989837356916333e-06
2020-06-15 16:00:00,0.0004705168947877136
2020-06-16 00:00:00,0.0006688963151070132
2020-06-16 08:00:00,9.031073980760485e-06
2020-06-16 16:00:00,0.0004030700378143047
2020-06-17 00:00:00,0.0001620792783834268
2020-06-17 08:00:00,0.00019651431718645474
2020-06-17 16:00:00,0.00017719221082322184
2020-06-18 00:00:00,0.00012460444346663424
2020-06-18 08:00:00,0.0003088385247231645
2020-06-18 16:00:00,0.00013467577758359328
2020-06-19 00:00:00,0.0003566887677533704
2020-06-19 08:00:00,0.0002942813824391769
2020-06-19 16:00:00,0.00025827099668732415
2020-06-20 00:00:00,0.0001262794753838882
2020-06-20 08:00:00,0.000194169543410143
2020-06-20 16:00:00,0.0004623336564205625
2020-06-21 00:00:00,0.00041317045051188916
2020-06-21 08:00:00,0.00011920756575890451
2020-06-21 16:00:00,0.0003363166775360616
2020-06-22 00:00:00,0.000468459242856176
2020-06-22 08:00:00,-1.3967636310854468e-05
2020-06-22 16:00:00,0.0004303170601210087
2020-06-23 00:00:00,0.00019085187158745403
2020-06-23 08:00:00,0.00043922795882685704
2020-06-23 16:00:00,0.00017418799553132347
2020-06-24 00:00:00,-3.240499156147522e-05
2020-06-24 08:00:00,4.794542726397754e-06
2020-06-24 16:00:00,0.00034165162136690845
2020-06-25 00:00:00,0.00038571073411053017
2020-06-25 08:00:00,0.00015463451047695377
2020-06-25 16:00:00,0.00046494792898491206
2020-06-26 00:00:00,6.657026507247e-06
2020-06-26 08:00:00,0.0003274766809631774
2020-06-26 16:00:00,0.0001002210024717511
2020-06-27 00:00:00,0.0002137886225954123
2020-06-27 08:00:00,0.0003553671801507287
2020-06-27 16:00:00,0.00017553637456225711
2020-06-28 00:00:00,0.0002724395405046843
2020-06-28 08:00:00,0.0005523408129251392
2020-06-28 16:00:00,0.00023743547890922302
2020-06-29 00:00:00,0.0005216838769584829
2020-06-29 08:00:00,0.00013033568534553264
2020-06-29 16:00:00,0.0004639694935917146
2020-06-30 00:00:00,0.0006480539838718399
2020-06-30 08:00:00,-0.00013285703855359636
2020-06-30 16:00:00,0.00020382441210936784
2020-07-01 00:00:00,0.00048034949037117295
2020-07-01 08:00:00,0.0003260575894580681
2020-07-01 16:00:00,0.0004426274430725302
2020-07-02 00:00:00,0.00024933283278670603
2020-07-02 08:00:00,0.0003891794293560518
2020-07-02 16:00:00,0.0003424576265146577
2020-07-03 00:00:00,0.0006088810876566369
2020-07-03 08:00:00,0.0004279404457165197
2020-07-03 16:00:00,0.00044630841120291923
2020-07-04 00:00:00,0.00029814408729498707
2020-07-04 08:00:00,0.00028472983743658357
2020-07-04 16:00:00,0.0002974710464187598
2020-07-05 00:00:00,0.0004646047141899451
2020-07-05 08:00:00,0.0003032489912818348
2020-07-05 16:00:00,0.0004471324605567718
2020-07-06 00:00:00,0.0008059892506381786
2020-07-06 08:00:00,0.0005668656333270312
2020-07-06 16:00:00,0.00032916758793872613
2020-07-07 00:00:00,0.000636346680536685
2020-07-07 08:00:00,0.0003162204232311876
2020-07-07 16:00:00,-8.057807468471218e-06
2020-07-08 00:00:00,0.00019968143911522048
2020-07-08 08:00:00,2.8871918825131894e-05
2020-07-08 16:00:00,0.0003344592079536431
2020-07-09 00:00:00,0.00041017718233141685
2020-07-09 08:00:00,0.0007435125706801648
2020-07-09 16:00:00,0.0004753421847095425
2020-07-10 00:00:00,0.0003678682059265388
2020-07-10 08:00:00,0.0005793010296566113
2020-07-10 16:00:00,-2.7075546650061908e-05
2020-07-11 00:00:00,0.0004640060285048301
2020-07-11 08:00:00,0.000572787757392112
2020-07-11 16:00:00,0.00012462907119035202
2020-07-12 00:00:00,0.0006508287307193079
2020-07-12 08:00:00,0.0004915088053084066
2020-07-12 16:00:00,0.0003424835427609653
2020-07-13 00:00:00,0.0005538291004939843
2020-07-13 08:00:00,0.0008831429005652083
2020-07-13 16:00:00,0.00046710918174762975
2020-07-14 00:00:00,0.0004821116497275997
2020-07-14 08:00:00,0.0003423269542910854
2020-07-14 16:00:00,0.0002659618620377776
2020-07-15 00:00:00,0.0006037295009711867
2020-07-15 08:00:00,0.00026817717421216594
2020-07-15 16:00:00,0.00045543878856941963
2020-07-16 00:00:00,0.0003473256535041195
2020-07-16 08:00:00,0.000540384709738023
2020-07-16 16:00:00,0.000513052767377736
2020-07-17 00:00:00,0.000655559936903528
2020-07-17 08:00:00,0.0003477802700126004
2020-07-17 16:00:00,0.0003975401644564773
2020-07-18 00:00:00,0.00025749401009029176
2020-07-18 08:00:00,0.0003661197029631326
2020-07-18 16:00:00,0.0005321700553189272
2020-07-19 00:00:00,0.0006098392817706288
2020-07-19 08:00:00,0.0002757400953376351
2020-07-19 16:00:00,0.000635825945925894
2020-07-20 00:00:00,0.0007347639353973538
2020-07-20 08:00:00,0.0005480549460127055
2020-07-20 16:00:00,0.0008424587296111803
2020-07-21 00:00:00,0.0003140733290104542
2020-07-21 08:00:00,0.0002216318299004871
2020-07-21 16:00:00,0.00011655032251351659
2020-07-22 00:00:00,0.0007732348363238106
2020-07-22 08:00:00,0.0006066307070283874
2020-07-22 16:00:00,0.00046637224330708645
2020-07-23 00:00:00,0.0005352145044847433
2020-07-23 08:00:00,0.0002558545714927056
2020-07-23 16:00:00,0.000971834378607348
2020-07-24 00:00:00,0.00051025982081063
2020-07-24 08:00:00,0.0005080261450681647
2020-07-24 16:00:00,0.0006330321126585263
2020-07-25 00:00:00,0.0005858122359577323
2020-07-25 08:00:00,0.0005361187961978177
2020-07-25 16:00:00,0.0003349787019845307
2020-07-26 00:00:00,0.000589098866232394
2020-07-26 08:00:00,0.0008729416958318033
2020-07-26 16:00:00,0.0007673524074993938
2020-07-27 00:00:00,0.0008186373253278794
2020-07-27 08:00:00,0.00040040236735926557
2020-07-27 16:00:00,0.00030737004123928917
2020-07-28 00:00:00,0.0004827791239165783
2020-07-28 08:00:00,0.0005217269930397495
2020-07-28 16:00:00,0.0007320658169217029
2020-07-29 00:00:00,0.00017738008993005205
2020-07-29 08:00:00,0.0008244285824106413
2020-07-29 16:00:00,0.0004895624414482233
2020-07-30 00:00:00,0.0004384333098200398
2020-07-30 08:00:00,0.0003240341514029929
2020-07-30 16:00:00,0.00019812919472737524
2020-07-31 00:00:00,0.0006963801485384147
2020-07-31 08:00:00,0.0005490551278292152
2020-07-31 16:00:00,0.00027904485708882623
2020-08-01 00:00:00,0.0002806667852698164
2020-08-01 08:00:00,0.00047517110247001667
2020-08-01 16:00:00,0.0008787778500314236
2020-08-02 00:00:00,0.0004957007773463267
2020-08-02 08:00:00,0.000249635959640929
2020-08-02 16:00:00,0.0005037614400928641
2020-08-03 00:00:00,0.0005010108416060215
2020-08-03 08:00:00,1.882372961274387e-05
2020-08-03 16:00:00,0.0005499875875429985
2020-08-04 00:00:00,0.0005173051574503279
2020-08-04 08:00:00,0.0007053788391002498
2020-08-04 16:00:00,0.0009385742877721379
2020-08-05 00:00:00,0.000796741577338123
2020-08-05 08:00:00,0.000520296335963108
2020-08-05 16:00:00,0.0003554143949712427
2020-08-06 00:00:00,0.0010940370400150516
2020-08-06 08:00:00,0.0005938542688134797
2020-08-06 16:00:00,0.0005874419430386739
2020-08-07 00:00:00,0.0005824765698795866
2020-08-07 08:00:00,0.000629564042100661
2020-08-07 16:00:00,0.000563720510207804
2020-08-08 00:00:00,0.000480505693862048
2020-08-08 08:00:00,0.0004885118096355195
2020-08-08 16:00:00,0.0005939784464859008
2020-08-09 00:00:00,0.0004944896489478502
2020-08-09 08:00:00,0.0004632509492846729
2020-08-09 16:00:00,0.0006297516540039879
2020-08-10 00:00:00,0.0005601156676269401
2020-08-10 08:00:00,0.0009145552114731515
2020-08-10 16:00:00,8.6208154723514e-05
2020-08-11 00:00:00,0.0008373489894321115
2020-08-11 08:00:00,0.0008709101601926475
2020-08-11 16:00:00,0.00020966057785699437
2020-08-12 00:00:00,0.0005584466081680572
2020-08-12 08:00:00,0.0005553414564304713
2020-08-12 16:00:00,0.00035077279333156804
2020-08-13 00:00:00,0.0004793572974024599
2020-08-13 08:00:00,0.0004154509684729718
2020-08-13 16:00:00,0.0009906657288963647
2020-08-14 00:00:00,0.0008299928214866351
2020-08-14 08:00:00,0.0008998136645014772
2020-08-14 16:00:00,0.0007924825609567952
2020-08-15 00:00:00,0.00042498329655020494
2020-08-15 08:00:00,0.0005485351001831987
2020-08-15 16:00:00,0.0007539595683302398
2020-08-16 00:00:00,0.00041430459695176964
2020-08-16 08:00:00,0.0008039753474101389
2020-08-16 16:00:00,0.000615956084389537
2020-08-17 00:00:00,0.0005917025051567471
2020-08-17 08:00:00,0.0008115041629528677
2020-08-17 16:00:00,0.0007608103342548799
2020-08-18 00:00:00,0.0006024099414393586
2020-08-18 08:00:00,0.000909114637921527
2020-08-18 16:00:00,0.0004636815143742005
2020-08-19 00:00:00,0.0008057268039285353
2020-08-19 08:00:00,0.0008038054367788619
2020-08-19 16:00:00,0.0006259213999678898
2020-08-20 00:00:00,0.0007557027949246141
2020-08-20 08:00:00,0.0004428989778446326
2020-08-20 16:00:00,0.0008805725996085759
2020-08-21 00:00:00,0.0006614322711241006
2020-08-21 08:00:00,0.0005965135969543932
2020-08-21 16:00:00,0.0009135055488710816
2020-08-22 00:00:00,0.0005654804682406545
2020-08-22 08:00:00,0.000427302449721997
2020-08-22 16:00:00,0.0004003143769354309
2020-08-23 00:00:00,0.0008354877045548422
2020-08-23 08:00:00,0.00046084534643196036
2020-08-23 16:00:00,0.0010705355559735925
2020-08-24 00:00:00,0.0003058363406454778
2020-08-24 08:00:00,0.0010641589985257325
2020-08-24 16:00:00,0.0007697167209537512
2020-08-25 00:00:00,0.0007108161077846517
2020-08-25 08:00:00,0.0006238204154424428
2020-08-25 16:00:00,0.0008152769583201496
2020-08-26 00:00:00,0.0007305682976102685
2020-08-26 08:00:00,0.0009614011171440451
2020-08-26 16:00:00,0.0007662317731186514
2020-08-27 00:00:00,0.0007760920983241216
2020-08-27 08:00:00,0.0006759548062344775
2020-08-27 16:00:00,0.0007399336265785378
2020-08-28 00:00:00,0.0008155286077466659
2020-08-28 08:00:00,0.0004145800780824315
2020-08-28 16:00:00,0.0004896221748381165
2020-08-29 00:00:00,0.000910557580709305
2020-08-29 08:00:00,0.000798723352175853
2020-08-29 16:00:00,0.0007303990999252313
2020-08-30 00:00:00,0.0007735280564543485
2020-08-30 08:00:00,0.0008420031135591066
2020-08-30 16:00:00,0.0006671803390704028
2020-08-31 00:00:00,0.0006221168326973153
2020-08-31 08:00:00,0.0008195923314428167
2020-08-31 16:00:00,0.0005873942275457766
2020-09-01 00:00:00,0.0008673648368571801
2020-09-01 08:00:00,0.0004478430675122204
2020-09-01 16:00:00,0.0009968364184704199
2020-09-02 00:00:00,0.0008881702901334023
2020-09-02 08:00:00,0.0008475022431590714
2020-09-02 16:00:00,0.0009954799957309017
2020-09-03 00:00:00,0.001134682190479817
2020-09-03 08:00:00,0.0010071068172364302
2020-09-03 16:00:00,0.0004387034606119778
2020-09-04 00:00:00,0.0005536084161766691
2020-09-04 08:00:00,0.0006872055966301764
2020-09-04 16:00:00,0.0008200330248569817
2020-09-05 00:00:00,0.0009209921215541421
2020-09-05 08:00:00,0.000674957057475127
2020-09-05 16:00:00,0.0008601046756467384
2020-09-06 00:00:00,0.0006743202389261609
2020-09-06 08:00:00,0.0007057387674439384
2020-09-06 16:00:00,0.0005493556113181862
2020-09-07 00:00:00,0.0006486866841111524
2020-09-07 08:00:00,0.0005656419148555693
2020-09-07 16:00:00,0.0006434496880288721
2020-09-08 00:00:00,0.001051998200591409
2020-09-08 08:00:00,0.0006540355661489553
2020-09-08 16:00:00,0.0013730372595283247
2020-09-09 00:00:00,0.000947869929382527
2020-09-09 08:00:00,0.0008888190765908267
2020-09-09 16:00:00,0.0006828257984611118
2020-09-10 00:00:00,0.0009972048330246553
2020-09-10 08:00:00,0.000744660794540805
2020-09-10 16:00:00,0.0008868358253629348
2020-09-11 00:00:00,0.001377096272733124
2020-09-11 08:00:00,0.0008485128877799377
2020-09-11 16:00:00,0.0011002250356275055
2020-09-12 00:00:00,0.0007323805879906956
2020-09-12 08:00:00,0.0008686636775619834
2020-09-12 16:00:00,0.0012324670054339802
2020-09-13 00:00:00,0.0007555589693948275
2020-09-13 08:00:00,0.0012460875951972694
2020-09-13 16:00:00,0.0010277937733344815
2020-09-14 00:00:00,0.0007763955337100354
2020-09-14 08:00:00,0.0010180159393454956
2020-09-14 16:00:00,0.0010886907841052402
2020-09-15 00:00:00,0.0010211873892688361
2020-09-15 08:00:00,0.0005854259554928082
2020-09-15 16:00:00,0.0007566889669514284
2020-09-16 00:00:00,0.0008552581776516037
2020-09-16 08:00:00,0.0008925207215873982
2020-09-16 16:00:00,0.0010341873295630457
2020-09-17 00:00:00,0.0009482386128850636
2020-09-17 08:00:00,0.0006482750436018951
2020-09-17 16:00:00,0.0009940289881906106
2020-09-18 00:00:00,0.0010427520696916852
2020-09-18 08:00:00,0.0010352385128666313
2020-09-18 16:00:00,0.0011420820710368504
2020-09-19 00:00:00,0.0010953558594812094
2020-09-19 08:00:00,0.0010230529470626184
2020-09-19 16:00:00,0.0009198292915707045
2020-09-20 00:00:00,0.0006043157498047383
2020-09-20 08:00:00,0.0010250770829799563
2020-09-20 16:00:00,0.000983336479231564
2020-09-21 00:00:00,0.0009987602118835192
2020-09-21 08:00:00,0.0006917402319258853
2020-09-21 16:00:00,0.0007335241416537974
2020-09-22 00:00:00,0.001163011523047533
2020-09-22 08:00:00,0.000947115424255124
2020-09-22 16:00:00,0.0010939720971464826
2020-09-23 00:00:00,0.0009659811355435526
2020-09-23 08:00:00,0.000968914190862112
2020-09-23 16:00:00,0.0011532652268036651
2020-09-24 00:00:00,0.0008650450226104934
2020-09-24 08:00:00,0.0009901236262876676
2020-09-24 16:00:00,0.000881089915803965
2020-09-25 00:00:00,0.0008892912307040131
2020-09-25 08:00:00,0.0009170015541422509
2020-09-25 16:00:00,0.0010259082358082241
2020-09-26 00:00:00,0.0008883772597942887
2020-09-26 08:00:00,0.001237923711887191
2020-09-26 16:00:00,0.0008104965289740887
2020-09-27 00:00:00,0.0009546891632312202
2020-09-27 08:00:00,0.0009067627830541598
2020-09-27 16:00:00,0.0012867500742252441
2020-09-28 00:00:00,0.001039310955302315
2020-09-28 08:00:00,0.0012090144105392296
2020-09-28 16:00:00,0.0007081789306836108
2020-09-29 00:00:00,0.00106134656111036
2020-09-29 08:00:00,0.0011885081697066981
2020-09-29 16:00:00,0.0010296843110825982
2020-09-30 00:00:00,0.0012289690908860863
2020-09-30 08:00:00,0.000915060828498444
2020-09-30 16:00:00,0.0013030335092011373
2020-10-01 00:00:00,0.001483589148533374
2020-10-01 08:00:00,0.0009538873143670946
2020-10-01 16:00:00,0.0009400000248203749
2020-10-02 00:00:00,0.0013224229271695718
2020-10-02 08:00:00,0.001350305963537677
2020-10-02 16:00:00,0.0009324650316063834
2020-10-03 00:00:00,0.0009556451762633682
2020-10-03 08:00:00,0.000985971120555941
2020-10-03 16:00:00,0.0007760834427666894
2020-10-04 00:00:00,0.000863888658322208
2020-10-04 08:00:00,0.0008494363969141366
2020-10-04 16:00:00,0.0008993505398892272
2020-10-05 00:00:00,0.0010486185780781995
2020-10-05 08:00:00,0.0011050440047083623
2020-10-05 16:00:00,0.0013709466594093763
2020-10-06 00:00:00,0.0008638212553443052
2020-10-06 08:00:00,0.001263002045832883
2020-10-06 16:00:00,0.0010259852999379671
2020-10-07 00:00:00,0.001061535829498085
2020-10-07 08:00:00,0.0012090379725073948
2020-10-07 16:00:00,0.0008521751724071172
2020-10-08 00:00:00,0.0011558470286018893
2020-10-08 08:00:00,0.0011153010236531933
2020-10-08 16:00:00,0.0011831463374577145
2020-10-09 00:00:00,0.001145135316083151
2020-10-09 08:00:00,0.001581007117929269
2020-10-09 16:00:00,0.0009650445957423294
2020-10-10 00:00:00,0.0009890387042377317
2020-10-10 08:00:00,0.000973255492598645
2020-10-10 16:00:00,0.0009894336766970496
2020-10-11 00:00:00,0.0009756971777132998
2020-10-11 08:00:00,0.001343623412041616
2020-10-11 16:00:00,0.0013925664580635795
2020-10-12 00:00:00,0.0009969618523612159
2020-10-12 08:00:00,0.000947285499135768
2020-10-12 16:00:00,0.0012106852276793974
2020-10-13 00:00:00,0.0010086030101914246
2020-10-13 08:00:00,0.0012482794852442239
2020-10-13 16:00:00,0.0011649232285088843
2020-10-14 00:00:00,0.0008238353039846805
2020-10-14 08:00:00,0.001439130669895642
2020-10-14 16:00:00,0.0014914506668942367
2020-10-15 00:00:00,0.0010123628968237578
2020-10-15 08:00:00,0.0010600258255789407
2020-10-15 16:00:00,0.001197384718356621
2020-10-16 00:00:00,0.001209748500854548
2020-10-16 08:00:00,0.0012772115000372116
2020-10-16 16:00:00,0.001550189055901418
2020-10-17 00:00:00,0.001115404205294841
2020-10-17 08:00:00,0.0009937797045314627
2020-10-17 16:00:00,0.0008802208104817506
2020-10-18 00:00:00,0.001012544150741775
2020-10-18 08:00:00,0.0011547502668009019
2020-10-18 16:00:00,0.0015229327367247217
2020-10-19 00:00:00,0.0010631444068594322
2020-10-19 08:00:00,0.0012140697596399492
2020-10-19 16:00:00,0.0011686730927431216
2020-10-20 00:00:00,0.0014122818292927914
2020-10-20 08:00:00,0.0016826351624234016
2020-10-20 16:00:00,0.0010737204253101157
2020-10-21 00:00:00,0.0010846517940360382
2020-10-21 08:00:00,0.0013940173605989997
2020-10-21 16:00:00,0.00132420898575595
2020-10-22 00:00:00,0.0015598176556233974
2020-10-22 08:00:00,0.001309907330186886
2020-10-22 16:00:00,0.001123908777609784
2020-10-23 00:00:00,0.0013165436645511603
2020-10-23 08:00:00,0.0014227989171747826
2020-10-23 16:00:00,0.0013678001399431766
2020-10-24 00:00:00,0.001307804012570666
2020-10-24 08:00:00,0.0014223296469125398
2020-10-24 16:00:00,0.0014454993297293463
2020-10-25 00:00:00,0.0014907175124932196
2020-10-25 08:00:00,0.0013466731944491456
2020-10-25 16:00:00,0.0011861531035133486
2020-10-26 00:00:00,0.0012515649595088868
2020-10-26 08:00:00,0.0014661695181693963
2020-10-26 16:00:00,0.00106412609331578
2020-10-27 00:00:00,0.0013038933919333104
2020-10-27 08:00:00,0.0011541364703387606
2020-10-27 16:00:00,0.001241198700036699
2020-10-28 00:00:00,0.001493785610616698
2020-10-28 08:00:00,0.0012789605543447214
2020-10-28 16:00:00,0.0012526735530174731
2020-10-29 00:00:00,0.0009740605178357622
2020-10-29 08:00:00,0.0013979279618826928
2020-10-29 16:00:00,0.0013804195875509666
2020-10-30 00:00:00,0.0016866191986293461
2020-10-30 08:00:00,0.0011950581096231564
2020-10-30 16:00:00,0.001303089324792047
2020-10-31 00:00:00,0.001311781498646913
2020-10-31 08:00:00,0.0015800409205029594
2020-10-31 16:00:00,0.0012481366607183769
2020-11-01 00:00:00,0.0013256455749953377
2020-11-01 08:00:00,0.0013940660744300806
2020-11-01 16:00:00,0.0013124540997635466
2020-11-02 00:00:00,0.001188491054867672
2020-11-02 08:00:00,0.001319241279002942
2020-11-02 16:00:00,0.0014977951330407374
2020-11-03 00:00:00,0.0010804112258320738
2020-11-03 08:00:00,0.0013149537231891635
2020-11-03 16:00:00,0.0011509811280174564
2020-11-04 00:00:00,0.0015326601194357622
2020-11-04 08:00:00,0.0009916589153395412
2020-11-04 16:00:00,0.0011871574294874815
2020-11-05 00:00:00,0.0013770296766002057
2020-11-05 08:00:00,0.0016173376100796725
2020-11-05 16:00:00,0.0012937282546637092
2020-11-06 00:00:00,0.0011984839041851698
2020-11-06 08:00:00,0.0016884007260574304
2020-11-06 16:00:00,0.001025212034731566
2020-11-07 00:00:00,0.0008776991261363011
2020-11-07 08:00:00,0.0014081087101164866
2020-11-07 16:00:00,0.0012223404778808004
2020-11-08 00:00:00,0.0011211502619706828
2020-11-08 08:00:00,0.0014697136175021988
2020-11-08 16:00:00,0.0013794479734420704
2020-11-09 00:00:00,0.0012205176071859879
2020-11-09 08:00:00,0.001079917956244657
2020-11-09 16:00:00,0.0015131158042803676
2020-11-10 00:00:00,0.0014713100768615735
2020-11-10 08:00:00,0.0013240801711594673
2020-11-10 16:00:00,0.0017158882457703798
2020-11-11 00:00:00,0.0011351893959411186
2020-11-11 08:00:00,0.0010467468176669041
2020-11-11 16:00:00,0.0012161157405211056
2020-11-12 00:00:00,0.0013480256538717576
2020-11-12 08:00:00,0.0014084562496528984
2020-11-12 16:00:00,0.0013141866508625964
2020-11-13 00:00:00,0.0014354904443822246
2020-11-13 08:00:00,0.001117416982886779
2020-11-13 16:00:00,0.0016591232911850223
2020-11-14 00:00:00,0.0013565856373373593
2020-11-14 08:00:00,0.0015991205419790013
2020-11-14 16:00:00,0.001446851947582419
2020-11-15 00:00:00,0.0014723030247831377
2020-11-15 08:00:00,0.0014975513396443243
2020-11-15 16:00:00,0.0014757850982468493
2020-11-16 00:00:00,0.0015174334408623977
2020-11-16 08:00:00,0.0016573648975608778
2020-11-16 16:00:00,0.0014334841281201883
2020-11-17 00:00:00,0.0015386261483430993
2020-11-17 08:00:00,0.0013815237606134541
2020-11-17 16:00:00,0.0016901398452062967
2020-11-18 00:00:00,0.0012694834443500507
2020-11-18 08:00:00,0.0017675954939895707
2020-11-18 16:00:00,0.0014020213199240413
2020-11-19 00:00:00,0.0011265433922748032
2020-11-19 08:00:00,0.0014409647983260733
2020-11-19 16:00:00,0.0012817790864944419
2020-11-20 00:00:00,0.0015887636304326657
2020-11-20 08:00:00,0.001292755627419945
2020-11-20 16:00:00,0.00133668923928297
2020-11-21 00:00:00,0.0010506632823823222
2020-11-21 08:00:00,0.001340755667367116
2020-11-21 16:00:00,0.0009490865685366427
2020-11-22 00:00:00,0.0011197273718107916
2020-11-22 08:00:00,0.0015912363703822986
2020-11-22 16:00:00,0.0015989589735291082
2020-11-23 00:00:00,0.0015295359568014374
2020-11-23 08:00:00,0.0012536947184641047
2020-11-23 16:00:00,0.0014401931785070537
2020-11-24 00:00:00,0.0014516604445628388
2020-11-24 08:00:00,0.0012233535171879467
2020-11-24 16:00:00,0.0017583516180253878
2020-11-25 00:00:00,0.0016357899184325946
2020-11-25 08:00:00,0.0014187701281970302
2020-11-25 16:00:00,0.0014709856334073716
2020-11-26 00:00:00,0.0015099305298434788
2020-11-26 08:00:00,0.0010625524972146126
2020-11-26 16:00:00,0.0014241094970408542
2020-11-27 00:00:00,0.0013397936265909165
2020-11-27 08:00:00,0.0012785119768569957
2020-11-27 16:00:00,0.0014252614229042905
2020-11-28 00:00:00,0.0018436642894968888
2020-11-28 08:00:00,0.0016149410590258887
2020-11-28 16:00:00,0.00137518219146143
2020-11-29 00:00:00,0.0016065800483347238
2020-11-29 08:00:00,0.0017745800820261953
2020-11-29 16:00:00,0.0016822812339370513
2020-11-30 00:00:00,0.0015119260739840349
2020-11-30 08:00:00,0.0013673868380072725
2020-11-30 16:00:00,0.0016331930498194923
2020-12-01 00:00:00,0.0015690196577295113
2020-12-01 08:00:00,0.001666135418199095
2020-12-01 16:00:00,0.0016109053280783294
2020-12-02 00:00:00,0.0016905557043541896
2020-12-02 08:00:00,0.001370372312526596
2020-12-02 16:00:00,0.001737672361513962
2020-12-03 00:00:00,0.0015104876628739639
2020-12-03 08:00:00,0.001882794110008924
2020-12-03 16:00:00,0.0013266785654143444
2020-12-04 00:00:00,0.001808483083213695
2020-12-04 08:00:00,0.001497646672821562
2020-12-04 16:00:00,0.0013245551089545297
2020-12-05 00:00:00,0.0013548357364149422
2020-12-05 08:00:00,0.0013843176351353295
2020-12-05 16:00:00,0.001529994479602964
2020-12-06 00:00:00,0.0015465025814780677
2020-12-06 08:00:00,0.001323969676631639
2020-12-06 16:00:00,0.0014306129525155453
2020-12-07 00:00:00,0.0018607121362385019
2020-12-07 08:00:00,0.0017745408920846585
2020-12-07 16:00:00,0.0015130711855477097
2020-12-08 00:00:00,0.0014301813407949305
2020-12-08 08:00:00,0.0014433611040533297
2020-12-08 16:00:00,0.0015388326268041478
2020-12-09 00:00:00,0.0012083447127667704
2020-12-09 08:00:00,0.0013582021118701696
2020-12-09 16:00:00,0.001072734798127708
2020-12-10 00:00:00,0.0014830704309726688
2020-12-10 08:00:00,0.0015294391879405482
2020-12-10 16:00:00,0.0013001369010885123
2020-12-11 00:00:00,0.0017083457397547809
2020-12-11 08:00:00,0.001145169448044693
2020-12-11 16:00:00,0.0010942217981515844
2020-12-12 00:00:00,0.0014287613314539298
2020-12-12 08:00:00,0.0015900648218127535
2020-12-12 16:00:00,0.0017142048931302833
2020-12-13 00:00:00,0.0012824166958133086
2020-12-13 08:00:00,0.001586703908621743
2020-12-13 16:00:00,0.0013600402415837294
2020-12-14 00:00:00,0.001329990669044094
2020-12-14 08:00:00,0.0015380223100779796
2020-12-14 16:00:00,0.0014885290918117162
2020-12-15 00:00:00,0.0010395602782805695
2020-12-15 08:00:00,0.0016469209731709857
2020-12-15 16:00:00,0.0016244053676036838
2020-12-16 00:00:00,0.0012200487500206745
2020-12-16 08:00:00,0.0014210961905584494
2020-12-16 16:00:00,0.0014375157146759025
2020-12-17 00:00:00,0.0013876186241325232
2020-12-17 08:00:00,0.001222197033747045
2020-12-17 16:00:00,0.0011947075844769058
2020-12-18 00:00:00,0.0013206956374146141
2020-12-18 08:00:00,0.0015571264490131633
2020-12-18 16:00:00,0.0014280748696285637
2020-12-19 00:00:00,0.0012420061658408432
2020-12-19 08:00:00,0.0014672429679361205
2020-12-19 16:00:00,0.0007399688952288235
2020-12-20 00:00:00,0.0015362047529776464
2020-12-20 08:00:00,0.0009552830506959929
2020-12-20 16:00:00,0.0012275118117193735
2020-12-21 00:00:00,0.0010728402146231583
2020-12-21 08:00:00,0.001034612091952593
2020-12-21 16:00:00,0.0015224879381208652
2020-12-22 00:00:00,0.0011935565339311702
2020-12-22 08:00:00,0.0013531717440880787
2020-12-22 16:00:00,0.0012712610455144855
2020-12-23 00:00:00,0.0013728275202833339
2020-12-23 08:00:00,0.0012895579265991477
2020-12-23 16:00:00,0.0010143692970977698
2020-12-24 00:00:00,0.001466995299373299
2020-12-24 08:00:00,0.0011657648123999955
2020-12-24 16:00:00,0.000949973942848695
2020-12-25 00:00:00,0.0011724414839358497
2020-12-25 08:00:00,0.0015549906678042813
2020-12-25 16:00:00,0.0014216572516485048
2020-12-26 00:00:00,0.0011786566698926216
2020-12-26 08:00:00,0.0011753097494588947
2020-12-26 16:00:00,0.001177608473627491
2020-12-27 00:00:00,0.0016540592741315229
2020-12-27 08:00:00,0.0013118709614140525
2020-12-27 16:00:00,0.001318266393954343
2020-12-28 00:00:00,0.0014350889488708846
2020-12-28 08:00:00,0.0012735642834182058
2020-12-28 16:00:00,0.0011707722159971497
2020-12-29 00:00:00,0.0011800848688926818
2020-12-29 08:00:00,0.0012018087803752518
2020-12-29 16:00:00,0.001205458778504483
2020-12-30 00:00:00,0.0013552033280822345
2020-12-30 08:00:00,0.0012168407900646856
2020-12-30 16:00:00,0.0013497538218947287
2020-12-31 00:00:00,0.0011838566839782834
2020-12-31 08:00:00,0.0012698937047298847
2020-12-31 16:00:00,0.0009086931964269117
2021-01-01 00:00:00,0.0015457655349404964
2021-01-01 08:00:00,0.0014859643618462652
2021-01-01 16:00:00,0.0016704353553052638
2021-01-02 00:00:00,0.000945748924361262
2021-01-02 08:00:00,0.0019968416076228124
2021-01-02 16:00:00,0.0016054154077022984
2021-01-03 00:00:00,0.0019091365633475033
2021-01-03 08:00:00,0.0015336854812415604
2021-01-03 16:00:00,0.0019183881143458473
2021-01-04 00:00:00,0.0016393168873652688
2021-01-04 08:00:00,0.0017794128745275057
2021-01-04 16:00:00,0.0023411396041066903
2021-01-05 00:00:00,0.001974363519847331
2021-01-05 08:00:00,0.002110153241302611
2021-01-05 16:00:00,0.0022948468794710838
2021-01-06 00:00:00,0.0022741363775945207
2021-01-06 08:00:00,0.002259250447695382
2021-01-06 16:00:00,0.0023563255338265787
2021-01-07 00:00:00,0.002818183117047655
2021-01-07 08:00:00,0.00238014290725995
2021-01-07 16:00:00,0.0024860531426763267
2021-01-08 00:00:00,0.0027101308792015226
2021-01-08 08:00:00,0.0027158021562885665
2021-01-08 16:00:00,0.0027268000005060155
2021-01-09 00:00:00,0.002611836953496746
2021-01-09 08:00:00,0.002250186896241782
2021-01-09 16:00:00,0.002800171154945068
2021-01-10 00:00:00,0.0022389127395780807
2021-01-10 08:00:00,0.0025234058809265945
2021-01-10 16:00:00,0.002306720587571886
2021-01-11 00:00:00,0.002439445057954129
2021-01-11 08:00:00,0.002512722179030393
2021-01-11 16:00:00,0.002505938109756721
2021-01-12 00:00:00,0.002520747787210693
2021-01-12 08:00:00,0.0027538028598723357
2021-01-12 16:00:00,0.0025164644360603718
2021-01-13 00:00:00,0.0023716232183964158
2021-01-13 08:00:00,0.0026079689488091866
2021-01-13 16:00:00,0.0026477425826334127
2021-01-14 00:00:00,0.0021590238915180564
2021-01-14 08:00:00,0.002518722438212396
2021-01-14 16:00:00,0.0025341739424015737
2021-01-15 00:00:00,0.002329123662964365
2021-01-15 08:00:00,0.002658474695995657
2021-01-15 16:00:00,0.002348019185623798
2021-01-16 00:00:00,0.0023978425634215814
2021-01-16 08:00:00,0.0023328098775674687
2021-01-16 16:00:00,0.0023652370216375057
2021-01-17 00:00:00,0.0021375631644391414
2021-01-17 08:00:00,0.0020635049749962923
2021-01-17 16:00:00,0.0026651131338571157
2021-01-18 00:00:00,0.0021715168212454255
2021-01-18 08:00:00,0.002137327590714799
2021-01-18 16:00:00,0.0018996250075822873
2021-01-19 00:00:00,0.002197207650462099
2021-01-19 08:00:00,0.0020550790110154702
2021-01-19 16:00:00,0.002642796971421213
2021-01-20 00:00:00,0.002511054326959436
2021-01-20 08:00:00,0.002166157809752334
2021-01-20 16:00:00,0.00274897200955371
2021-01-21 00:00:00,0.002489534915580137
2021-01-21 08:00:00,0.0022229125111770634
2021-01-21 16:00:00,0.0017826946146010428
2021-01-22 00:00:00,0.0027354612417908753
2021-01-22 08:00:00,0.0019940552036169777
2021-01-22 16:00:00,0.0019375869172752885
2021-01-23 00:00:00,0.0024658777227655644
2021-01-23 08:00:00,0.0027440110873284606
2021-01-23 16:00:00,0.0025276121394596793
2021-01-24 00:00:00,0.0023582363694650173
2021-01-24 08:00:00,0.0023591023834845723
2021-01-24 16:00:00,0.0024055315966045464
2021-01-25 00:00:00,0.0023813311725028076
2021-01-25 08:00:00,0.0022804807090362994
2021-01-25 16:00:00,0.002239779614729769
2021-01-26 00:00:00,0.0022011177380564595
2021-01-26 08:00:00,0.002057540415559998
2021-01-26 16:00:00,0.0021468952876569484
2021-01-27 00:00:00,0.0018591359098881956
2021-01-27 08:00:00,0.002172756317065292
2021-01-27 16:00:00,0.0019894029906910287
2021-01-28 00:00:00,0.0019611003183750276
2021-01-28 08:00:00,0.002212493981745847
2021-01-28 16:00:00,0.002449612578481041
2021-01-29 00:00:00,0.0023495724121095534
2021-01-29 08:00:00,0.0018465059398814253
2021-01-29 16:00:00,0.0019573774029889627
2021-01-30 00:00:00,0.0023381542375976432
2021-01-30 08:00:00,0.0019481994909893077
2021-01-30 16:00:00,0.0020944673093945343
2021-01-31 00:00:00,0.0022441013288958195
2021-01-31 08:00:00,0.0019351189878151517
2021-01-31 16:00:00,0.0021445599497140404
2021-02-01 00:00:00,0.0018513767191981772
2021-02-01 08:00:00,0.001992605259088545
2021-02-01 16:00:00,0.0021715321444042653
2021-02-02 00:00:00,0.0017836739805663934
2021-02-02 08:00:00,0.002185064644561777
2021-02-02 16:00:00,0.0020877391068813305
2021-02-03 00:00:00,0.002196861627247066
2021-02-03 08:00:00,0.0021258434328735383
2021-02-03 16:00:00,0.0023485856617523446
2021-02-04 00:00:00,0.002095499445984127
2021-02-04 08:00:00,0.0019792704069264643
2021-02-04 16:00:00,0.0020843079854549413
2021-02-05 00:00:00,0.0021632050603527324
2021-02-05 08:00:00,0.0020590144383075652
2021-02-05 16:00:00,0.0020520577321801706
2021-02-06 00:00:00,0.0018982380260750124
2021-02-06 08:00:00,0.0019007531498231435
2021-02-06 16:00:00,0.0017475092486703644
2021-02-07 00:00:00,0.0023726426213646606
2021-02-07 08:00:00,0.0017686515953459854
2021-02-07 16:00:00,0.0018735401725620306
2021-02-08 00:00:00,0.0018631367287043421
2021-02-08 08:00:00,0.00218050002690404
2021-02-08 16:00:00,0.0019372221855537158
2021-02-09 00:00:00,0.0022404575054438378
2021-02-09 08:00:00,0.001850907935757287
2021-02-09 16:00:00,0.0020361018627477905
2021-02-10 00:00:00,0.0018079305893480488
2021-02-10 08:00:00,0.0023987267952516474
2021-02-10 16:00:00,0.0017268742555880368
2021-02-11 00:00:00,0.0020210550511363147
2021-02-11 08:00:00,0.0020805432549742984
2021-02-11 16:00:00,0.002031244667975148
2021-02-12 00:00:00,0.0019061242864062767
2021-02-12 08:00:00,0.0019119146479321027
2021-02-12 16:00:00,0.0019413380519715795
2021-02-13 00:00:00,0.0018978723269470294
2021-02-13 08:00:00,0.002114745520328679
2021-02-13 16:00:00,0.002358771266984937
2021-02-14 00:00:00,0.0017998652793620696
2021-02-14 08:00:00,0.0016321000101447904
2021-02-14 16:00:00,0.0018831011660873248
2021-02-15 00:00:00,0.0024113964129854094
2021-02-15 08:00:00,0.001729416601557569
2021-02-15 16:00:00,0.0022126718459372983
2021-02-16 00:00:00,0.0022150856173607427
2021-02-16 08:00:00,0.0017635247759008252
2021-02-16 16:00:00,0.001982736009776449
2021-02-17 00:00:00,0.0021893156882620713
2021-02-17 08:00:00,0.001782507785135836
2021-02-17 16:00:00,0.0018123142310098306
2021-02-18 00:00:00,0.0017313910899375438
2021-02-18 08:00:00,0.001639472896285669
2021-02-18 16:00:00,0.0017072657031080107
2021-02-19 00:00:00,0.0015870301284657306
2021-02-19 08:00:00,0.0018333318451669966
2021-02-19 16:00:00,0.0016672174750003927
2021-02-20 00:00:00,0.0018626662732672405
2021-02-20 08:00:00,0.0014994269313653352
2021-02-20 16:00:00,0.0018714790767459218
2021-02-21 00:00:00,0.001966705792321785
2021-02-21 08:00:00,0.0013948426150754525
2021-02-21 16:00:00,0.0018619908011490015
2021-02-22 00:00:00,0.002026303029263889
2021-02-22 08:00:00,0.0015324307706207332
2021-02-22 16:00:00,0.0021024631953162586
2021-02-23 00:00:00,0.0018453422634116705
2021-02-23 08:00:00,0.0016141258339765234
2021-02-23 16:00:00,0.0017375641331864075
2021-02-24 00:00:00,0.0018539730748120369
2021-02-24 08:00:00,0.0017510985141799182
2021-02-24 16:00:00,0.0018372383779764532
2021-02-25 00:00:00,0.0015389422044610498
2021-02-25 08:00:00,0.0017505388314738822
2021-02-25 16:00:00,0.0014275135108754143
2021-02-26 00:00:00,0.0016816009415764137
2021-02-26 08:00:00,0.0015166543691429394
2021-02-26 16:00:00,0.0015439196525076878
2021-02-27 00:00:00,0.0019318340196574722
2021-02-27 08:00:00,0.0018964671523239822
2021-02-27 16:00:00,0.0017936224959763073
2021-02-28 00:00:00,0.0014469220624500994
2021-02-28 08:00:00,0.0015956926690353984
2021-02-28 16:00:00,0.0018951836425599392
2021-03-01 00:00:00,0.001674497228881827
2021-03-01 08:00:00,0.0021036094977399285
2021-03-01 16:00:00,0.0017119969012122076
2021-03-02 00:00:00,0.001665332900221083
2021-03-02 08:00:00,0.0015586895276723202
2021-03-02 16:00:00,0.0016408107450590205
2021-03-03 00:00:00,0.0015771983404161988
2021-03-03 08:00:00,0.0017429037866197694
2021-03-03 16:00:00,0.0017862122582307117
2021-03-04 00:00:00,0.0014312636463599485
2021-03-04 08:00:00,0.0013158046913397264
2021-03-04 16:00:00,0.0012083999510203662
2021-03-05 00:00:00,0.001670829034613278
2021-03-05 08:00:00,0.001342147191585738
2021-03-05 16:00:00,0.0011258321378197597
2021-03-06 00:00:00,0.0016277157209061929
2021-03-06 08:00:00,0.0020421896470763016
2021-03-06 16:00:00,0.0015359653048715085
2021-03-07 00:00:00,0.0016984673856595591
2021-03-07 08:00:00,0.0015407248460684872
2021-03-07 16:00:00,0.0014981707873104894
2021-03-08 00:00:00,0.0016953537581360153
2021-03-08 08:00:00,0.001447073296290475
2021-03-08 16:00:00,0.0015521964115323293
2021-03-09 00:00:00,0.001556647253546895
2021-03-09 08:00:00,0.001352279345168826
2021-03-09 16:00:00,0.0016778956493944841
2021-03-10 00:00:00,0.001438084971737841
2021-03-10 08:00:00,0.0013155176347680974
2021-03-10 16:00:00,0.0015675583789704908
2021-03-11 00:00:00,0.0012741525574879462
2021-03-11 08:00:00,0.0014530721289097229
2021-03-11 16:00:00,0.0014392018416968001
2021-03-12 00:00:00,0.0016517944977817
2021-03-12 08:00:00,0.0015231447747811185
2021-03-12 16:00:00,0.0014167894800458428
2021-03-13 00:00:00,0.0015789378752246726
2021-03-13 08:00:00,0.0016870158687778214
2021-03-13 16:00:00,0.0015141261638344748
2021-03-14 00:00:00,0.001398224370122522
2021-03-14 08:00:00,0.0011273763432735576
2021-03-14 16:00:00,0.0011703106007182587
2021-03-15 00:00:00,0.0013158781360521432
2021-03-15 08:00:00,0.0012486103800809637
2021-03-15 16:00:00,0.0013267083035054749
2021-03-16 00:00:00,0.001369022292671729
2021-03-16 08:00:00,0.0014572206021533974
2021-03-16 16:00:00,0.0013307720392599766
2021-03-17 00:00:00,0.0014357618672267787
2021-03-17 08:00:00,0.001344946165013306
2021-03-17 16:00:00,0.0009305477123702512
2021-03-18 00:00:00,0.0011313636904670182
2021-03-18 08:00:00,0.0012840030016761897
2021-03-18 16:00:00,0.0010644713078420348
2021-03-19 00:00:00,0.0014199857459992408
2021-03-19 08:00:00,0.001599739910058483
2021-03-19 16:00:00,0.0015309318575189505
2021-03-20 00:00:00,0.0012380806565831892
2021-03-20 08:00:00,0.0015725042017289649
2021-03-20 16:00:00,0.0012976822093891402
2021-03-21 00:00:00,0.0011941212673148537
2021-03-21 08:00:00,0.0011324476724200172
2021-03-21 16:00:00,0.0011882240114203231
2021-03-22 00:00:00,0.0011646723285994465
2021-03-22 08:00:00,0.0012699806803725335
2021-03-22 16:00:00,0.0012616019756971524
2021-03-23 00:00:00,0.001223686127107606
2021-03-23 08:00:00,0.0013040543006159367
2021-03-23 16:00:00,0.0014483856652136786
2021-03-24 00:00:00,0.0013937569809344187
2021-03-24 08:00:00,0.0009004563037459168
2021-03-24 16:00:00,0.0006802414140452501
2021-03-25 00:00:00,0.0013714793668632393
2021-03-25 08:00:00,0.000904829388522044
2021-03-25 16:00:00,0.0011268417914163352
2021-03-26 00:00:00,0.0009313620101727435
2021-03-26 08:00:00,0.000798578271458355
2021-03-26 16:00:00,0.00126085664820506
2021-03-27 00:00:00,0.0012979848782143754
2021-03-27 08:00:00,0.0010244415095982456
2021-03-27 16:00:00,0.0006151248749043512
2021-03-28 00:00:00,0.0010176741872725804
2021-03-28 08:00:00,0.0011988736215933298
2021-03-28 16:00:00,0.0008183202503477382
2021-03-29 00:00:00,0.0011443642916481387
2021-03-29 08:00:00,0.001098220081447452
2021-03-29 16:00:00,0.0012107300947920125
2021-03-30 00:00:00,0.001112377612144369
2021-03-30 08:00:00,0.0008874374938749709
2021-03-30 16:00:00,0.0013149553259739239
2021-03-31 00:00:00,0.0010375248546253752
2021-03-31 08:00:00,0.0010573596049185264
2021-03-31 16:00:00,0.0008697566645956171
2021-04-01 00:00:00,0.0009613435497616979
2021-04-01 08:00:00,0.0008666292007843634
2021-04-01 16:00:00,0.0010025902751948023
2021-04-02 00:00:00,0.0013731109267976992
2021-04-02 08:00:00,0.0007499787457727028
2021-04-02 16:00:00,0.0006952364383733694
2021-04-03 00:00:00,0.001305772527037183
2021-04-03 08:00:00,0.0009632634696978316
2021-04-03 16:00:00,0.0008649034009859651
2021-04-04 00:00:00,0.0012002886297869074
2021-04-04 08:00:00,0.0008647743279500628
2021-04-04 16:00:00,0.0013446891221965665
2021-04-05 00:00:00,0.0011086620973447768
2021-04-05 08:00:00,0.0008690843850375261
2021-04-05 16:00:00,0.0013917180529095109
2021-04-06 00:00:00,0.0008327031692454861
2021-04-06 08:00:00,0.0010958549718377588
2021-04-06 16:00:00,0.0010008841571069393
2021-04-07 00:00:00,0.0011949636424951442
2021-04-07 08:00:00,0.0012405073675504988
2021-04-07 16:00:00,0.0009281957016080251
2021-04-08 00:00:00,0.0007647010413153785
2021-04-08 08:00:00,0.001000968787562182
2021-04-08 16:00:00,0.0007670210286136812
2021-04-09 00:00:00,0.0012988312956591706
2021-04-09 08:00:00,0.0009170506559601371
2021-04-09 16:00:00,0.0008102690230709115
2021-04-10 00:00:00,0.0009138591380960585
2021-04-10 08:00:00,0.0006010875626068812
2021-04-10 16:00:00,0.0006697797564004337
2021-04-11 00:00:00,0.0010977750892811927
2021-04-11 08:00:00,0.0007199031954877721
2021-04-11 16:00:00,0.0006354895983354069
2021-04-12 00:00:00,0.0009457920889669956
2021-04-12 08:00:00,0.0010691921129838814
2021-04-12 16:00:00,0.0009694316877740389
2021-04-13 00:00:00,0.0010184403063919325
2021-04-13 08:00:00,0.0006614614951066205
2021-04-13 16:00:00,0.0005220481230618875
2021-04-14 00:00:00,0.0011002667303910973
2021-04-14 08:00:00,0.0007140354608030015
2021-04-14 16:00:00,0.0007069762538518476
2021-04-15 00:00:00,0.0010013531140840974
2021-04-15 08:00:00,0.0008255317161658463
2021-04-15 16:00:00,0.0007840346972734644
2021-04-16 00:00:00,0.0011044290404087884
2021-04-16 08:00:00,0.0005212963539239715
2021-04-16 16:00:00,0.0008141394541876761
2021-04-17 00:00:00,0.0006185454821222741
2021-04-17 08:00:00,0.0006394327414869372
2021-04-17 16:00:00,0.0008699793995682206
2021-04-18 00:00:00,0.0006444242941150676
2021-04-18 08:00:00,0.0006290877872384981
2021-04-18 16:00:00,0.0007145014674619604
2021-04-19 00:00:00,0.00040558088266285156
2021-04-19 08:00:00,0.0002893009236750559
2021-04-19 16:00:00,0.00022675244691007903
2021-04-20 00:00:00,2.1014396410513924e-05
2021-04-20 08:00:00,0.0008040985688452073
2021-04-20 16:00:00,0.00015078689828423484
2021-04-21 00:00:00,0.00030574927528284563
2021-04-21 08:00:00,0.0002732087685936445
2021-04-21 16:00:00,0.0003686241967046773
2021-04-22 00:00:00,0.00044886172822214507
2021-04-22 08:00:00,0.0004363804119576634
2021-04-22 16:00:00,0.00012624165514335517
2021-04-23 00:00:00,0.00018800422867128923
2021-04-23 08:00:00,0.00025651599009766
2021-04-23 16:00:00,0.00012883320333471922
2021-04-24 00:00:00,0.00047861197234685574
2021-04-24 08:00:00,0.00023390927604193605
2021-04-24 16:00:00,0.00026126127149567787
2021-04-25 00:00:00,0.00022543339659062545
2021-04-25 08:00:00,0.00030612334292563645
2021-04-25 16:00:00,8.620431174074142e-05
2021-04-26 00:00:00,-0.00023079496101974071
2021-04-26 08:00:00,8.708044749338547e-05
2021-04-26 16:00:00,-0.00014455709304408
2021-04-27 00:00:00,-0.000141437622064237
2021-04-27 08:00:00,6.01299466081616e-05
2021-04-27 16:00:00,0.00016908518571529863
2021-04-28 00:00:00,-9.57456846527876e-05
2021-04-28 08:00:00,-5.966196890877862e-05
2021-04-28 16:00:00,0.0001975858460699048
2021-04-29 00:00:00,-0.00011613507838800058
2021-04-29 08:00:00,0.0003346223371217933
2021-04-29 16:00:00,-9.404092801654818e-05
2021-04-30 00:00:00,-0.0005807239804025921
2021-04-30 08:00:00,-9.933167577909338e-05
2021-04-30 16:00:00,-0.0001951968944520159
2021-05-01 00:00:00,-3.4906592040593654e-05
2021-05-01 08:00:00,-0.00017964944403172265
2021-05-01 16:00:00,-0.0003634054825110404
2021-05-02 00:00:00,-0.0006020025044007301
2021-05-02 08:00:00,-0.0004203760800286336
2021-05-02 16:00:00,-0.0005701040908418598
2021-05-03 00:00:00,-0.0005375332613895159
2021-05-03 08:00:00,-0.0003251414619730208
2021-05-03 16:00:00,-0.00013030481341543302
2021-05-04 00:00:00,-0.0004067799797496894
2021-05-04 08:00:00,-0.000746319469549894
2021-05-04 16:00:00,-0.00043965089492740034
2021-05-05 00:00:00,-0.0003106737026708698
2021-05-05 08:00:00,-0.0006933851522924478
2021-05-05 16:00:00,-0.0006196605761917262
2021-05-06 00:00:00,-0.0006113480753398748
2021-05-06 08:00:00,-0.0007926939483307335
2021-05-06 16:00:00,-0.0005274867703740852
2021-05-07 00:00:00,-0.0007027610582929848
2021-05-07 08:00:00,-0.0006160935112185944
2021-05-07 16:00:00,-0.0008989270069889913
2021-05-08 00:00:00,-0.000830348802921825
2021-05-08 08:00:00,-0.0006198094427201599
2021-05-08 16:00:00,-0.0008602809161326391
2021-05-09 00:00:00,-0.00046175008689617605
2021-05-09 08:00:00,-0.0009084986656943489
2021-05-09 16:00:00,-0.0008050630548496227
2021-05-10 00:00:00,-0.0006849104050539533
2021-05-10 08:00:00,-0.0011765302894437492
2021-05-10 16:00:00,-0.0012664474766818693
2021-05-11 00:00:00,-0.0012408455486283046
2021-05-11 08:00:00,-0.0007046260364574206
2021-05-11 16:00:00,-0.001088943057749918
2021-05-12 00:00:00,-0.0004883601428663496
2021-05-12 08:00:00,-0.001446182853064811
2021-05-12 16:00:00,-0.0016297564060272591
2021-05-13 00:00:00,-0.0016915780094864249
2021-05-13 08:00:00,-0.0019321147557015085
2021-05-13 16:00:00,-0.002254365951339387
2021-05-14 00:00:00,-0.0027583267538813716
2021-05-14 08:00:00,-0.0031285208281710405
2021-05-14 16:00:00,-0.00354816127682643
2021-05-15 00:00:00,-0.0038443277847666725
2021-05-15 08:00:00,-0.00444357047659904
2021-05-15 16:00:00,-0.004830306443351128
2021-05-16 00:00:00,-0.00500067489148219
2021-05-16 08:00:00,-0.005367370257838319
2021-05-16 16:00:00,-0.0057573122765321215
2021-05-17 00:00:00,-0.005860722510508657
2021-05-17 08:00:00,-0.006142272291619231
2021-05-17 16:00:00,-0.006648985289408296
2021-05-18 00:00:00,-0.006704493983788948
2021-05-18 08:00:00,-0.007561671156160034
2021-05-18 16:00:00,-0.00770539855852261
2021-05-19 00:00:00,-0.008143364464120562
2021-05-19 08:00:00,-0.008319385754787162
2021-05-19 16:00:00,-0.007908692999913638
2021-05-20 00:00:00,-0.007862584795794304
2021-05-20 08:00:00,-0.0074816237768417695
2021-05-20 16:00:00,-0.007604229819951789
2021-05-21 00:00:00,-0.007881307953101135
2021-05-21 08:00:00,-0.007251730506341005
2021-05-21 16:00:00,-0.007324420711875322
2021-05-22 00:00:00,-0.007398286341659219
2021-05-22 08:00:00,-0.007506081133495457
2021-05-22 16:00:00,-0.007598750592442735
2021-05-23 00:00:00,-0.007427382531684798
2021-05-23 08:00:00,-0.0070812698839023
2021-05-23 16:00:00,-0.0068681807780287644
2021-05-24 00:00:00,-0.006882527764933798
2021-05-24 08:00:00,-0.00723502478631804
2021-05-24 16:00:00,-0.0073072568199911364
2021-05-25 00:00:00,-0.0070012345153236425
2021-05-25 08:00:00,-0.0073291780691910014
2021-05-25 16:00:00,-0.006856935084614024
2021-05-26 00:00:00,-0.006897167576083264
2021-05-26 08:00:00,-0.006906932790569727
2021-05-26 16:00:00,-0.007078744535021987
2021-05-27 00:00:00,-0.006603162331627233
2021-05-27 08:00:00,-0.006758500952246107
2021-05-27 16:00:00,-0.006832022582828332
2021-05-28 00:00:00,-0.007118570089715153
2021-05-28 08:00:00,-0.0064956990594415
2021-05-28 16:00:00,-0.006081824190469973
2021-05-29 00:00:00,-0.006050101098266897
2021-05-29 08:00:00,-0.006419850623866274
2021-05-29 16:00:00,-0.006394952215993926
2021-05-30 00:00:00,-0.006126833384079113
2021-05-30 08:00:00,-0.006366343754504325
2021-05-30 16:00:00,-0.006052386718075322
2021-05-31 00:00:00,-0.005905607473734827
2021-05-31 08:00:00,-0.005759515316007453
2021-05-31 16:00:00,-0.005971011207452853
2021-06-01 00:00:00,-0.005937793573564804
2021-06-01 08:00:00,-0.006018733772253273
2021-06-01 16:00:00,-0.005954591757082482
2021-06-02 00:00:00,-0.005780589896027364
2021-06-02 08:00:00,-0.005607899447656372
2021-06-02 16:00:00,-0.005444734055145508
2021-06-03 00:00:00,-0.005734165201900775
2021-06-03 08:00:00,-0.005221070129345351
2021-06-03 16:00:00,-0.005519910994718318
2021-06-04 00:00:00,-0.00541603816475204
2021-06-04 08:00:00,-0.005507285473084466
2021-06-04 16:00:00,-0.00578876962068204
2021-06-05 00:00:00,-0.00507319092072779
2021-06-05 08:00:00,-0.005048709651954062
2021-06-05 16:00:00,-0.0051984223741687405
2021-06-06 00:00:00,-0.005074837150672673
2021-06-06 08:00:00,-0.004931125881949376
2021-06-06 16:00:00,-0.005292901328240054
2021-06-07 00:00:00,-0.005032281123704553
2021-06-07 08:00:00,-0.004713696083683478
2021-06-07 16:00:00,-0.0050694853356142424
2021-06-08 00:00:00,-0.004705994295919616
2021-06-08 08:00:00,-0.004982100674650172
2021-06-08 16:00:00,-0.004563576748611335
2021-06-09 00:00:00,-0.004610069472930085
2021-06-09 08:00:00,-0.0048720459710242395
2021-06-09 16:00:00,-0.004262150168324252
2021-06-10 00:00:00,-0.004588094785947845
2021-06-10 08:00:00,-0.00454930538936366
2021-06-10 16:00:00,-0.004293219493887145
2021-06-11 00:00:00,-0.004049684294820139
2021-06-11 08:00:00,-0.004428654559874111
2021-06-11 16:00:00,-0.004159232657481386
2021-06-12 00:00:00,-0.004031883758757415
2021-06-12 08:00:00,-0.00392510436874345
2021-06-12 16:00:00,-0.003974515610513183
2021-06-13 00:00:00,-0.004029287920757841
2021-06-13 08:00:00,-0.0040674788284434694
2021-06-13 16:00:00,-0.0038308104390769996
2021-06-14 00:00:00,-0.004008545449455945
2021-06-14 08:00:00,-0.004324466175130295
2021-06-14 16:00:00,-0.003598962548972388
2021-06-15 00:00:00,-0.003451565972959232
2021-06-15 08:00:00,-0.0040510178596573874
2021-06-15 16:00:00,-0.003726455944863556
2021-06-16 00:00:00,-0.003346757383093078
2021-06-16 08:00:00,-0.003005167572724327
2021-06-16 16:00:00,-0.0033585863565041346
2021-06-17 00:00:00,-0.003454424117657592
2021-06-17 08:00:00,-0.0032914812490052823
2021-06-17 16:00:00,-0.0029260051083272254
2021-06-18 00:00:00,-0.0032762516593543185
2021-06-18 08:00:00,-0.0032529756562320114
2021-06-18 16:00:00,-0.0031357643907109164
2021-06-19 00:00:00,-0.0031759598392988014
2021-06-19 08:00:00,-0.002906838485820649
2021-06-19 16:00:00,-0.002552515288698245
2021-06-20 00:00:00,-0.0027589135571415
2021-06-20 08:00:00,-0.0028200785435625124
2021-06-20 16:00:00,-0.0027740485282929128
2021-06-21 00:00:00,-0.0029744028676216847
2021-06-21 08:00:00,-0.0024312211818254704
2021-06-21 16:00:00,-0.002569489008030012
2021-06-22 00:00:00,-0.002536095982718125
2021-06-22 08:00:00,-0.0018494737245262657
2021-06-22 16:00:00,-0.0024164398945173394
2021-06-23 00:00:00,-0.0026146439243047515
2021-06-23 08:00:00,-0.002537652471622061
2021-06-23 16:00:00,-0.0022107870486368394
2021-06-24 00:00:00,-0.002405917346463876
2021-06-24 08:00:00,-0.00270432226233014
2021-06-24 16:00:00,-0.002220916117846864
2021-06-25 00:00:00,-0.0025264859599649415
2021-06-25 08:00:00,-0.002006292825708872
2021-06-25 16:00:00,-0.0021530380059046894
2021-06-26 00:00:00,-0.0024466072362746075
2021-06-26 08:00:00,-0.0020890348228910726
2021-06-26 16:00:00,-0.002319762231227853
2021-06-27 00:00:00,-0.0021508738364041276
2021-06-27 08:00:00,-0.0022125772460649144
2021-06-27 16:00:00,-0.002466890378617222
2021-06-28 00:00:00,-0.0024144242521777783
2021-06-28 08:00:00,-0.0020678173602932917
2021-06-28 16:00:00,-0.00232885982832607
2021-06-29 00:00:00,-0.0023307296926483997
2021-06-29 08:00:00,-0.0024291197539651086
2021-06-29 16:00:00,-0.002141470663071784
2021-06-30 00:00:00,-0.0018017807304370852
2021-06-30 08:00:00,-0.0024158875352318066
2021-06-30 16:00:00,-0.002185632299141639
2021-07-01 00:00:00,-0.0018961273174883427
2021-07-01 08:00:00,-0.0021825949449158096
2021-07-01 16:00:00,-0.0020642875455119582
2021-07-02 00:00:00,-0.002355335848486519
2021-07-02 08:00:00,-0.0020452909615108514
2021-07-02 16:00:00,-0.002156476472048529
2021-07-03 00:00:00,-0.0019099968580068847
2021-07-03 08:00:00,-0.001857760884925145
2021-07-03 16:00:00,-0.0015654206049296104
2021-07-04 00:00:00,-0.001955501936785856
2021-07-04 08:00:00,-0.0019943645462073764
2021-07-04 16:00:00,-0.0020087421873035806
2021-07-05 00:00:00,-0.002106347544276423
2021-07-05 08:00:00,-0.0019561127551171857
2021-07-05 16:00:00,-0.002070985043932568
2021-07-06 00:00:00,-0.001966307804746077
2021-07-06 08:00:00,-0.001724575730973646
2021-07-06 16:00:00,-0.0021774989892464043
2021-07-07 00:00:00,-0.0017363100020599052
2021-07-07 08:00:00,-0.0016889579389129793
2021-07-07 16:00:00,-0.001964089895874406
2021-07-08 00:00:00,-0.0023529424083731476
2021-07-08 08:00:00,-0.0020382310640855534
2021-07-08 16:00:00,-0.0016453629954496828
2021-07-09 00:00:00,-0.0018974307553169191
2021-07-09 08:00:00,-0.002080812827411363
2021-07-09 16:00:00,-0.0019700026032932628
2021-07-10 00:00:00,-0.0016890188518419464
2021-07-10 08:00:00,-0.0017358913815978194
2021-07-10 16:00:00,-0.0018811197531672724
2021-07-11 00:00:00,-0.001894793453791509
2021-07-11 08:00:00,-0.0018878754393325738
2021-07-11 16:00:00,-0.0019821010845187483
2021-07-12 00:00:00,-0.0014626391478203976
2021-07-12 08:00:00,-0.0018382736176517918
2021-07-12 16:00:00,-0.0015184730577396624
2021-07-13 00:00:00,-0.0014457367896155097
2021-07-13 08:00:00,-0.0015384330584656462
2021-07-13 16:00:00,-0.0018125145387340859
2021-07-14 00:00:00,-0.0016335396962183922
2021-07-14 08:00:00,-0.0017072200736591356
2021-07-14 16:00:00,-0.0018712165626222162
2021-07-15 00:00:00,-0.001613699572227108
2021-07-15 08:00:00,-0.0019024746248986271
2021-07-15 16:00:00,-0.001417226027069592
2021-07-16 00:00:00,-0.0017357806023168216
2021-07-16 08:00:00,-0.001590720449777813
2021-07-16 16:00:00,-0.0015623900447383904
2021-07-17 00:00:00,-0.0016589238518836728
2021-07-17 08:00:00,-0.0014778993349430403
2021-07-17 16:00:00,-0.001678314064657838
2021-07-18 00:00:00,-0.0013971691119371227
2021-07-18 08:00:00,-0.0018287197455731593
2021-07-18 16:00:00,-0.0015223431317097653
2021-07-19 00:00:00,-0.0011479284859026288
2021-07-19 08:00:00,-0.0017238757887306389
2021-07-19 16:00:00,-0.0016474537560097321
2021-07-20 00:00:00,-0.0013972184300682171
2021-07-20 08:00:00,-0.0014532140783946892
2021-07-20 16:00:00,-0.0014081348497105056
2021-07-21 00:00:00,-0.0013695538783182934
2021-07-21 08:00:00,-0.0013295774454180806
2021-07-21 16:00:00,-0.0012237122055217989
2021-07-22 00:00:00,-0.0013528188773099497
2021-07-22 08:00:00,-0.0014721645744019693
2021-07-22 16:00:00,-0.0012785287380203234
2021-07-23 00:00:00,-0.0010221975260644351
2021-07-23 08:00:00,-0.0014178310971026018
2021-07-23 16:00:00,-0.001575340643542824
2021-07-24 00:00:00,-0.0011481490835339096
2021-07-24 08:00:00,-0.0013827718849646327
2021-07-24 16:00:00,-0.001782359996159329
2021-07-25 00:00:00,-0.001167472186309046
2021-07-25 08:00:00,-0.0014331525937125236
2021-07-25 16:00:00,-0.0013333240477651801
2021-07-26 00:00:00,-0.0012379517599731538
2021-07-26 08:00:00,-0.001255378324913752
2021-07-26 16:00:00,-0.0011407183322243658
2021-07-27 00:00:00,-0.0013588364045487513
2021-07-27 08:00:00,-0.0011582484055821748
2021-07-27 16:00:00,-0.0013019093355167834
2021-07-28 00:00:00,-0.001091368338605108
2021-07-28 08:00:00,-0.001105187372762607
2021-07-28 16:00:00,-0.0014044790447567451
2021-07-29 00:00:00,-0.0009893253158954282
2021-07-29 08:00:00,-0.001302844862935853
2021-07-29 16:00:00,-0.0010231710490394231
2021-07-30 00:00:00,-0.0011004555807979928
2021-07-30 08:00:00,-0.0007954067429018451
2021-07-30 16:00:00,-0.0011968671095178487
2021-07-31 00:00:00,-0.0012111677070497265
2021-07-31 08:00:00,-0.0011343187037862422
2021-07-31 16:00:00,-0.0011802011739581594
2021-08-01 00:00:00,-0.000948707271785503
2021-08-01 08:00:00,-0.0014210882086438392
2021-08-01 16:00:00,-0.0012976930055684014
2021-08-02 00:00:00,-0.0012896475408375777
2021-08-02 08:00:00,-0.0008751558729096328
2021-08-02 16:00:00,-0.0007122251515705713
2021-08-03 00:00:00,-0.0010643681045770595
2021-08-03 08:00:00,-0.001066373040290176
2021-08-03 16:00:00,-0.0010077286978121462
2021-08-04 00:00:00,-0.0007784939046957532
2021-08-04 08:00:00,-0.001185470626838115
2021-08-04 16:00:00,-0.0009414566382356517
2021-08-05 00:00:00,-0.0007832213436087315
2021-08-05 08:00:00,-0.000867172470359857
2021-08-05 16:00:00,-0.0009186054158106861
2021-08-06 00:00:00,-0.0007454429553996151
2021-08-06 08:00:00,-0.0014754290672954996
2021-08-06 16:00:00,-0.0007883379795720793
2021-08-07 00:00:00,-0.0010438586148863544
2021-08-07 08:00:00,-0.0012683004924147695
2021-08-07 16:00:00,-0.0007890638279210908
2021-08-08 00:00:00,-0.0006057030735761042
2021-08-08 08:00:00,-0.0008970549203168428
2021-08-08 16:00:00,-0.0006681207427333253
2021-08-09 00:00:00,-0.0005253704353587927
2021-08-09 08:00:00,-0.000573973631022321
2021-08-09 16:00:00,-0.0004980940506474605
2021-08-10 00:00:00,-0.0006667918930899693
2021-08-10 08:00:00,-0.000789261098306638
2021-08-10 16:00:00,-0.001113871423248999
2021-08-11 00:00:00,-0.0008318211932781636
2021-08-11 08:00:00,-0.000940388449498021
2021-08-11 16:00:00,-0.00032668102171782854
2021-08-12 00:00:00,-0.0007851771624864674
2021-08-12 08:00:00,-0.0007144894734257115
2021-08-12 16:00:00,-0.0006179637943571238
2021-08-13 00:00:00,-0.0007086708150733353
2021-08-13 08:00:00,-0.0003675115310442842
2021-08-13 16:00:00,-0.0008201820462599338
2021-08-14 00:00:00,-0.0006458611176482036
2021-08-14 08:00:00,-0.0008224071606178705
2021-08-14 16:00:00,-0.0009270479805050108
2021-08-15 00:00:00,-0.0007745277312245352
2021-08-15 08:00:00,-0.0006487117072357694
2021-08-15 16:00:00,-0.0007162952275121476
2021-08-16 00:00:00,-0.0007580494133660755
2021-08-16 08:00:00,-0.0008899591449082798
2021-08-16 16:00:00,-0.0006144472014822606
2021-08-17 00:00:00,-0.0008879005965453309
2021-08-17 08:00:00,-0.0004240757637838185
2021-08-17 16:00:00,-0.0005487294407174471
2021-08-18 00:00:00,-0.0008458581259799426
2021-08-18 08:00:00,-0.0006053200762795379
2021-08-18 16:00:00,-0.0006830399767702905
2021-08-19 00:00:00,-0.00045790422835094647
2021-08-19 08:00:00,-0.00024277947601276234
2021-08-19 16:00:00,-0.0008750344939291489
2021-08-20 00:00:00,-0.0004661252189531253
2021-08-20 08:00:00,-0.0005102874286785456
2021-08-20 16:00:00,-0.00033312328905773283
2021-08-21 00:00:00,-0.00041388241348289687
2021-08-21 08:00:00,-0.0005960460402608072
2021-08-21 16:00:00,-0.0004985933958289758
2021-08-22 00:00:00,-0.0005831182148389587
2021-08-22 08:00:00,-0.0001978420505411499
2021-08-22 16:00:00,-0.00039791158330908986
2021-08-23 00:00:00,-1.1066210675485309e-05
2021-08-23 08:00:00,-0.0003925669453716197
2021-08-23 16:00:00,-0.0005112465707733968
2021-08-24 00:00:00,-0.0006614385306964784
2021-08-24 08:00:00,-0.0007084540222077108
2021-08-24 16:00:00,-0.0006537837103402284
2021-08-25 00:00:00,-0.0002726616263194425
2021-08-25 08:00:00,-0.00021347238665836112
2021-08-25 16:00:00,-0.000620585966493383
2021-08-26 00:00:00,-0.000114470598054342
2021-08-26 08:00:00,-0.0003792209059888617
2021-08-26 16:00:00,-0.0002423805280376727
2021-08-27 00:00:00,6.15745604336936e-05
2021-08-27 08:00:00,-7.063213682689362e-05
2021-08-27 16:00:00,-0.0002928365643637752
2021-08-28 00:00:00,-0.0004064993146482747
2021-08-28 08:00:00,-0.000647754384613687
2021-08-28 16:00:00,-0.00035035240297891874
2021-08-29 00:00:00,-0.0002378782216785823
2021-08-29 08:00:00,-0.0003822185141258889
2021-08-29 16:00:00,-0.0002001644368967218
2021-08-30 00:00:00,-0.00014767310166911594
2021-08-30 08:00:00,-0.000197145109405094
2021-08-30 16:00:00,-0.00027130486399077876
2021-08-31 00:00:00,-9.670384821535e-05
2021-08-31 08:00:00,-3.1177087477422444e-05
2021-08-31 16:00:00,-0.00032677546766248216
2021-09-01 00:00:00,0.00018436038899273234
2021-09-01 08:00:00,-0.00010667414819598278
2021-09-01 16:00:00,-7.231703193276961e-05
2021-09-02 00:00:00,7.642549334696379e-05
2021-09-02 08:00:00,-7.70459983425605e-06
2021-09-02 16:00:00,0.00014714906591308392
2021-09-03 00:00:00,2.4816137388191014e-05
2021-09-03 08:00:00,-0.00014422660536287014
2021-09-03 16:00:00,6.143113982382906e-05
2021-09-04 00:00:00,-0.00022874524146413236
2021-09-04 08:00:00,3.258150637269591e-05
2021-09-04 16:00:00,1.509313230589061e-05
2021-09-05 00:00:00,-9.014675802333899e-06
2021-09-05 08:00:00,1.777075858177917e-05
2021-09-05 16:00:00,-0.0003220219830125712
2021-09-06 00:00:00,-4.452759024384443e-05
2021-09-06 08:00:00,9.46559367499621e-05
2021-09-06 16:00:00,0.0001189278001386105
2021-09-07 00:00:00,-0.00010770894122866972
2021-09-07 08:00:00,0.00036183722034685334
2021-09-07 16:00:00,-5.366975225159571e-05
2021-09-08 00:00:00,0.0003243262227140431
2021-09-08 08:00:00,0.00022674322020042398
2021-09-08 16:00:00,2.2928451074717693e-05
2021-09-09 00:00:00,0.000518105656782772
2021-09-09 08:00:00,-6.481432287303517e-05
2021-09-09 16:00:00,0.0003686134434176527
2021-09-10 00:00:00,0.0003957686375216393
2021-09-10 08:00:00,7.239769731510592e-05
2021-09-10 16:00:00,0.0004958843643606919
2021-09-11 00:00:00,0.0001782515666454269
2021-09-11 08:00:00,0.00029686916063858014
2021-09-11 16:00:00,0.00030206436775424416
2021-09-12 00:00:00,0.00023400781692328195
2021-09-12 08:00:00,0.00043390078506673924
2021-09-12 16:00:00,0.00044130643976261665
2021-09-13 00:00:00,-5.622813377807083e-05
2021-09-13 08:00:00,0.0005652158746625871
2021-09-13 16:00:00,-1.7281006302787027e-05
2021-09-14 00:00:00,0.0005325961973900706
2021-09-14 08:00:00,0.0005622975491046471
2021-09-14 16:00:00,0.00012963280091348226
2021-09-15 00:00:00,0.00027653279458299626
2021-09-15 08:00:00,0.00014842428369411732
2021-09-15 16:00:00,0.0003374505765509487
2021-09-16 00:00:00,0.0003296974909889388
2021-09-16 08:00:00,0.0005581060194973463
2021-09-16 16:00:00,0.0006751052274847913
2021-09-17 00:00:00,0.0007030498056362522
2021-09-17 08:00:00,0.0003223490033799919
2021-09-17 16:00:00,0.0004038077991641381
2021-09-18 00:00:00,0.00011983410068624486
2021-09-18 08:00:00,0.00030621729104858845
2021-09-18 16:00:00,0.000671231196184709
2021-09-19 00:00:00,0.0008122469994922551
2021-09-19 08:00:00,0.0002531302256240156
2021-09-19 16:00:00,0.00039237671338681246
2021-09-20 00:00:00,0.0005164579790429972
2021-09-20 08:00:00,0.0005886409274160952
2021-09-20 16:00:00,0.0003815575568852359
2021-09-21 00:00:00,0.0006391600349797748
2021-09-21 08:00:00,0.0004704495218901649
2021-09-21 16:00:00,0.0005731965023460836
2021-09-22 00:00:00,0.0006962133713398705
2021-09-22 08:00:00,0.0005991105409187095
2021-09-22 16:00:00,0.0005214184740685995
2021-09-23 00:00:00,0.0005976432566061383
2021-09-23 08:00:00,0.0006127621907676287
2021-09-23 16:00:00,0.0005673021418496615
2021-09-24 00:00:00,0.0006004147005100578
2021-09-24 08:00:00,0.000982772912361813
2021-09-24 16:00:00,0.0007860969330665086
2021-09-25 00:00:00,0.00062568654508982
2021-09-25 08:00:00,0.0008350430548151905
2021-09-25 16:00:00,0.0006397578411792327
2021-09-26 00:00:00,0.0009520162318651547
2021-09-26 08:00:00,0.0008021893080048365
2021-09-26 16:00:00,0.0007176700059817632
2021-09-27 00:00:00,0.0008395433851620558
2021-09-27 08:00:00,0.00044669433480369164
2021-09-27 16:00:00,0.0005463856366528218
2021-09-28 00:00:00,0.0005438236943723629
2021-09-28 08:00:00,0.0008220668798223067
2021-09-28 16:00:00,0.001150850825983975
2021-09-29 00:00:00,0.0012614774205428744
2021-09-29 08:00:00,0.0009536971768098906
2021-09-29 16:00:00,0.0009371254167280218
2021-09-30 00:00:00,0.00048761454012597393
2021-09-30 08:00:00,0.0007501608922271086
2021-09-30 16:00:00,0.0007120084670096565
2021-10-01 00:00:00,0.0007562652629584728
2021-10-01 08:00:00,0.0008576755841091294
2021-10-01 16:00:00,0.0008077557975040531
2021-10-02 00:00:00,0.0005171835161857123
2021-10-02 08:00:00,0.001073495094701768
2021-10-02 16:00:00,0.000720234003547691
2021-10-03 00:00:00,0.0009935015467352735
2021-10-03 08:00:00,0.0013713382730804295
2021-10-03 16:00:00,0.0007835143860305415
2021-10-04 00:00:00,0.0004722033650159515
2021-10-04 08:00:00,0.0009319295904065865
2021-10-04 16:00:00,0.0012201919269997142
2021-10-05 00:00:00,0.00140253905606151
2021-10-05 08:00:00,0.0007758292115442992
2021-10-05 16:00:00,0.0011319485402994781
2021-10-06 00:00:00,0.0009504161695135549
2021-10-06 08:00:00,0.0010331581552261296
2021-10-06 16:00:00,0.001594086060707755
2021-10-07 00:00:00,0.0007754928908427088
2021-10-07 08:00:00,0.0011377044540380455
2021-10-07 16:00:00,0.0011913647213096085
2021-10-08 00:00:00,0.0013258529171617827
2021-10-08 08:00:00,0.0011391618480854836
2021-10-08 16:00:00,0.0011920448905095161
2021-10-09 00:00:00,0.0010629746343417288
2021-10-09 08:00:00,0.0012059993012924998
2021-10-09 16:00:00,0.0010944050231613874
2021-10-10 00:00:00,0.0012982274214494711
2021-10-10 08:00:00,0.0011108605414869254
2021-10-10 16:00:00,0.0012710722526934808
2021-10-11 00:00:00,0.0012006691763934395
2021-10-11 08:00:00,0.00144260135450226
2021-10-11 16:00:00,0.0012179821248475204
2021-10-12 00:00:00,0.0008845239411412327
2021-10-12 08:00:00,0.0015023843001427985
2021-10-12 16:00:00,0.0010797231050448677
2021-10-13 00:00:00,0.0011409858627050187
2021-10-13 08:00:00,0.0011634764368434755
2021-10-13 16:00:00,0.001568365879503729
2021-10-14 00:00:00,0.0008772129832912175
2021-10-14 08:00:00,0.0019427670980363466
2021-10-14 16:00:00,0.0015372983183349496
2021-10-15 00:00:00,0.0013816043045649625
2021-10-15 08:00:00,0.0013368472868332646
2021-10-15 16:00:00,0.0014158064671454444
2021-10-16 00:00:00,0.0014737897030671723
2021-10-16 08:00:00,0.0015094778997987073
2021-10-16 16:00:00,0.001502425241026777
2021-10-17 00:00:00,0.0014200900492945282
2021-10-17 08:00:00,0.0013735757941994045
2021-10-17 16:00:00,0.0013936583867475588
2021-10-18 00:00:00,0.0013958009526251162
2021-10-18 08:00:00,0.0016724061932864565
2021-10-18 16:00:00,0.0015752330835866074
2021-10-19 00:00:00,0.0008793135774149702
2021-10-19 08:00:00,0.0016094410248711697
2021-10-19 16:00:00,0.0015280776737263636
2021-10-20 00:00:00,0.0014962582487108205
2021-10-20 08:00:00,0.001430232817318731
2021-10-20 16:00:00,0.0017406955598702185
2021-10-21 00:00:00,0.0017133148162340954
2021-10-21 08:00:00,0.00137717049818131
2021-10-21 16:00:00,0.0016210929971074467
2021-10-22 00:00:00,0.0013532877007107905
2021-10-22 08:00:00,0.0012796319225977695
2021-10-22 16:00:00,0.0014381486185740704
2021-10-23 00:00:00,0.0017439072659051233
2021-10-23 08:00:00,0.0017699900884402967
2021-10-23 16:00:00,0.001689918671321046
2021-10-24 00:00:00,0.0017402572526076948
2021-10-24 08:00:00,0.0017064102605975947
2021-10-24 16:00:00,0.0014828147920665207
2021-10-25 00:00:00,0.0017054321279824072
2021-10-25 08:00:00,0.0017870660320296633
2021-10-25 16:00:00,0.0017857789008833497
2021-10-26 00:00:00,0.0018806398171520716
2021-10-26 08:00:00,0.0017924544202338635
2021-10-26 16:00:00,0.0017290198002384754
2021-10-27 00:00:00,0.0018806967143299522
2021-10-27 08:00:00,0.0016692989227533625
2021-10-27 16:00:00,0.001506164752294139
2021-10-28 00:00:00,0.0016578627976874378
2021-10-28 08:00:00,0.0015494321694514085
2021-10-28 16:00:00,0.00157131355135433
2021-10-29 00:00:00,0.0016853819801426106
2021-10-29 08:00:00,0.00156373823802223
2021-10-29 16:00:00,0.0016685664242309221
2021-10-30 00:00:00,0.001359372304704481
2021-10-30 08:00:00,0.0017886904875063338
2021-10-30 16:00:00,0.001754209349040699
2021-10-31 00:00:00,0.0015984870356911237
2021-10-31 08:00:00,0.0019016904035277509
2021-10-31 16:00:00,0.0019652918053030895
2021-11-01 00:00:00,0.0014642023128404909
2021-11-01 08:00:00,0.0016411058379375509
2021-11-01 16:00:00,0.001647758831629842
2021-11-02 00:00:00,0.0016215431893020365
2021-11-02 08:00:00,0.001983355285846667
2021-11-02 16:00:00,0.0017866315976422648
2021-11-03 00:00:00,0.001780430365071211
2021-11-03 08:00:00,0.0014404973683884905
2021-11-03 16:00:00,0.0019762899552481943
2021-11-04 00:00:00,0.0016092911781721627
2021-11-04 08:00:00,0.0018770658911326308
2021-11-04 16:00:00,0.0019284912606075115
2021-11-05 00:00:00,0.002153084100120111
2021-11-05 08:00:00,0.0016271248090650664
2021-11-05 16:00:00,0.0012929229656612317
2021-11-06 00:00:00,0.0019415318137126437
2021-11-06 08:00:00,0.0022728006490005835
2021-11-06 16:00:00,0.002168424191222808
2021-11-07 00:00:00,0.001970503311626354
2021-11-07 08:00:00,0.001838180699381527
2021-11-07 16:00:00,0.0021058689637719064
2021-11-08 00:00:00,0.0017576717124400587
2021-11-08 08:00:00,0.002055589014188704
2021-11-08 16:00:00,0.002069348000087294
2021-11-09 00:00:00,0.002188232457690252
2021-11-09 08:00:00,0.0025360589919091996
2021-11-09 16:00:00,0.0020705466854992454
2021-11-10 00:00:00,0.0018982072748585004
2021-11-10 08:00:00,0.0019184962486727122
2021-11-10 16:00:00,0.0014934070412443987
2021-11-11 00:00:00,0.0016318907071155217
2021-11-11 08:00:00,0.0016125879568218238
2021-11-11 16:00:00,0.0015132378759686372
2021-11-12 00:00:00,0.001572137641073411
2021-11-12 08:00:00,0.0013007937913013376
2021-11-12 16:00:00,0.0016130950223537833
2021-11-13 00:00:00,0.0013125414129836394
2021-11-13 08:00:00,0.0012342510468833882
2021-11-13 16:00:00,0.0010941432789196386
2021-11-14 00:00:00,0.0011143714701051292
2021-11-14 08:00:00,0.0011719640973779713
2021-11-14 16:00:00,0.0007571295124133755
2021-11-15 00:00:00,0.0007225433688516153
2021-11-15 08:00:00,0.0007170325720224449
2021-11-15 16:00:00,0.000432214704194246
2021-11-16 00:00:00,0.00046114842805570057
2021-11-16 08:00:00,0.00045336693640217945
2021-11-16 16:00:00,0.0006471000583647679
2021-11-17 00:00:00,0.00044834559913371834
2021-11-17 08:00:00,0.0003581624267179533
2021-11-17 16:00:00,0.00041323514798915004
2021-11-18 00:00:00,0.00013919230898678741
2021-11-18 08:00:00,0.00016837074776355582
2021-11-18 16:00:00,-6.755461697610443e-06
2021-11-19 00:00:00,-9.427530120074367e-06
2021-11-19 08:00:00,-0.00025544062041120533
2021-11-19 16:00:00,-0.0007030412094330636
2021-11-20 00:00:00,-0.00031852249910392747
2021-11-20 08:00:00,-8.350592833556748e-05
2021-11-20 16:00:00,-0.0002592013639961259
2021-11-21 00:00:00,-0.00032775383641509904
2021-11-21 08:00:00,-0.0003499960778609785
2021-11-21 16:00:00,-0.0006558795929188235
2021-11-22 00:00:00,-0.0007105368585188807
2021-11-22 08:00:00,-0.0009499192679757587
2021-11-22 16:00:00,-0.0009659923489831874
2021-11-23 00:00:00,-0.0008560124367124381
2021-11-23 08:00:00,-0.000814778668121792
2021-11-23 16:00:00,-0.0011598336995806444
2021-11-24 00:00:00,-0.0012983711863036158
2021-11-24 08:00:00,-0.0012846166304509028
2021-11-24 16:00:00,-0.001240869761325288
2021-11-25 00:00:00,-0.0017262709632267083
2021-11-25 08:00:00,-0.0019731250795163363
2021-11-25 16:00:00,-0.0017003851476760944
2021-11-26 00:00:00,-0.0019108091518494983
2021-11-26 08:00:00,-0.0018446835950850177
2021-11-26 16:00:00,-0.0018490005082079386
2021-11-27 00:00:00,-0.001986483015137936
2021-11-27 08:00:00,-0.0016817287153280732
2021-11-27 16:00:00,-0.001983262158190647
2021-11-28 00:00:00,-0.0020649051280778345
2021-11-28 08:00:00,-0.0020769474600802087
2021-11-28 16:00:00,-0.0025055444013339315
2021-11-29 00:00:00,-0.002146344309182613
2021-11-29 08:00:00,-0.0024457084128626477
2021-11-29 16:00:00,-0.002372848320996202
2021-11-30 00:00:00,-0.0027977047799413643
2021-11-30 08:00:00,-0.0029704739754254353
2021-11-30 16:00:00,-0.0025725331795061054
2021-12-01 00:00:00,-0.0027372180947804964
2021-12-01 08:00:00,-0.0030692991997603907
2021-12-01 16:00:00,-0.0031392103940327165
2021-12-02 00:00:00,-0.0028165797097837128
2021-12-02 08:00:00,-0.003355937934129021
2021-12-02 16:00:00,-0.0028659098537932516
2021-12-03 00:00:00,-0.003450957480262907
2021-12-03 08:00:00,-0.003219543837100545
2021-12-03 16:00:00,-0.0034893348062609076
2021-12-04 00:00:00,-0.0033793625137835312
2021-12-04 08:00:00,-0.0035986187187901854
2021-12-04 16:00:00,-0.0035121504179491526
2021-12-05 00:00:00,-0.0034612039200228963
2021-12-05 08:00:00,-0.003659621164625682
2021-12-05 16:00:00,-0.0033008147227527092
2021-12-06 00:00:00,-0.0035414182234983988
2021-12-06 08:00:00,-0.0034742914116394326
2021-12-06 16:00:00,-0.003617237221860478
2021-12-07 00:00:00,-0.003920629997065185
2021-12-07 08:00:00,-0.0034361647361935035
2021-12-07 16:00:00,-0.0029052320177182333
2021-12-08 00:00:00,-0.0032206301628285587
2021-12-08 08:00:00,-0.003371199014722389
2021-12-08 16:00:00,-0.0034097210229845107
2021-12-09 00:00:00,-0.003342445596947795
2021-12-09 08:00:00,-0.003227310870842509
2021-12-09 16:00:00,-0.0035626931753066668
2021-12-10 00:00:00,-0.0030934621916784704
2021-12-10 08:00:00,-0.003163046185891343
2021-12-10 16:00:00,-0.003152281222205352
2021-12-11 00:00:00,-0.0031980191379523404
2021-12-11 08:00:00,-0.003271586872542835
2021-12-11 16:00:00,-0.0031307338752556155
2021-12-12 00:00:00,-0.003136739214068051
2021-12-12 08:00:00,-0.003315706101371878
2021-12-12 16:00:00,-0.0033494142321304006
2021-12-13 00:00:00,-0.00320411853686597
2021-12-13 08:00:00,-0.0029044816839866767
2021-12-13 16:00:00,-0.003451903047783841
2021-12-14 00:00:00,-0.0034873826041708963
2021-12-14 08:00:00,-0.0031507213011404515
2021-12-14 16:00:00,-0.0031632918473838987
2021-12-15 00:00:00,-0.0031285969732483677
2021-12-15 08:00:00,-0.003104270584908096
2021-12-15 16:00:00,-0.003187497593784104
2021-12-16 00:00:00,-0.0028346803735040736
2021-12-16 08:00:00,-0.00344262977528714
2021-12-16 16:00:00,-0.003277944302915233
2021-12-17 00:00:00,-0.0031226917683563403
2021-12-17 08:00:00,-0.003420474496924711
2021-12-17 16:00:00,-0.0031168035339476387
2021-12-18 00:00:00,-0.0027391345382829675
2021-12-18 08:00:00,-0.0030570471921367265
2021-12-18 16:00:00,-0.0030048802270195287
2021-12-19 00:00:00,-0.0032928492795651285
2021-12-19 08:00:00,-0.003153884526505855
2021-12-19 16:00:00,-0.0030954474393300934
2021-12-20 00:00:00,-0.0030737471009839
2021-12-20 08:00:00,-0.002743671240999246
2021-12-20 16:00:00,-0.002878257706222322
2021-12-21 00:00:00,-0.0032018834281221003
2021-12-21 08:00:00,-0.0029200867994156397
2021-12-21 16:00:00,-0.0028595393237700307
2021-12-22 00:00:00,-0.002720949784132482
2021-12-22 08:00:00,-0.002622667372890407
2021-12-22 16:00:00,-0.0031315902669370025
2021-12-23 00:00:00,-0.0030805388491808436
2021-12-23 08:00:00,-0.003159678837089046
2021-12-23 16:00:00,-0.0029447631554948657
2021-12-24 00:00:00,-0.0027944834271515493
2021-12-24 08:00:00,-0.0026800841170903427
2021-12-24 16:00:00,-0.0028825371435040148
2021-12-25 00:00:00,-0.002921112361793826
2021-12-25 08:00:00,-0.002816587177060456
2021-12-25 16:00:00,-0.0030037632742035557
2021-12-26 00:00:00,-0.0024086228679059433
2021-12-26 08:00:00,-0.0031378587360358567
2021-12-26 16:00:00,-0.002769174333200447
2021-12-27 00:00:00,-0.002391197123501011
2021-12-27 08:00:00,-0.0027843543168022864
2021-12-27 16:00:00,-0.0028135180110819315
2021-12-28 00:00:00,-0.002836795207011065
2021-12-28 08:00:00,-0.002791180377168808
2021-12-28 16:00:00,-0.0024703282642483675
2021-12-29 00:00:00,-0.003177066259816922
2021-12-29 08:00:00,-0.0024178030556591024
2021-12-29 16:00:00,-0.002999077144775743
2021-12-30 00:00:00,-0.0027574120984999446
2021-12-30 08:00:00,-0.0027797264350801405
2021-12-30 16:00:00,-0.0025659628154336114
2021-12-31 00:00:00,-0.002993094258131852
2021-12-31 08:00:00,-0.0025708307729060604
2021-12-31 16:00:00,-0.0022481992998324256
2022-01-01 00:00:00,-0.0029154919437757052
2022-01-01 08:00:00,-0.002594711827702411
2022-01-01 16:00:00,-0.002754845415151159
2022-01-02 00:00:00,-0.0025270674567205763
2022-01-02 08:00:00,-0.0025982112608433803
2022-01-02 16:00:00,-0.0027201341165027392
2022-01-03 00:00:00,-0.0024840581960870094
2022-01-03 08:00:00,-0.002210558949471223
2022-01-03 16:00:00,-0.002599405248141378
2022-01-04 00:00:00,-0.002407068819733629
2022-01-04 08:00:00,-0.0027994709181048453
2022-01-04 16:00:00,-0.002721899520261561
2022-01-05 00:00:00,-0.0024259269076892308
2022-01-05 08:00:00,-0.0022133808759254602
2022-01-05 16:00:00,-0.002428877330242868
2022-01-06 00:00:00,-0.002552407524471978
2022-01-06 08:00:00,-0.002479733555650023
2022-01-06 16:00:00,-0.0027194693018959843
2022-01-07 00:00:00,-0.002338280608198315
2022-01-07 08:00:00,-0.0022725129793720526
2022-01-07 16:00:00,-0.002529193576770698
2022-01-08 00:00:00,-0.0025225798581233285
2022-01-08 08:00:00,-0.002365191701008366
2022-01-08 16:00:00,-0.0024955072125142416
2022-01-09 00:00:00,-0.002411185706598634
2022-01-09 08:00:00,-0.0019678107442075133
2022-01-09 16:00:00,-0.0024269561605573626
2022-01-10 00:00:00,-0.002439014969179755
2022-01-10 08:00:00,-0.002486651218269889
2022-01-10 16:00:00,-0.002198100381210217
2022-01-11 00:00:00,-0.0023729795285211716
2022-01-11 08:00:00,-0.0024564052199091834
2022-01-11 16:00:00,-0.0020520657241576423
2022-01-12 00:00:00,-0.0020222018480768648
2022-01-12 08:00:00,-0.0024160030804946794
2022-01-12 16:00:00,-0.002659022275986409
2022-01-13 00:00:00,-0.0020740074661142484
2022-01-13 08:00:00,-0.0024022320876009805
2022-01-13 16:00:00,-0.0020969769209837727
2022-01-14 00:00:00,-0.0026389187227260406
2022-01-14 08:00:00,-0.0020561744098911584
2022-01-14 16:00:00,-0.0024667241817745234
2022-01-15 00:00:00,-0.0020681328904724097
2022-01-15 08:00:00,-0.0022012270190857742
2022-01-15 16:00:00,-0.0023846654348997375
2022-01-16 00:00:00,-0.002265080731973111
2022-01-16 08:00:00,-0.002036205696363762
2022-01-16 16:00:00,-0.002142086415499402
2022-01-17 00:00:00,-0.0020361786283952994
2022-01-17 08:00:00,-0.0017475690259540458
2022-01-17 16:00:00,-0.0024455013835667
2022-01-18 00:00:00,-0.0017990064645981118
2022-01-18 08:00:00,-0.0020913737104545412
2022-01-18 16:00:00,-0.0022817976259911564
2022-01-19 00:00:00,-0.0023578994598416753
2022-01-19 08:00:00,-0.0021194567312166315
2022-01-19 16:00:00,-0.0018870985490436795
2022-01-20 00:00:00,-0.0020867343138714256
2022-01-20 08:00:00,-0.0017487894221137955
2022-01-20 16:00:00,-0.002331051464540924
2022-01-21 00:00:00,-0.0020330300344671703
2022-01-21 08:00:00,-0.00227088685214793
2022-01-21 16:00:00,-0.0019374777051076595
2022-01-22 00:00:00,-0.00182262252198054
2022-01-22 08:00:00,-0.0021038493284331805
2022-01-22 16:00:00,-0.002560236710719366
2022-01-23 00:00:00,-0.0020193012797316105
2022-01-23 08:00:00,-0.001991440168441177
2022-01-23 16:00:00,-0.002017625897492509
2022-01-24 00:00:00,-0.0018710253798173873
2022-01-24 08:00:00,-0.002352089523808598
2022-01-24 16:00:00,-0.0020215325364856675
2022-01-25 00:00:00,-0.0019387712247771324
2022-01-25 08:00:00,-0.0025526872137710006
2022-01-25 16:00:00,-0.0021527363014828714
2022-01-26 00:00:00,-0.002337199602565171
2022-01-26 08:00:00,-0.0022723651406809354
2022-01-26 16:00:00,-0.0022062222790499085
2022-01-27 00:00:00,-0.002392900258277256
2022-01-27 08:00:00,-0.0024502931309838376
2022-01-27 16:00:00,-0.0023280180013508798
2022-01-28 00:00:00,-0.0025719946423180154
2022-01-28 08:00:00,-0.002591407450019462
2022-01-28 16:00:00,-0.0022580647373480933
2022-01-29 00:00:00,-0.0026433951706680953
2022-01-29 08:00:00,-0.002300070833151491
2022-01-29 16:00:00,-0.002360512044459513
2022-01-30 00:00:00,-0.002817888618485392
2022-01-30 08:00:00,-0.0026279371728913734
2022-01-30 16:00:00,-0.0022732993315117377
2022-01-31 00:00:00,-0.002728051288046118
2022-01-31 08:00:00,-0.0026443960039770295
2022-01-31 16:00:00,-0.002478799942561742
2022-02-01 00:00:00,-0.002434230989052572
2022-02-01 08:00:00,-0.0026609138378149598
2022-02-01 16:00:00,-0.002749805069241359
2022-02-02 00:00:00,-0.0023655260276602983
2022-02-02 08:00:00,-0.002321917036937454
2022-02-02 16:00:00,-0.0024936223292375804
2022-02-03 00:00:00,-0.0026920272805779043
2022-02-03 08:00:00,-0.0028904410231160643
2022-02-03 16:00:00,-0.0029145737297961616
2022-02-04 00:00:00,-0.002663678997128667
2022-02-04 08:00:00,-0.002704199143701051
2022-02-04 16:00:00,-0.002527256038986472
2022-02-05 00:00:00,-0.0026971827087654996
2022-02-05 08:00:00,-0.0031475857573216607
2022-02-05 16:00:00,-0.002656277143122083
2022-02-06 00:00:00,-0.0030859757618265193
2022-02-06 08:00:00,-0.0029828548604510768
2022-02-06 16:00:00,-0.002875717534507237
2022-02-07 00:00:00,-0.0025463210474977525
2022-02-07 08:00:00,-0.002343167803950443
2022-02-07 16:00:00,-0.0028635038730212485
2022-02-08 00:00:00,-0.003041184778289533
2022-02-08 08:00:00,-0.0029173412945463144
2022-02-08 16:00:00,-0.0028664083087646267
2022-02-09 00:00:00,-0.003127769888747802
2022-02-09 08:00:00,-0.0027242910621508693
2022-02-09 16:00:00,-0.003057016151192023
2022-02-10 00:00:00,-0.003023178654908994
2022-02-10 08:00:00,-0.00300923939201335
2022-02-10 16:00:00,-0.003077803889998321
2022-02-11 00:00:00,-0.0030140300817242597
2022-02-11 08:00:00,-0.0033249657888245365
2022-02-11 16:00:00,-0.0033328724720013275
2022-02-12 00:00:00,-0.00346093993750343
2022-02-12 08:00:00,-0.0031727058144820157
2022-02-12 16:00:00,-0.003124515729600608
2022-02-13 00:00:00,-0.003208445426769623
2022-02-13 08:00:00,-0.0029847984830274625
2022-02-13 16:00:00,-0.003340513143159749
2022-02-14 00:00:00,-0.0032253425779724073
2022-02-14 08:00:00,-0.003597128054015742
2022-02-14 16:00:00,-0.003475904788979729
2022-02-15 00:00:00,-0.003279074266668663
2022-02-15 08:00:00,-0.0032680583657301596
2022-02-15 16:00:00,-0.0035163691471085945
2022-02-16 00:00:00,-0.0034915925776443407
2022-02-16 08:00:00,-0.003800544446305859
2022-02-16 16:00:00,-0.0035880725068279887
2022-02-17 00:00:00,-0.00335828700365968
2022-02-17 08:00:00,-0.0034410196028392933
2022-02-17 16:00:00,-0.003475624431481334
2022-02-18 00:00:00,-0.003585499808018354
2022-02-18 08:00:00,-0.00361373888342588
2022-02-18 16:00:00,-0.0037669127127431747
2022-02-19 00:00:00,-0.0035147797705049476
2022-02-19 08:00:00,-0.0035900478353645465
2022-02-19 16:00:00,-0.0035955356243408346
2022-02-20 00:00:00,-0.0038188433321698803
2022-02-20 08:00:00,-0.004164001917307583
2022-02-20 16:00:00,-0.003533599760679564
2022-02-21 00:00:00,-0.003868494763928954
2022-02-21 08:00:00,-0.003964979395232867
2022-02-21 16:00:00,-0.003673425429738414
2022-02-22 00:00:00,-0.003910220709802008
2022-02-22 08:00:00,-0.0036395278747058273
2022-02-22 16:00:00,-0.003747810931296782
2022-02-23 00:00:00,-0.003754195226268996
2022-02-23 08:00:00,-0.004183797202846167
2022-02-23 16:00:00,-0.0036879142332257504
2022-02-24 00:00:00,-0.0038977498937532292
2022-02-24 08:00:00,-0.004043552397546211
2022-02-24 16:00:00,-0.00396071624592549
2022-02-25 00:00:00,-0.004364337955670574
2022-02-25 08:00:00,-0.003947057316491745
2022-02-25 16:00:00,-0.004254359150121264
2022-02-26 00:00:00,-0.004338715875350525
2022-02-26 08:00:00,-0.004392350625122366
2022-02-26 16:00:00,-0.0038850380825777727
2022-02-27 00:00:00,-0.004253125406011285
2022-02-27 08:00:00,-0.0038402241549863976
2022-02-27 16:00:00,-0.004273826959277127
2022-02-28 00:00:00,-0.004527835227882227
2022-02-28 08:00:00,-0.004429365494050338
2022-02-28 16:00:00,-0.0039785952517561885
2022-03-01 00:00:00,-0.004276634181041879
2022-03-01 08:00:00,-0.0043748089744496356
2022-03-01 16:00:00,-0.004252844839677927
2022-03-02 00:00:00,-0.004204188907311946
2022-03-02 08:00:00,-0.004100762661061933
2022-03-02 16:00:00,-0.00405423954796081
2022-03-03 00:00:00,-0.004435590092794182
2022-03-03 08:00:00,-0.004648542870549741
2022-03-03 16:00:00,-0.004485723335254959
2022-03-04 00:00:00,-0.004370671171410695
2022-03-04 08:00:00,-0.004635176027666364
2022-03-04 16:00:00,-0.004653551395100221
2022-03-05 00:00:00,-0.004413060605508205
2022-03-05 08:00:00,-0.004511245621829242
2022-03-05 16:00:00,-0.004514652722129805
2022-03-06 00:00:00,-0.004692608157849106
2022-03-06 08:00:00,-0.004606686203447214
2022-03-06 16:00:00,-0.004765149659156692
2022-03-07 00:00:00,-0.004421960317775042
2022-03-07 08:00:00,-0.0044126471027522195
2022-03-07 16:00:00,-0.005008631511841558
2022-03-08 00:00:00,-0.004844993081129392
2022-03-08 08:00:00,-0.004978093729805896
2022-03-08 16:00:00,-0.004828489635366229
2022-03-09 00:00:00,-0.004734869412139892
2022-03-09 08:00:00,-0.005027807831818495
2022-03-09 16:00:00,-0.004941947720200821
2022-03-10 00:00:00,-0.0049780642016890265
2022-03-10 08:00:00,-0.004755516231089908
2022-03-10 16:00:00,-0.004802797799259417
2022-03-11 00:00:00,-0.0049807111470310875
2022-03-11 08:00:00,-0.004820696431632727
2022-03-11 16:00:00,-0.00498509359267503
2022-03-12 00:00:00,-0.004949785567519757
2022-03-12 08:00:00,-0.004580461097091808
2022-03-12 16:00:00,-0.004666756274490416
2022-03-13 00:00:00,-0.005214461701930974
2022-03-13 08:00:00,-0.0048082959406665895
2022-03-13 16:00:00,-0.0048316600830410755
2022-03-14 00:00:00,-0.005243289021386888
2022-03-14 08:00:00,-0.004869577804582362
2022-03-14 16:00:00,-0.0047454439193477934
2022-03-15 00:00:00,-0.0052972362339761565
2022-03-15 08:00:00,-0.005275924806627095
2022-03-15 16:00:00,-0.004908588918752513
2022-03-16 00:00:00,-0.005077519119653052
2022-03-16 08:00:00,-0.005041219896467247
2022-03-16 16:00:00,-0.005103094277932022
2022-03-17 00:00:00,-0.0051127699067234625
2022-03-17 08:00:00,-0.005475900486268278
2022-03-17 16:00:00,-0.005020839488978742
2022-03-18 00:00:00,-0.005016082001514446
2022-03-18 08:00:00,-0.005315575118510576
2022-03-18 16:00:00,-0.005298089329356713
2022-03-19 00:00:00,-0.005615312409602054
2022-03-19 08:00:00,-0.005225936927584312
2022-03-19 16:00:00,-0.00523407336014202
2022-03-20 00:00:00,-0.005380620021581681
2022-03-20 08:00:00,-0.005163008115904688
2022-03-20 16:00:00,-0.005474391203771746
2022-03-21 00:00:00,-0.005314351542094009
2022-03-21 08:00:00,-0.005650902564708121
2022-03-21 16:00:00,-0.005471377096841515
2022-03-22 00:00:00,-0.005521234487944204
2022-03-22 08:00:00,-0.005460999021652418
2022-03-22 16:00:00,-0.005599662961524248
2022-03-23 00:00:00,-0.005571749064588879
2022-03-23 08:00:00,-0.005399942080863215
2022-03-23 16:00:00,-0.00567220133229613
2022-03-24 00:00:00,-0.005925860874693192
2022-03-24 08:00:00,-0.005274325643401341
2022-03-24 16:00:00,-0.005367648578201298
2022-03-25 00:00:00,-0.005922088902657488
2022-03-25 08:00:00,-0.005545391772284295
2022-03-25 16:00:00,-0.0058036252571405725
2022-03-26 00:00:00,-0.005670029829661061
2022-03-26 08:00:00,-0.005683579416621545
2022-03-26 16:00:00,-0.0058090027721844776
2022-03-27 00:00:00,-0.0059385713149354615
2022-03-27 08:00:00,-0.005939623361978404
2022-03-27 16:00:00,-0.006004450504308371
2022-03-28 00:00:00,-0.00600727353255518
2022-03-28 08:00:00,-0.005874041718615932
2022-03-28 16:00:00,-0.0060234550281251815
2022-03-29 00:00:00,-0.005763589586857477
2022-03-29 08:00:00,-0.005622247738629785
2022-03-29 16:00:00,-0.0060554045876679485
2022-03-30 00:00:00,-0.005911210008983834
2022-03-30 08:00:00,-0.005878850856727293
2022-03-30 16:00:00,-0.005904084394300994
2022-03-31 00:00:00,-0.006002990764598602
2022-03-31 08:00:00,-0.005889342304206843
2022-03-31 16:00:00,-0.005961125967039627
2022-04-01 00:00:00,-0.006324805211738188
2022-04-01 08:00:00,-0.0059231384840918435
2022-04-01 16:00:00,-0.005939208499213319
2022-04-02 00:00:00,-0.006289020857199353
2022-04-02 08:00:00,-0.0061484730389710866
2022-04-02 16:00:00,-0.006039091777195363
2022-04-03 00:00:00,-0.006237317309370419
2022-04-03 08:00:00,-0.006000555905598313
2022-04-03 16:00:00,-0.005762073985924613
2022-04-04 00:00:00,-0.006411742661072452
2022-04-04 08:00:00,-0.00655045134487318
2022-04-04 16:00:00,-0.006233175674818419
2022-04-05 00:00:00,-0.006169323862611135
2022-04-05 08:00:00,-0.006379506608102288
2022-04-05 16:00:00,-0.006062378170366097
2022-04-06 00:00:00,-0.006640448432671924
2022-04-06 08:00:00,-0.006253840517817921
2022-04-06 16:00:00,-0.006533293376272992
2022-04-07 00:00:00,-0.006087942600576724
2022-04-07 08:00:00,-0.006053012080881529
2022-04-07 16:00:00,-0.006624543438768791
2022-04-08 00:00:00,-0.0066008205180908075
2022-04-08 08:00:00,-0.006338688483210101
2022-04-08 16:00:00,-0.006607729160260934
2022-04-09 00:00:00,-0.006559082243586449
2022-04-09 08:00:00,-0.0065646192855884885
2022-04-09 16:00:00,-0.006973328570633471
2022-04-10 00:00:00,-0.006611858458309757
2022-04-10 08:00:00,-0.006766733433600715
2022-04-10 16:00:00,-0.006747109412964803
2022-04-11 00:00:00,-0.006379455417488056
2022-04-11 08:00:00,-0.00693918016673464
2022-04-11 16:00:00,-0.006544934720226163
2022-04-12 00:00:00,-0.00678306531333909
2022-04-12 08:00:00,-0.006802921730668864
2022-04-12 16:00:00,-0.006608592287456325
2022-04-13 00:00:00,-0.006718353377449859
2022-04-13 08:00:00,-0.006691938006616701
2022-04-13 16:00:00,-0.006632120643651004
2022-04-14 00:00:00,-0.006911716222091211
2022-04-14 08:00:00,-0.006987598862053066
2022-04-14 16:00:00,-0.007101878590160046
2022-04-15 00:00:00,-0.0070696275605412464
2022-04-15 08:00:00,-0.00633442353918068
2022-04-15 16:00:00,-0.006695003477792037
2022-04-16 00:00:00,-0.007233851236877969
2022-04-16 08:00:00,-0.007247824924682049
2022-04-16 16:00:00,-0.006906657090686605
2022-04-17 00:00:00,-0.00691327431325168
2022-04-17 08:00:00,-0.00693264747536077
2022-04-17 16:00:00,-0.007113112370831952
2022-04-18 00:00:00,-0.007106909033818763
2022-04-18 08:00:00,-0.00703593924668328
2022-04-18 16:00:00,-0.007104033519953456
2022-04-19 00:00:00,-0.007584769165458599
2022-04-19 08:00:00,-0.0072065659867211005
2022-04-19 16:00:00,-0.007350584317155093
2022-04-20 00:00:00,-0.007164957716218299
2022-04-20 08:00:00,-0.006622645169176288
2022-04-20 16:00:00,-0.00716589760629908
2022-04-21 00:00:00,-0.00732179684632539
2022-04-21 08:00:00,-0.007094427578392429
2022-04-21 16:00:00,-0.007201947271043007
2022-04-22 00:00:00,-0.007234162920091451
2022-04-22 08:00:00,-0.007216508669235655
2022-04-22 16:00:00,-0.0069462670446098496
2022-04-23 00:00:00,-0.0076034504143379115
2022-04-23 08:00:00,-0.007302243281607407
2022-04-23 16:00:00,-0.007601942892662975
2022-04-24 00:00:00,-0.007325261107095188
2022-04-24 08:00:00,-0.007639797908357826
2022-04-24 16:00:00,-0.0075592309384785936
2022-04-25 00:00:00,-0.007554472528302127
2022-04-25 08:00:00,-0.007319988171282574
2022-04-25 16:00:00,-0.007351157596060002
2022-04-26 00:00:00,-0.007803688929834732
2022-04-26 08:00:00,-0.0075632556020424554
2022-04-26 16:00:00,-0.00773585536488923
2022-04-27 00:00:00,-0.007865337345771432
2022-04-27 08:00:00,-0.007676736743418208
2022-04-27 16:00:00,-0.007714726860721468
2022-04-28 00:00:00,-0.007187383975458169
2022-04-28 08:00:00,-0.007605832277352105
2022-04-28 16:00:00,-0.00798764471227206
2022-04-29 00:00:00,-0.00784477298265237
2022-04-29 08:00:00,-0.007547238492429273
2022-04-29 16:00:00,-0.007353523566638137
2022-04-30 00:00:00,-0.008108105753356683
2022-04-30 08:00:00,-0.00818659093763387
2022-04-30 16:00:00,-0.0074561099952286745
2022-05-01 00:00:00,-0.0077720771645258206
2022-05-01 08:00:00,-0.008043355516072244
2022-05-01 16:00:00,-0.007782468122169452
2022-05-02 00:00:00,-0.008436240456894286
2022-05-02 08:00:00,-0.007928112777468447
2022-05-02 16:00:00,-0.007882920613916234
2022-05-03 00:00:00,-0.007783327790274253
2022-05-03 08:00:00,-0.008190657978337295
2022-05-03 16:00:00,-0.007990438325295087
2022-05-04 00:00:00,-0.008212357652484646
2022-05-04 08:00:00,-0.007995892945834835
2022-05-04 16:00:00,-0.00824573593113927
2022-05-05 00:00:00,-0.008167983804195682
2022-05-05 08:00:00,-0.008305223685018652
2022-05-05 16:00:00,-0.007995530327392846
2022-05-06 00:00:00,-0.007973764322123213
2022-05-06 08:00:00,-0.008212075629142999
2022-05-06 16:00:00,-0.008177200885856481
2022-05-07 00:00:00,-0.008494263737472165
2022-05-07 08:00:00,-0.008284177753843783
2022-05-07 16:00:00,-0.008253980317347743
2022-05-08 00:00:00,-0.00773947774543037
2022-05-08 08:00:00,-0.008505726738488166
2022-05-08 16:00:00,-0.008010194855279817
2022-05-09 00:00:00,-0.008123355518034111
2022-05-09 08:00:00,-0.008286296961526217
2022-05-09 16:00:00,-0.008010397115282186
2022-05-10 00:00:00,-0.00830739708729681
2022-05-10 08:00:00,-0.008323683312381567
2022-05-10 16:00:00,-0.00843183625181563
2022-05-11 00:00:00,-0.008196195314425368
2022-05-11 08:00:00,-0.008241312213843884
2022-05-11 16:00:00,-0.008605438487802274
2022-05-12 00:00:00,-0.008763849438919754
2022-05-12 08:00:00,-0.008554109640992645
2022-05-12 16:00:00,-0.008687034739906558
2022-05-13 00:00:00,-0.008553245455463612
2022-05-13 08:00:00,-0.008306566427117227
2022-05-13 16:00:00,-0.008659027898584925
2022-05-14 00:00:00,-0.008589645757343396
2022-05-14 08:00:00,-0.008582990047632915
2022-05-14 16:00:00,-0.008438421931667052
2022-05-15 00:00:00,-0.009070999488418543
2022-05-15 08:00:00,-0.008756475194088195
2022-05-15 16:00:00,-0.008606391910192754
2022-05-16 00:00:00,-0.008422146370876791
2022-05-16 08:00:00,-0.008774056165176916
2022-05-16 16:00:00,-0.009064499730397566
2022-05-17 00:00:00,-0.008578760413509476
2022-05-17 08:00:00,-0.008843288693981344
2022-05-17 16:00:00,-0.008967663061547802
2022-05-18 00:00:00,-0.00886811232118589
2022-05-18 08:00:00,-0.008793661828287927
2022-05-18 16:00:00,-0.008891219203177914
2022-05-19 00:00:00,-0.009224896995203598
2022-05-19 08:00:00,-0.008617884057919871
2022-05-19 16:00:00,-0.008555835802555067
2022-05-20 00:00:00,-0.008694019926056423
2022-05-20 08:00:00,-0.009065374971922802
2022-05-20 16:00:00,-0.008891649658140854
2022-05-21 00:00:00,-0.008866169127910757
2022-05-21 08:00:00,-0.008758619500465996
2022-05-21 16:00:00,-0.008758223794148276
2022-05-22 00:00:00,-0.009052240165161105
2022-05-22 08:00:00,-0.008902519807636207
2022-05-22 16:00:00,-0.008840976351509384
2022-05-23 00:00:00,-0.008654781481516594
2022-05-23 08:00:00,-0.008818558151494515
2022-05-23 16:00:00,-0.00881516163549787
2022-05-24 00:00:00,-0.008969721160900614
2022-05-24 08:00:00,-0.0087179081709593
2022-05-24 16:00:00,-0.008931560954321615
2022-05-25 00:00:00,-0.009199244609061743
2022-05-25 08:00:00,-0.008759866546515503
2022-05-25 16:00:00,-0.00891447339954625
2022-05-26 00:00:00,-0.009156176371793265
2022-05-26 08:00:00,-0.009176979674560931
2022-05-26 16:00:00,-0.009035279485566443
2022-05-27 00:00:00,-0.009015471149054592
2022-05-27 08:00:00,-0.009082163168495382
2022-05-27 16:00:00,-0.009072873400446558
2022-05-28 00:00:00,-0.008808657173733372
2022-05-28 08:00:00,-0.008947853531715184
2022-05-28 16:00:00,-0.009137548557422671
2022-05-29 00:00:00,-0.009000927073035693
2022-05-29 08:00:00,-0.009409207483408212
2022-05-29 16:00:00,-0.009136630806226854
2022-05-30 00:00:00,-0.008867868459783108
2022-05-30 08:00:00,-0.009286852422321717
2022-05-30 16:00:00,-0.009426283542480575
2022-05-31 00:00:00,-0.009400688047988883
2022-05-31 08:00:00,-0.009501710391252263
2022-05-31 16:00:00,-0.009454249678922838
2022-06-01 00:00:00,-0.009384912430528818
2022-06-01 08:00:00,-0.009605437728160053
2022-06-01 16:00:00,-0.009334714171047918
2022-06-02 00:00:00,-0.009170895916594023
2022-06-02 08:00:00,-0.00954641610089425
2022-06-02 16:00:00,-0.009074521593650025
2022-06-03 00:00:00,-0.009289733474186374
2022-06-03 08:00:00,-0.009199289288280595
2022-06-03 16:00:00,-0.009550485829689346
2022-06-04 00:00:00,-0.00926152738701911
2022-06-04 08:00:00,-0.009664332726025009
2022-06-04 16:00:00,-0.009281409959292159
2022-06-05 00:00:00,-0.009438605105014266
2022-06-05 08:00:00,-0.00937583624248953
2022-06-05 16:00:00,-0.00973511892112497
2022-06-06 00:00:00,-0.009692527481968836
2022-06-06 08:00:00,-0.00940758138337635
2022-06-06 16:00:00,-0.009730210141385382
2022-06-07 00:00:00,-0.00946141279563423
2022-06-07 08:00:00,-0.009840995128859617
2022-06-07 16:00:00,-0.009411446238547748
2022-06-08 00:00:00,-0.009841099257548298
2022-06-08 08:00:00,-0.009497648120572204
2022-06-08 16:00:00,-0.009496495434892423
2022-06-09 00:00:00,-0.00977448949882105
2022-06-09 08:00:00,-0.009532243335231705
2022-06-09 16:00:00,-0.00961007370949545
2022-06-10 00:00:00,-0.009783444046914225
2022-06-10 08:00:00,-0.009890900126004432
2022-06-10 16:00:00,-0.010095227841037217
2022-06-11 00:00:00,-0.009646286206756277
2022-06-11 08:00:00,-0.010042690284002141
2022-06-11 16:00:00,-0.009724174403354982
2022-06-12 00:00:00,-0.009809446399973207
2022-06-12 08:00:00,-0.009634441715182632
2022-06-12 16:00:00,-0.009844192883681756
2022-06-13 00:00:00,-0.009863186854566715
2022-06-13 08:00:00,-0.009664436669953152
2022-06-13 16:00:00,-0.0097573127185075
2022-06-14 00:00:00,-0.009774606646401281
2022-06-14 08:00:00,-0.009757497833389648
2022-06-14 16:00:00,-0.010171979289506286
2022-06-15 00:00:00,-0.009727020642380983
2022-06-15 08:00:00,-0.009769398133089172
2022-06-15 16:00:00,-0.010108742031120705
2022-06-16 00:00:00,-0.009967735013653759
2022-06-16 08:00:00,-0.009940293889957959
2022-06-16 16:00:00,-0.009972845302826293
2022-06-17 00:00:00,-0.009892687466145753
2022-06-17 08:00:00,-0.009686699616606736
2022-06-17 16:00:00,-0.00977013314095192
2022-06-18 00:00:00,-0.010262443838686281
2022-06-18 08:00:00,-0.009867484150086939
2022-06-18 16:00:00,-0.009718009632389214
2022-06-19 00:00:00,-0.009898332740306605
2022-06-19 08:00:00,-0.0097493965075554
2022-06-19 16:00:00,-0.009557036651600587
2022-06-20 00:00:00,-0.009746646979667494
2022-06-20 08:00:00,-0.009893425317908692
2022-06-20 16:00:00,-0.009726167490368235
2022-06-21 00:00:00,-0.009898105766713955
2022-06-21 08:00:00,-0.009914200872824491
2022-06-21 16:00:00,-0.009981162476772377
2022-06-22 00:00:00,-0.009590095106011356
2022-06-22 08:00:00,-0.010058361659114327
2022-06-22 16:00:00,-0.009580100529138451
2022-06-23 00:00:00,-0.009778499397474149
2022-06-23 08:00:00,-0.01015023160533076
2022-06-23 16:00:00,-0.009788738659920235
2022-06-24 00:00:00,-0.010274171968196992
2022-06-24 08:00:00,-0.009720963211448608
2022-06-24 16:00:00,-0.009660916666365165
2022-06-25 00:00:00,-0.009948332302241522
2022-06-25 08:00:00,-0.009797049720068143
2022-06-25 16:00:00,-0.009422825920657352
2022-06-26 00:00:00,-0.009906704896407943
2022-06-26 08:00:00,-0.010009235221115024
2022-06-26 16:00:00,-0.009493019171359331
2022-06-27 00:00:00,-0.00938873256189384
2022-06-27 08:00:00,-0.00977240901377858
2022-06-27 16:00:00,-0.009562753689214625
2022-06-28 00:00:00,-0.009488649261338269
2022-06-28 08:00:00,-0.009897339439100268
2022-06-28 16:00:00,-0.009837801907814315
2022-06-29 00:00:00,-0.009486463986257942
2022-06-29 08:00:00,-0.009387534181295334
2022-06-29 16:00:00,-0.009603859013150315
2022-06-30 00:00:00,-0.009884296204033744
2022-06-30 08:00:00,-0.009302819259141594
2022-06-30 16:00:00,-0.009798323809192024
2022-07-01 00:00:00,-0.009751055334012068
2022-07-01 08:00:00,-0.009607458359028003
2022-07-01 16:00:00,-0.009356991989931118
2022-07-02 00:00:00,-0.009488927026911778
2022-07-02 08:00:00,-0.009568647270297988
2022-07-02 16:00:00,-0.009550860812494897
2022-07-03 00:00:00,-0.009626713732937974
2022-07-03 08:00:00,-0.009515686911911113
2022-07-03 16:00:00,-0.010125124978501824
2022-07-04 00:00:00,-0.009670432602925072
2022-07-04 08:00:00,-0.009554744872275903
2022-07-04 16:00:00,-0.009825110224131309
2022-07-05 00:00:00,-0.009509540891993244
2022-07-05 08:00:00,-0.009619597947900928
2022-07-05 16:00:00,-0.009219506712188755
2022-07-06 00:00:00,-0.009247896054957029
2022-07-06 08:00:00,-0.009647559261971781
2022-07-06 16:00:00,-0.009576463838609635
2022-07-07 00:00:00,-0.009552983957566123
2022-07-07 08:00:00,-0.009620424487824518
2022-07-07 16:00:00,-0.009482985743935116
2022-07-08 00:00:00,-0.009665545302666407
2022-07-08 08:00:00,-0.009731910104024542
2022-07-08 16:00:00,-0.009373142940405131
2022-07-09 00:00:00,-0.00936367741648897
2022-07-09 08:00:00,-0.00964234463341348
2022-07-09 16:00:00,-0.00929430854347711
2022-07-10 00:00:00,-0.009591593323610844
2022-07-10 08:00:00,-0.00940654287831833
2022-07-10 16:00:00,-0.009285005271551584
2022-07-11 00:00:00,-0.009447694735162965
2022-07-11 08:00:00,-0.009341922187942144
2022-07-11 16:00:00,-0.009528054447296033
2022-07-12 00:00:00,-0.009455959983352287
2022-07-12 08:00:00,-0.009449736700990882
2022-07-12 16:00:00,-0.00954977863227101
2022-07-13 00:00:00,-0.009427715943734268
2022-07-13 08:00:00,-0.009693982919032009
2022-07-13 16:00:00,-0.00947438815683583
2022-07-14 00:00:00,-0.00942503065422949
2022-07-14 08:00:00,-0.009411189654202779
2022-07-14 16:00:00,-0.009400151341026008
2022-07-15 00:00:00,-0.009356102839972026
2022-07-15 08:00:00,-0.009239759844530935
2022-07-15 16:00:00,-0.00915264288146979
2022-07-16 00:00:00,-0.009449397489814097
2022-07-16 08:00:00,-0.009551982763670423
2022-07-16 16:00:00,-0.009511649623189362
2022-07-17 00:00:00,-0.009392579473127875
2022-07-17 08:00:00,-0.009357421300600337
2022-07-17 16:00:00,-0.009432934398424677
2022-07-18 00:00:00,-0.009530056666183314
2022-07-18 08:00:00,-0.009353955646976319
2022-07-18 16:00:00,-0.009218344305606837
2022-07-19 00:00:00,-0.009127521884610664
2022-07-19 08:00:00,-0.00934991053654759
2022-07-19 16:00:00,-0.009312923638502762
2022-07-20 00:00:00,-0.009407561883991684
2022-07-20 08:00:00,-0.009220408204445326
2022-07-20 16:00:00,-0.009375704245356681
2022-07-21 00:00:00,-0.009083291104018426
2022-07-21 08:00:00,-0.009546988113201638
2022-07-21 16:00:00,-0.009253638897453455
2022-07-22 00:00:00,-0.009113389643272763
2022-07-22 08:00:00,-0.009128742355994758
2022-07-22 16:00:00,-0.008618800674611309
2022-07-23 00:00:00,-0.009079345550641976
2022-07-23 08:00:00,-0.009342014623072105
2022-07-23 16:00:00,-0.009152194701269666
2022-07-24 00:00:00,-0.00948024926669329
2022-07-24 08:00:00,-0.009133018098007501
2022-07-24 16:00:00,-0.009275407507696447
2022-07-25 00:00:00,-0.008917616389332412
2022-07-25 08:00:00,-0.0092025006475117
2022-07-25 16:00:00,-0.00910784392389979
2022-07-26 00:00:00,-0.009203500457169769
2022-07-26 08:00:00,-0.008720516766666372
2022-07-26 16:00:00,-0.009124433738408768
2022-07-27 00:00:00,-0.008685571924637493
2022-07-27 08:00:00,-0.008881151129057827
2022-07-27 16:00:00,-0.008939466284162553
2022-07-28 00:00:00,-0.008954031148314274
2022-07-28 08:00:00,-0.008940916466282676
2022-07-28 16:00:00,-0.009397108589943196
2022-07-29 00:00:00,-0.009059248901052372
2022-07-29 08:00:00,-0.008826338776133506
2022-07-29 16:00:00,-0.00899704795521334
2022-07-30 00:00:00,-0.009260204636027381
2022-07-30 08:00:00,-0.008981545704930309
2022-07-30 16:00:00,-0.008622141859711864
2022-07-31 00:00:00,-0.008705482768004168
2022-07-31 08:00:00,-0.008959160061132464
2022-07-31 16:00:00,-0.00874836755199579
2022-08-01 00:00:00,-0.009003856959629167
2022-08-01 08:00:00,-0.009263228021069048
2022-08-01 16:00:00,-0.009099245049477763
2022-08-02 00:00:00,-0.00859367224629836
2022-08-02 08:00:00,-0.00895294676451401
2022-08-02 16:00:00,-0.008938723092171301
2022-08-03 00:00:00,-0.00894191208369942
2022-08-03 08:00:00,-0.008493015274677992
2022-08-03 16:00:00,-0.008540548957668327
2022-08-04 00:00:00,-0.008413882842199263
2022-08-04 08:00:00,-0.008881346079117048
2022-08-04 16:00:00,-0.008782310287435766
2022-08-05 00:00:00,-0.009136661843217491
2022-08-05 08:00:00,-0.008529844596257826
2022-08-05 16:00:00,-0.009050685539883217
2022-08-06 00:00:00,-0.008765672665025252
2022-08-06 08:00:00,-0.009020386431452494
2022-08-06 16:00:00,-0.008910597439421814
2022-08-07 00:00:00,-0.008952174708432162
2022-08-07 08:00:00,-0.008898195422505533
2022-08-07 16:00:00,-0.008876343059148315
2022-08-08 00:00:00,-0.008870070425651681
2022-08-08 08:00:00,-0.008585648032458754
2022-08-08 16:00:00,-0.008965185521575466
2022-08-09 00:00:00,-0.008692002825708338
2022-08-09 08:00:00,-0.008484417428798147
2022-08-09 16:00:00,-0.008822546680310087
2022-08-10 00:00:00,-0.008855389333705076
2022-08-10 08:00:00,-0.008749808628739753
2022-08-10 16:00:00,-0.00845965681017971
2022-08-11 00:00:00,-0.008648678473809328
2022-08-11 08:00:00,-0.008785641007069668
2022-08-11 16:00:00,-0.008574520966058688
2022-08-12 00:00:00,-0.00888365287441173
2022-08-12 08:00:00,-0.008518820690504003
2022-08-12 16:00:00,-0.008565269279200387
2022-08-13 00:00:00,-0.008700450583116666
2022-08-13 08:00:00,-0.008798504196726484
2022-08-13 16:00:00,-0.008800021369641876
2022-08-14 00:00:00,-0.008507619866064152
2022-08-14 08:00:00,-0.00836068538098367
2022-08-14 16:00:00,-0.008725841179035389
2022-08-15 00:00:00,-0.008498600437067481
2022-08-15 08:00:00,-0.00899958132964634
2022-08-15 16:00:00,-0.008690997620205514
2022-08-16 00:00:00,-0.008572184008796401
2022-08-16 08:00:00,-0.008739807053766736
2022-08-16 16:00:00,-0.008737069793476437
2022-08-17 00:00:00,-0.008675222577960443
2022-08-17 08:00:00,-0.00847512626914954
2022-08-17 16:00:00,-0.008562928766644237
2022-08-18 00:00:00,-0.008965007357776106
2022-08-18 08:00:00,-0.008933399289786273
2022-08-18 16:00:00,-0.008622530442978843
2022-08-19 00:00:00,-0.008401518238344846
2022-08-19 08:00:00,-0.00903445467224875
2022-08-19 16:00:00,-0.008576797887082177
2022-08-20 00:00:00,-0.008573999571303484
2022-08-20 08:00:00,-0.008182980592506458
2022-08-20 16:00:00,-0.00852955065863887
2022-08-21 00:00:00,-0.008367846647496258
2022-08-21 08:00:00,-0.0084080911645751
2022-08-21 16:00:00,-0.008854354036702181
2022-08-22 00:00:00,-0.008266497445562541
2022-08-22 08:00:00,-0.00836895773594578
2022-08-22 16:00:00,-0.008302281457250267
2022-08-23 00:00:00,-0.007610585792046068
2022-08-23 08:00:00,-0.0088045540693812
2022-08-23 16:00:00,-0.008034690299677407
2022-08-24 00:00:00,-0.008429017281657849
2022-08-24 08:00:00,-0.008305960145045324
2022-08-24 16:00:00,-0.008364426523134322
2022-08-25 00:00:00,-0.008432069488901829
2022-08-25 08:00:00,-0.008453086956018123
2022-08-25 16:00:00,-0.008265116771403918
2022-08-26 00:00:00,-0.008626351406001001
2022-08-26 08:00:00,-0.008164698981310461
2022-08-26 16:00:00,-0.008389951843940015
2022-08-27 00:00:00,-0.008524624978919182
2022-08-27 08:00:00,-0.008380511830858422
2022-08-27 16:00:00,-0.008030977564034892
2022-08-28 00:00:00,-0.0083813725729588
2022-08-28 08:00:00,-0.00819451298006178
2022-08-28 16:00:00,-0.008404293106994946
2022-08-29 00:00:00,-0.008098415630015277
2022-08-29 08:00:00,-0.008104796600390107
2022-08-29 16:00:00,-0.007864074529637013
2022-08-30 00:00:00,-0.008260807233544288
2022-08-30 08:00:00,-0.008083861631641012
2022-08-30 16:00:00,-0.008189877232832952
2022-08-31 00:00:00,-0.007942214532516286
2022-08-31 08:00:00,-0.008337053514558783
2022-08-31 16:00:00,-0.008036184122609728
2022-09-01 00:00:00,-0.00821602279255667
2022-09-01 08:00:00,-0.008181819116903181
2022-09-01 16:00:00,-0.008142529132739955
2022-09-02 00:00:00,-0.008102329698492443
2022-09-02 08:00:00,-0.008167921734550316
2022-09-02 16:00:00,-0.008093631437439968
2022-09-03 00:00:00,-0.007812848610709786
2022-09-03 08:00:00,-0.007923280433247326
2022-09-03 16:00:00,-0.00793843760001914
2022-09-04 00:00:00,-0.00819527457187144
2022-09-04 08:00:00,-0.00827391298046048
2022-09-04 16:00:00,-0.007896902851315413
2022-09-05 00:00:00,-0.007904651752605152
2022-09-05 08:00:00,-0.007777225124109063
2022-09-05 16:00:00,-0.008184453532601253
2022-09-06 00:00:00,-0.008101465286627625
2022-09-06 08:00:00,-0.008375350536208791
2022-09-06 16:00:00,-0.008117846073064027
2022-09-07 00:00:00,-0.00783193589788411
2022-09-07 08:00:00,-0.008116447223993788
2022-09-07 16:00:00,-0.007886950337256131
2022-09-08 00:00:00,-0.008045045065644007
2022-09-08 08:00:00,-0.00793403118694828
2022-09-08 16:00:00,-0.008220279018703874
2022-09-09 00:00:00,-0.007965596998962108
2022-09-09 08:00:00,-0.008572764231217181
2022-09-09 16:00:00,-0.00800381441681758
2022-09-10 00:00:00,-0.008284427982076362
2022-09-10 08:00:00,-0.007709032578172119
2022-09-10 16:00:00,-0.007786648159076727
2022-09-11 00:00:00,-0.007840693581384561
2022-09-11 08:00:00,-0.007621724680494051
2022-09-11 16:00:00,-0.008107607378239042
2022-09-12 00:00:00,-0.007560249582639111
2022-09-12 08:00:00,-0.007715182057518292
2022-09-12 16:00:00,-0.007940829575962307
2022-09-13 00:00:00,-0.007658292637230077
2022-09-13 08:00:00,-0.00809857351729714
2022-09-13 16:00:00,-0.008034115795268498
2022-09-14 00:00:00,-0.00798282905575905
2022-09-14 08:00:00,-0.007958804800872063
2022-09-14 16:00:00,-0.008056218935959458
2022-09-15 00:00:00,-0.00759218894213649
2022-09-15 08:00:00,-0.00788047458377767
2022-09-15 16:00:00,-0.007750100858180475
2022-09-16 00:00:00,-0.007926570273282736
2022-09-16 08:00:00,-0.008168518808257851
2022-09-16 16:00:00,-0.007742284824618011
2022-09-17 00:00:00,-0.0081706454395284
2022-09-17 08:00:00,-0.007793819401809686
2022-09-17 16:00:00,-0.008045653748507303
2022-09-18 00:00:00,-0.007366433689042727
2022-09-18 08:00:00,-0.007573514492602093
2022-09-18 16:00:00,-0.007726534426930888
2022-09-19 00:00:00,-0.007486841997802399
2022-09-19 08:00:00,-0.007900744676974629
2022-09-19 16:00:00,-0.0076146837538956106
2022-09-20 00:00:00,-0.007675315691034035
2022-09-20 08:00:00,-0.007654371909659192
2022-09-20 16:00:00,-0.0074446033740527195
2022-09-21 00:00:00,-0.0075444738016662615
2022-09-21 08:00:00,-0.007625125637805365
2022-09-21 16:00:00,-0.008005746005764177
2022-09-22 00:00:00,-0.007858675925722558
2022-09-22 08:00:00,-0.007683106601533959
2022-09-22 16:00:00,-0.007631788488107633
2022-09-23 00:00:00,-0.007868401856045894
2022-09-23 08:00:00,-0.007151923924143575
2022-09-23 16:00:00,-0.007322878596356693
2022-09-24 00:00:00,-0.007497631891477058
2022-09-24 08:00:00,-0.007595546331446955
2022-09-24 16:00:00,-0.007644293645832081
2022-09-25 00:00:00,-0.007784133692004447
2022-09-25 08:00:00,-0.007570152044444375
2022-09-25 16:00:00,-0.007525995788267746
2022-09-26 00:00:00,-0.00781779655954077
2022-09-26 08:00:00,-0.007494507309143612
2022-09-26 16:00:00,-0.00758429255050569
2022-09-27 00:00:00,-0.007926700400464367
2022-09-27 08:00:00,-0.007709114039192937
2022-09-27 16:00:00,-0.007611656291869514
2022-09-28 00:00:00,-0.007143295801865295
2022-09-28 08:00:00,-0.00740142085657473
2022-09-28 16:00:00,-0.007771725943449608
2022-09-29 00:00:00,-0.00739932051989425
2022-09-29 08:00:00,-0.007797886723713599
2022-09-29 16:00:00,-0.007263785863296658
2022-09-30 00:00:00,-0.007566447152585798
2022-09-30 08:00:00,-0.007482847608118204
2022-09-30 16:00:00,-0.00719085918901008
2022-10-01 00:00:00,-0.007705349380383517
2022-10-01 08:00:00,-0.007719238451837412
2022-10-01 16:00:00,-0.007548432828232164
2022-10-02 00:00:00,-0.0072159353409072475
2022-10-02 08:00:00,-0.0077193784743546275
2022-10-02 16:00:00,-0.007973838527029521
2022-10-03 00:00:00,-0.0074895373272373545
2022-10-03 08:00:00,-0.007280855543721519
2022-10-03 16:00:00,-0.007143049501904085
2022-10-04 00:00:00,-0.0074676322724170794
2022-10-04 08:00:00,-0.007449183469571348
2022-10-04 16:00:00,-0.007128016149445146
2022-10-05 00:00:00,-0.007724642784383529
2022-10-05 08:00:00,-0.0074202967476291945
2022-10-05 16:00:00,-0.007296405962755729
2022-10-06 00:00:00,-0.007236545144631882
2022-10-06 08:00:00,-0.007420248375675213
2022-10-06 16:00:00,-0.007303296982844017
2022-10-07 00:00:00,-0.007799748804015931
2022-10-07 08:00:00,-0.007425631163948251
2022-10-07 16:00:00,-0.007195177887118736
2022-10-08 00:00:00,-0.007474236584628713
2022-10-08 08:00:00,-0.007257879081608007
2022-10-08 16:00:00,-0.007172199573913534
2022-10-09 00:00:00,-0.0073219820623937745
2022-10-09 08:00:00,-0.0072112776161710555
2022-10-09 16:00:00,-0.00742981503157544
2022-10-10 00:00:00,-0.007270488922605876
2022-10-10 08:00:00,-0.007099021580896969
2022-10-10 16:00:00,-0.007181568370769276
2022-10-11 00:00:00,-0.0073221673650238975
2022-10-11 08:00:00,-0.0071519159784011
2022-10-11 16:00:00,-0.007045735449280084
2022-10-12 00:00:00,-0.00759054381127105
2022-10-12 08:00:00,-0.0069406388907125235
2022-10-12 16:00:00,-0.007231602799588066
2022-10-13 00:00:00,-0.007071152013351953
2022-10-13 08:00:00,-0.006908698763419103
2022-10-13 16:00:00,-0.0074143810357423885
2022-10-14 00:00:00,-0.007273832644929953
2022-10-14 08:00:00,-0.007181552331767733
2022-10-14 16:00:00,-0.007272491444965626
2022-10-15 00:00:00,-0.006760651573721527
2022-10-15 08:00:00,-0.007270891455802395
2022-10-15 16:00:00,-0.007202544541082558
2022-10-16 00:00:00,-0.007042455527012738
2022-10-16 08:00:00,-0.007315661386696698
2022-10-16 16:00:00,-0.007146265771980883
2022-10-17 00:00:00,-0.006995537125527742
2022-10-17 08:00:00,-0.007117498006802428
2022-10-17 16:00:00,-0.007061501445854063
2022-10-18 00:00:00,-0.007140588644711896
2022-10-18 08:00:00,-0.007329514432206523
2022-10-18 16:00:00,-0.0069541998762506696
2022-10-19 00:00:00,-0.006659430052337218
2022-10-19 08:00:00,-0.006998634488658127
2022-10-19 16:00:00,-0.006949160139513452
2022-10-20 00:00:00,-0.006847566560087739
2022-10-20 08:00:00,-0.007231875358568598
2022-10-20 16:00:00,-0.0066294044757814865
2022-10-21 00:00:00,-0.006921339796270995
2022-10-21 08:00:00,-0.006627332323885881
2022-10-21 16:00:00,-0.007092208450956649
2022-10-22 00:00:00,-0.006573887615488434
2022-10-22 08:00:00,-0.006774367049341192
2022-10-22 16:00:00,-0.006810688279125824
2022-10-23 00:00:00,-0.006866389553573814
2022-10-23 08:00:00,-0.006954798316207482
2022-10-23 16:00:00,-0.006656884409045966
2022-10-24 00:00:00,-0.00686081691491928
2022-10-24 08:00:00,-0.0072742009777544666
2022-10-24 16:00:00,-0.007096122477526585
2022-10-25 00:00:00,-0.0069017524837718825
2022-10-25 08:00:00,-0.00679448168484837
2022-10-25 16:00:00,-0.006859697327409609
2022-10-26 00:00:00,-0.006596483619819044
2022-10-26 08:00:00,-0.0072223962987336505
2022-10-26 16:00:00,-0.006795356486773042
2022-10-27 00:00:00,-0.007179568067299653
2022-10-27 08:00:00,-0.0066559279112735365
2022-10-27 16:00:00,-0.006818660261406918
2022-10-28 00:00:00,-0.006707744672261842
2022-10-28 08:00:00,-0.006956341406932767
2022-10-28 16:00:00,-0.006519569976631412
2022-10-29 00:00:00,-0.0065590161782993405
2022-10-29 08:00:00,-0.006642550398656881
2022-10-29 16:00:00,-0.006777060856780095
2022-10-30 00:00:00,-0.006627084098496529
2022-10-30 08:00:00,-0.0068763322173011725
2022-10-30 16:00:00,-0.00655574072004771
2022-10-31 00:00:00,-0.006388853821135215
2022-10-31 08:00:00,-0.006496526036152311
2022-10-31 16:00:00,-0.006848466790257778
2022-11-01 00:00:00,-0.006622160980989823
2022-11-01 08:00:00,-0.006944970901344322
2022-11-01 16:00:00,-0.006563762678505605
2022-11-02 00:00:00,-0.006580018206316381
2022-11-02 08:00:00,-0.0070360003049434695
2022-11-02 16:00:00,-0.006886291953967658
2022-11-03 00:00:00,-0.006702461112682086
2022-11-03 08:00:00,-0.0066979034309096455
2022-11-03 16:00:00,-0.00687152501671339
2022-11-04 00:00:00,-0.0065437320319073405
2022-11-04 08:00:00,-0.006563131204137823
2022-11-04 16:00:00,-0.006644177900469777
2022-11-05 00:00:00,-0.006748380522253894
2022-11-05 08:00:00,-0.006379378945087058
2022-11-05 16:00:00,-0.006249937095900859
2022-11-06 00:00:00,-0.006669628963435974
2022-11-06 08:00:00,-0.006687248198245778
2022-11-06 16:00:00,-0.006458471429880563
2022-11-07 00:00:00,-0.006620216987060508
2022-11-07 08:00:00,-0.006568388699391905
2022-11-07 16:00:00,-0.006384476777062473
2022-11-08 00:00:00,-0.006906176773057013
2022-11-08 08:00:00,-0.006252543238733169
2022-11-08 16:00:00,-0.006493565746985983
2022-11-09 00:00:00,-0.0065822986289124355
2022-11-09 08:00:00,-0.006475539138536597
2022-11-09 16:00:00,-0.006422898744380512
2022-11-10 00:00:00,-0.0067193171837659086
2022-11-10 08:00:00,-0.0060317815852785825
2022-11-10 16:00:00,-0.006280196412007414
2022-11-11 00:00:00,-0.006157553420064371
2022-11-11 08:00:00,-0.006013536199731345
2022-11-11 16:00:00,-0.006365770953050521
2022-11-12 00:00:00,-0.006024536389423724
2022-11-12 08:00:00,-0.006130451295102836
2022-11-12 16:00:00,-0.005865261229572085
2022-11-13 00:00:00,-0.006417753176377991
2022-11-13 08:00:00,-0.005969818860048253
2022-11-13 16:00:00,-0.0060282564388490995
2022-11-14 00:00:00,-0.005778932025257784
2022-11-14 08:00:00,-0.005729068085603283
2022-11-14 16:00:00,-0.005922294409733636
2022-11-15 00:00:00,-0.005880896311296746
2022-11-15 08:00:00,-0.005718286919865312
2022-11-15 16:00:00,-0.005833174599309195
2022-11-16 00:00:00,-0.005443141722448036
2022-11-16 08:00:00,-0.005643072209320258
2022-11-16 16:00:00,-0.006108320720787405
2022-11-17 00:00:00,-0.005559579795939746
2022-11-17 08:00:00,-0.005650016456476487
2022-11-17 16:00:00,-0.005726255163092189
2022-11-18 00:00:00,-0.005605177635336822
2022-11-18 08:00:00,-0.005293502921018021
2022-11-18 16:00:00,-0.005007348757427276
2022-11-19 00:00:00,-0.005168132335996235
2022-11-19 08:00:00,-0.005309762216104686
2022-11-19 16:00:00,-0.005054973007119705
2022-11-20 00:00:00,-0.005195664215889952
2022-11-20 08:00:00,-0.00520045853537109
2022-11-20 16:00:00,-0.0052501033028773654
2022-11-21 00:00:00,-0.005327288838273421
2022-11-21 08:00:00,-0.005012600125927274
2022-11-21 16:00:00,-0.004860696994323666
2022-11-22 00:00:00,-0.004869324734002978
2022-11-22 08:00:00,-0.004890885693281779
2022-11-22 16:00:00,-0.004954533827523971
2022-11-23 00:00:00,-0.004601427684739929
2022-11-23 08:00:00,-0.004944195614758547
2022-11-23 16:00:00,-0.004483255955692844
2022-11-24 00:00:00,-0.004796597249939191
2022-11-24 08:00:00,-0.00470433320131676
2022-11-24 16:00:00,-0.004804895499661596
2022-11-25 00:00:00,-0.004569511198607896
2022-11-25 08:00:00,-0.004231860585227481
2022-11-25 16:00:00,-0.004281489766926593
2022-11-26 00:00:00,-0.004146623269902085
2022-11-26 08:00:00,-0.0041955714908132125
2022-11-26 16:00:00,-0.004478426273398382
2022-11-27 00:00:00,-0.004281542460250127
2022-11-27 08:00:00,-0.004329116748900416
2022-11-27 16:00:00,-0.0038646542499614226
2022-11-28 00:00:00,-0.0043278192677468005
2022-11-28 08:00:00,-0.0038674143082760236
2022-11-28 16:00:00,-0.003825255379824399
2022-11-29 00:00:00,-0.003595614421195243
2022-11-29 08:00:00,-0.004001168087756668
2022-11-29 16:00:00,-0.0037344586450070443
2022-11-30 00:00:00,-0.003378285017307616
2022-11-30 08:00:00,-0.003915836027694432
2022-11-30 16:00:00,-0.004057008049506472
2022-12-01 00:00:00,-0.00408369431447386
2022-12-01 08:00:00,-0.0035228422096123487
2022-12-01 16:00:00,-0.003999706964688639
2022-12-02 00:00:00,-0.0036552330413568155
2022-12-02 08:00:00,-0.0034509989010537458
2022-12-02 16:00:00,-0.003459118738787863
2022-12-03 00:00:00,-0.003368757181009319
2022-12-03 08:00:00,-0.0033670804903782902
2022-12-03 16:00:00,-0.00311345760656809
2022-12-04 00:00:00,-0.003517386353070836
2022-12-04 08:00:00,-0.0034200144123070907
2022-12-04 16:00:00,-0.0033968395813618567
2022-12-05 00:00:00,-0.0030339616376274777
2022-12-05 08:00:00,-0.002977612590013295
2022-12-05 16:00:00,-0.0030251395515209136
2022-12-06 00:00:00,-0.002836378189698937
2022-12-06 08:00:00,-0.003266377404244507
2022-12-06 16:00:00,-0.002655016716151311
2022-12-07 00:00:00,-0.002641506121811394
2022-12-07 08:00:00,-0.0027567217543970042
2022-12-07 16:00:00,-0.002505178679784249
2022-12-08 00:00:00,-0.003150555410766324
2022-12-08 08:00:00,-0.002881812704175607
2022-12-08 16:00:00,-0.0028816760767517748
2022-12-09 00:00:00,-0.0025480118275562234
2022-12-09 08:00:00,-0.0028600281479204286
2022-12-09 16:00:00,-0.00245619327782481
2022-12-10 00:00:00,-0.0022912773865852725
2022-12-10 08:00:00,-0.0023840363430601232
2022-12-10 16:00:00,-0.0024240190260369308
2022-12-11 00:00:00,-0.0026360362066416877
2022-12-11 08:00:00,-0.0025655240393789185
2022-12-11 16:00:00,-0.00210392237278682
2022-12-12 00:00:00,-0.002155668660757395
2022-12-12 08:00:00,-0.002277034673106278
2022-12-12 16:00:00,-0.002310504986076255
2022-12-13 00:00:00,-0.00258977695923766
2022-12-13 08:00:00,-0.0023564781760445803
2022-12-13 16:00:00,-0.0017177161825720547
2022-12-14 00:00:00,-0.0023137834218928005
2022-12-14 08:00:00,-0.001977488651140399
2022-12-14 16:00:00,-0.001771588128437883
2022-12-15 00:00:00,-0.0021817537643696893
2022-12-15 08:00:00,-0.001851519443505322
2022-12-15 16:00:00,-0.0016585707386517154
2022-12-16 00:00:00,-0.0018013462894647032
2022-12-16 08:00:00,-0.0011878578504051075
2022-12-16 16:00:00,-0.002052950621006408
2022-12-17 00:00:00,-0.0014651773709463008
2022-12-17 08:00:00,-0.0016691757320946774
2022-12-17 16:00:00,-0.0014379236613403573
2022-12-18 00:00:00,-0.001461738569660151
2022-12-18 08:00:00,-0.0016543235471143064
2022-12-18 16:00:00,-0.0014195853368927469
2022-12-19 00:00:00,-0.00179465721335658
2022-12-19 08:00:00,-0.0012601197306549518
2022-12-19 16:00:00,-0.0012788298452634332
2022-12-20 00:00:00,-0.0011684218124252256
2022-12-20 08:00:00,-0.001042222488828724
2022-12-20 16:00:00,-0.0011380144934965187
2022-12-21 00:00:00,-0.0011396128852711135
2022-12-21 08:00:00,-0.001303136744255335
2022-12-21 16:00:00,-0.0012270595373451946
2022-12-22 00:00:00,-0.000804960768272226
2022-12-22 08:00:00,-0.0007127329188588044
2022-12-22 16:00:00,-0.0010053143949547187
2022-12-23 00:00:00,-0.00090618406593396
2022-12-23 08:00:00,-0.0010539997980756758
2022-12-23 16:00:00,-0.0005962178617157414
2022-12-24 00:00:00,-0.0006553781737231825
2022-12-24 08:00:00,-0.0003579103588610962
2022-12-24 16:00:00,-0.0008795107692821017
2022-12-25 00:00:00,-0.0007371400413421051
2022-12-25 08:00:00,-0.0005729415847256542
2022-12-25 16:00:00,-0.0004476251693779223
2022-12-26 00:00:00,-0.0005777489121249108
2022-12-26 08:00:00,-0.0006668999103984322
2022-12-26 16:00:00,-0.0002737184942152856
2022-12-27 00:00:00,-0.00026346523518319133
2022-12-27 08:00:00,-0.0005486394354973605
2022-12-27 16:00:00,-5.198836285582329e-05
2022-12-28 00:00:00,-4.672948892990952e-05
2022-12-28 08:00:00,-0.0002116022390119795
2022-12-28 16:00:00,-0.00018023427367863863
2022-12-29 00:00:00,-4.303459962297228e-05
2022-12-29 08:00:00,-0.00028387907558971316
2022-12-29 16:00:00,-6.322447339795291e-05
2022-12-30 00:00:00,-0.0004573997858449124
2022-12-30 08:00:00,0.00019067574448520302
2022-12-30 16:00:00,-0.0002546063367960638
2022-12-31 00:00:00,0.0004006839656857998
2022-12-31 08:00:00,5.0642647873376604e-05
2022-12-31 16:00:00,9.099993694709795e-05
2023-01-01 00:00:00,2.4453218783098888e-05
2023-01-01 08:00:00,0.00010905889188225141
2023-01-01 16:00:00,0.0004670396023629407
2023-01-02 00:00:00,-0.0002975617313070159
2023-01-02 08:00:00,0.00047205974388430424
2023-01-02 16:00:00,0.000300938029553675
2023-01-03 00:00:00,8.595670428556876e-06
2023-01-03 08:00:00,5.16041880568191e-05
2023-01-03 16:00:00,0.000618611938774974
2023-01-04 00:00:00,0.00011089862401145379
2023-01-04 08:00:00,8.599656454747482e-05
2023-01-04 16:00:00,0.0005607962418062792
2023-01-05 00:00:00,0.00041771057525718283
2023-01-05 08:00:00,0.0001790815513593869
2023-01-05 16:00:00,0.00042665832841425717
2023-01-06 00:00:00,0.00019484946327194455
2023-01-06 08:00:00,0.0006368309463511877
2023-01-06 16:00:00,0.0006456075263079601
2023-01-07 00:00:00,0.0005564012397643887
2023-01-07 08:00:00,0.00053899887891607
2023-01-07 16:00:00,0.0008355709583068081
2023-01-08 00:00:00,0.0004999372654776451
2023-01-08 08:00:00,0.00028029184158250643
2023-01-08 16:00:00,0.0006232281158997947
2023-01-09 00:00:00,0.0009672094099074228
2023-01-09 08:00:00,0.00036371476802949624
2023-01-09 16:00:00,0.0005110407799945362
2023-01-10 00:00:00,0.0006832892076202905
2023-01-10 08:00:00,0.0006058856968655189
2023-01-10 16:00:00,0.0004368726172578705
2023-01-11 00:00:00,0.0008743715712460942
2023-01-11 08:00:00,0.0011306748110701185
2023-01-11 16:00:00,0.0007225596251381149
2023-01-12 00:00:00,0.0005191863420528
2023-01-12 08:00:00,0.0004068745616559718
2023-01-12 16:00:00,0.0007849285295775696
2023-01-13 00:00:00,0.0009707754686632517
2023-01-13 08:00:00,0.0008617002159657431
2023-01-13 16:00:00,0.0007828525651495626
2023-01-14 00:00:00,0.0006821456696421388
2023-01-14 08:00:00,0.0005706581825472911
2023-01-14 16:00:00,0.0009451320834467947
2023-01-15 00:00:00,0.0009500270515498445
2023-01-15 08:00:00,0.0004472176790254898
2023-01-15 16:00:00,0.0010634223410906822
2023-01-16 00:00:00,0.0008493596987242549
2023-01-16 08:00:00,0.0010035552926655224
2023-01-16 16:00:00,0.00044430172303024974
2023-01-17 00:00:00,0.00042865335073509405
2023-01-17 08:00:00,0.0006611152289556316
2023-01-17 16:00:00,0.0007805568853790389
2023-01-18 00:00:00,0.0010283630736763018
2023-01-18 08:00:00,0.0007993976009448445
2023-01-18 16:00:00,0.0005987364719103207
2023-01-19 00:00:00,0.00043108979483045797
2023-01-19 08:00:00,0.0008714546599983754
2023-01-19 16:00:00,0.00042160436939531166
2023-01-20 00:00:00,0.000929330074590828
2023-01-20 08:00:00,0.0005358503428059709
2023-01-20 16:00:00,0.0008999345963417519
2023-01-21 00:00:00,0.0007066953489209465
2023-01-21 08:00:00,0.0005326009021115084
2023-01-21 16:00:00,0.0004452116347256838
2023-01-22 00:00:00,0.00047000024271260234
2023-01-22 08:00:00,0.0006129360657477749
2023-01-22 16:00:00,0.0005317949356071798
2023-01-23 00:00:00,0.00038669226384080446
2023-01-23 08:00:00,0.00046141917248192807
2023-01-23 16:00:00,0.0004993517695801936
2023-01-24 00:00:00,4.6980453844310346e-05
2023-01-24 08:00:00,0.0005534518047759216
2023-01-24 16:00:00,0.0002549648459657296
2023-01-25 00:00:00,0.00020933351935885106
2023-01-25 08:00:00,9.162203966876705e-05
2023-01-25 16:00:00,5.940331860824019e-05
2023-01-26 00:00:00,0.00013618322665026947
2023-01-26 08:00:00,0.00025455944483753835
2023-01-26 16:00:00,0.0007761063729598591
2023-01-27 00:00:00,0.0002693695193664138
2023-01-27 08:00:00,0.00039918638488996993
2023-01-27 16:00:00,0.00043282355002853854
2023-01-28 00:00:00,0.0003680312190613516
2023-01-28 08:00:00,0.00031542039876389225
2023-01-28 16:00:00,8.094124728015109e-05
2023-01-29 00:00:00,0.0005992764187467515
2023-01-29 08:00:00,0.0006596211469093952
2023-01-29 16:00:00,-4.925901155180992e-05
2023-01-30 00:00:00,7.155791818636053e-05
2023-01-30 08:00:00,0.00020949247697914428
2023-01-30 16:00:00,6.163789556341628e-05
2023-01-31 00:00:00,0.0003448294743275368
2023-01-31 08:00:00,8.707283224595018e-05
2023-01-31 16:00:00,0.0006548293953795024
2023-02-01 00:00:00,0.00044901880977781016
2023-02-01 08:00:00,0.00024251480612644307
2023-02-01 16:00:00,0.0003944881617548556
2023-02-02 00:00:00,0.00039936190305328004
2023-02-02 08:00:00,5.448322966107862e-05
2023-02-02 16:00:00,-6.879812544756522e-06
2023-02-03 00:00:00,0.00016108315804847499
2023-02-03 08:00:00,0.0003068726794450434
2023-02-03 16:00:00,0.00015144844336704717
2023-02-04 00:00:00,-0.00020267202371092665
2023-02-04 08:00:00,-5.8746706971986605e-05
2023-02-04 16:00:00,7.611451819021533e-05
2023-02-05 00:00:00,6.486687913483405e-05
2023-02-05 08:00:00,0.0004635993444488708
2023-02-05 16:00:00,-0.0002190157702979814
2023-02-06 00:00:00,0.0001483905756399022
2023-02-06 08:00:00,0.00033418625802929437
2023-02-06 16:00:00,0.00047974449453910476
2023-02-07 00:00:00,-6.633403009133767e-05
2023-02-07 08:00:00,0.0001019222541804036
2023-02-07 16:00:00,0.0001066793441670022
2023-02-08 00:00:00,2.0914528128840048e-05
2023-02-08 08:00:00,-4.8859949338770275e-05
2023-02-08 16:00:00,4.719507790000918e-05
2023-02-09 00:00:00,-0.0005573583079530279
2023-02-09 08:00:00,7.45957161943445e-05
2023-02-09 16:00:00,-4.749169199487926e-05
2023-02-10 00:00:00,-0.0001281313429920166
2023-02-10 08:00:00,0.0003148269845984571
2023-02-10 16:00:00,-0.00024044134921265587
2023-02-11 00:00:00,-0.0001969788341766425
2023-02-11 08:00:00,0.00027103793316821963
2023-02-11 16:00:00,-0.00030459407915178944
2023-02-12 00:00:00,-0.0002591139656782168
2023-02-12 08:00:00,-0.00018940508468617
2023-02-12 16:00:00,-2.762194483180955e-06
2023-02-13 00:00:00,-0.00014025768034751907
2023-02-13 08:00:00,-0.00045125234215772524
2023-02-13 16:00:00,-0.0003100700762618015
2023-02-14 00:00:00,-0.00033601634118789685
2023-02-14 08:00:00,-0.0002408987544991546
2023-02-14 16:00:00,-0.00015119490463767039
2023-02-15 00:00:00,-0.00016363157609513275
2023-02-15 08:00:00,-0.0006133841689914986
2023-02-15 16:00:00,-5.630271157873782e-05
2023-02-16 00:00:00,-0.00022948623080067528
2023-02-16 08:00:00,-1.4002681390309674e-05
2023-02-16 16:00:00,-0.00021297851636004747
2023-02-17 00:00:00,-9.246268118012012e-05
2023-02-17 08:00:00,-0.00023032730134633813
2023-02-17 16:00:00,-6.530030330490481e-05
2023-02-18 00:00:00,-0.00024100441825098968
2023-02-18 08:00:00,-0.0003759466856522171
2023-02-18 16:00:00,8.721421681664912e-05
2023-02-19 00:00:00,-0.0002003743937258398
2023-02-19 08:00:00,-0.0002743420248900265
2023-02-19 16:00:00,-0.000655260883307667
2023-02-20 00:00:00,-0.0006685706144017984
2023-02-20 08:00:00,-0.00036327508538981103
2023-02-20 16:00:00,-0.0004036230331736245
2023-02-21 00:00:00,-0.0005664608766380269
2023-02-21 08:00:00,-0.00042634891462304256
2023-02-21 16:00:00,-0.00014772915984582628
2023-02-22 00:00:00,-0.00033728314145357646
2023-02-22 08:00:00,-0.0007154744292232748
2023-02-22 16:00:00,-0.0005204835836104068
2023-02-23 00:00:00,-0.0006700842052614212
2023-02-23 08:00:00,-0.0005975399832817121
2023-02-23 16:00:00,-0.0006136322240350194
2023-02-24 00:00:00,-0.0006373472983389829
2023-02-24 08:00:00,-0.0008037543471219517
2023-02-24 16:00:00,-0.0005891672999400015
2023-02-25 00:00:00,-0.0006866669819149164
2023-02-25 08:00:00,-0.001171344283454999
2023-02-25 16:00:00,-0.00018576923146330367
2023-02-26 00:00:00,-0.00038951879642939286
2023-02-26 08:00:00,-0.0006934419631668174
2023-02-26 16:00:00,-0.0006253270991427894
2023-02-27 00:00:00,-0.0008743308694635122
2023-02-27 08:00:00,-0.0003117645153469177
2023-02-27 16:00:00,-0.00028236044286355936
2023-02-28 00:00:00,-0.0006413885270779678
2023-02-28 08:00:00,-0.0004789302347992946
2023-02-28 16:00:00,-0.0006594880987586697
2023-03-01 00:00:00,-0.0009727996332297316
2023-03-01 08:00:00,-0.0007987283101563679
2023-03-01 16:00:00,-0.0007008871339183357
2023-03-02 00:00:00,-0.000829091361930507
2023-03-02 08:00:00,-0.0007928215645779162
2023-03-02 16:00:00,-0.0007782799115018228
2023-03-03 00:00:00,-0.0007870847904821831
2023-03-03 08:00:00,-0.0007713664837186851
2023-03-03 16:00:00,-0.001004848286006593
2023-03-04 00:00:00,-0.0009470395934619507
2023-03-04 08:00:00,-0.0010714623076854483
2023-03-04 16:00:00,-0.0006298914355173052
2023-03-05 00:00:00,-0.0012574930247317012
2023-03-05 08:00:00,-0.0006165546586093421
2023-03-05 16:00:00,-0.0005809119387292494
2023-03-06 00:00:00,-0.0009295270264874334
2023-03-06 08:00:00,-0.0014006274175654598
2023-03-06 16:00:00,-0.0009631712033025488
2023-03-07 00:00:00,-0.0009146550140759456
2023-03-07 08:00:00,-0.0011148469167130554
2023-03-07 16:00:00,-0.001026680042398012
2023-03-08 00:00:00,-0.0006285064147727843
2023-03-08 08:00:00,-0.0008124691129941972
2023-03-08 16:00:00,-0.0011412764592392563
2023-03-09 00:00:00,-0.0012867925611918136
2023-03-09 08:00:00,-0.0010435852817037724
2023-03-09 16:00:00,-0.0010317822649609967
2023-03-10 00:00:00,-0.0009007601625273368
2023-03-10 08:00:00,-0.001102208973581493
2023-03-10 16:00:00,-0.00088799134706355
2023-03-11 00:00:00,-0.0005984060851918377
2023-03-11 08:00:00,-0.0008174823197829922
2023-03-11 16:00:00,-0.0009853458568059603
2023-03-12 00:00:00,-0.001007503880618426
2023-03-12 08:00:00,-0.0010373540443117024
2023-03-12 16:00:00,-0.0007250368660532603
2023-03-13 00:00:00,-0.0010817733688019112
2023-03-13 08:00:00,-0.0009424117688796151
2023-03-13 16:00:00,-0.0009363623613713558
2023-03-14 00:00:00,-0.0010421044113778403
2023-03-14 08:00:00,-0.0012113863134603155
2023-03-14 16:00:00,-0.0008674439342279227
2023-03-15 00:00:00,-0.0009393852603904942
2023-03-15 08:00:00,-0.0008222820032000647
2023-03-15 16:00:00,-0.0010241957894431733
2023-03-16 00:00:00,-0.0006684570994606914
2023-03-16 08:00:00,-0.0010831217465336312
2023-03-16 16:00:00,-0.0005605045645556448
2023-03-17 00:00:00,-0.0012475855543928368
2023-03-17 08:00:00,-0.0008062498705837675
2023-03-17 16:00:00,-0.0007932633780577821
2023-03-18 00:00:00,-0.0010426065592192444
2023-03-18 08:00:00,-0.0007937619891268267
2023-03-18 16:00:00,-0.0006178826738149585
2023-03-19 00:00:00,-0.0013122958067057645
2023-03-19 08:00:00,-0.0007635287084047497
2023-03-19 16:00:00,-0.0013578774650368892
2023-03-20 00:00:00,-0.0010475018927434765
2023-03-20 08:00:00,-0.000523681290126607
2023-03-20 16:00:00,-0.0009610166008531682
2023-03-21 00:00:00,-0.001074581818124513
2023-03-21 08:00:00,-0.000874539002107616
2023-03-21 16:00:00,-0.0004165158197459304
2023-03-22 00:00:00,-0.0011915791678878073
2023-03-22 08:00:00,-0.0010306503318424321
2023-03-22 16:00:00,-0.0005160476439465989
2023-03-23 00:00:00,-0.00043913914294293896
2023-03-23 08:00:00,-0.0008265114875765034
2023-03-23 16:00:00,-0.0010487814142917363
2023-03-24 00:00:00,-0.00037694780449253713
2023-03-24 08:00:00,-0.0004723736575724907
2023-03-24 16:00:00,-0.0006506183694378447
2023-03-25 00:00:00,-0.0009440338678457364
2023-03-25 08:00:00,-0.000786504897293821
2023-03-25 16:00:00,-0.000803916676403141
2023-03-26 00:00:00,-0.0007008200303390204
2023-03-26 08:00:00,-0.0004719356347038299
2023-03-26 16:00:00,-0.0005813981451705777
2023-03-27 00:00:00,-0.0009679023998629712
2023-03-27 08:00:00,-0.000472273525530073
2023-03-27 16:00:00,-0.0006800920185993108
2023-03-28 00:00:00,-0.0006004509184981197
2023-03-28 08:00:00,-0.00043970153688214353
2023-03-28 16:00:00,-0.0009504713897085354
2023-03-29 00:00:00,-0.000730466086615079
2023-03-29 08:00:00,-0.0008247375122135906
2023-03-29 16:00:00,-0.0010271641180828
2023-03-30 00:00:00,-0.000639395868556686
2023-03-30 08:00:00,-0.0002015721848287463
2023-03-30 16:00:00,-0.0010670446751147428
2023-03-31 00:00:00,-0.0007006308794914475
2023-03-31 08:00:00,-0.00056121180133456
2023-03-31 16:00:00,-0.0006598503790862395
2023-04-01 00:00:00,-0.000702237260988585
2023-04-01 08:00:00,-0.0009346005542425629
2023-04-01 16:00:00,-0.0006233455640333265
2023-04-02 00:00:00,-0.0008164013390925057
2023-04-02 08:00:00,-0.0010981785157529922
2023-04-02 16:00:00,-0.0004164213617224965
2023-04-03 00:00:00,-0.0004588082729247954
2023-04-03 08:00:00,-0.0006352988725909492
2023-04-03 16:00:00,-0.0005949617613879857
2023-04-04 00:00:00,-0.0004210587275539751
2023-04-04 08:00:00,-0.000586200029809432
2023-04-04 16:00:00,-0.0004454100812807468
2023-04-05 00:00:00,-0.000680855663475741
2023-04-05 08:00:00,-0.00035410810665414277
2023-04-05 16:00:00,-0.0005474933402503565
2023-04-06 00:00:00,-0.0005679857277836796
2023-04-06 08:00:00,-0.000855953965315222
2023-04-06 16:00:00,-0.000539696207780435
2023-04-07 00:00:00,-0.0007586239932076282
2023-04-07 08:00:00,-0.0007150351860823979
2023-04-07 16:00:00,-0.0007455993975078845
2023-04-08 00:00:00,-0.0007909168892924665
2023-04-08 08:00:00,-0.00014786125337719027
2023-04-08 16:00:00,-0.00030169335265086306
2023-04-09 00:00:00,-0.00017903329568765258
2023-04-09 08:00:00,-0.0008028314310955789
2023-04-09 16:00:00,-0.0005391473082702488
2023-04-10 00:00:00,-0.0008072452143612075
2023-04-10 08:00:00,-0.0006828282958277624
2023-04-10 16:00:00,-0.0007224603481396257
2023-04-11 00:00:00,-0.0002860637812359595
2023-04-11 08:00:00,-0.000608372149212585
2023-04-11 16:00:00,-0.0003105959779213909
2023-04-12 00:00:00,-0.00039859329781045174
2023-04-12 08:00:00,-5.383535637515873e-05
2023-04-12 16:00:00,-0.0008055975824920224
2023-04-13 00:00:00,-0.00025300772097467907
2023-04-13 08:00:00,-0.0002707118259198545
2023-04-13 16:00:00,-0.0006898213986733682
2023-04-14 00:00:00,-0.00028886459484129043
2023-04-14 08:00:00,-0.00041820790059863785
2023-04-14 16:00:00,-0.0005260777762625263
2023-04-15 00:00:00,-0.0006405152527342058
2023-04-15 08:00:00,-0.0006146956766976043
2023-04-15 16:00:00,-5.6056998318542925e-05
2023-04-16 00:00:00,-0.00046102848475219286
2023-04-16 08:00:00,-0.00029988467930535864
2023-04-16 16:00:00,-0.0006096361870131224
2023-04-17 00:00:00,-0.0006025725309919006
2023-04-17 08:00:00,-0.00022535061096554552
2023-04-17 16:00:00,-0.0007068084461938017
2023-04-18 00:00:00,-0.0005150815885325106
2023-04-18 08:00:00,-0.00042037898380497114
2023-04-18 16:00:00,-0.0004000555767193682
2023-04-19 00:00:00,-0.00045329438515857113
2023-04-19 08:00:00,-0.0003334574030041164
2023-04-19 16:00:00,-0.0002691958391276998
2023-04-20 00:00:00,-0.0002559851122673573
2023-04-20 08:00:00,-0.0005952190141607499
2023-04-20 16:00:00,-0.0004500349030809051
2023-04-21 00:00:00,-0.00014939694218771927
2023-04-21 08:00:00,-0.00020456570811629358
2023-04-21 16:00:00,-0.000653212666995242
2023-04-22 00:00:00,-0.00030349042769654995
2023-04-22 08:00:00,-0.0007645770887099136
2023-04-22 16:00:00,-0.0003546906894908387
2023-04-23 00:00:00,2.0330102378321576e-05
2023-04-23 08:00:00,-0.0005439474754926323
2023-04-23 16:00:00,-0.0005163791722051127
2023-04-24 00:00:00,-0.00019185423786018542
2023-04-24 08:00:00,-0.0006483661282846477
2023-04-24 16:00:00,-0.0004615024622876875
2023-04-25 00:00:00,-0.00021080885986229025
2023-04-25 08:00:00,-0.0004520998879844827
2023-04-25 16:00:00,-0.00036758234695675746
2023-04-26 00:00:00,-0.00016669683851951744
2023-04-26 08:00:00,-0.0002263703949431732
2023-04-26 16:00:00,-0.00025246156345936624
2023-04-27 00:00:00,-0.00036879532964041555
2023-04-27 08:00:00,-0.00022210428180057787
2023-04-27 16:00:00,-0.0003160086719422815
2023-04-28 00:00:00,-0.00019484664500513436
2023-04-28 08:00:00,-0.00038093980308184815
2023-04-28 16:00:00,-0.00031321282400212185
2023-04-29 00:00:00,-0.0004698362187045775
2023-04-29 08:00:00,-0.00027399181326338314
2023-04-29 16:00:00,-0.00042433609505586605
2023-04-30 00:00:00,-0.000480090843430457
2023-04-30 08:00:00,-0.00020069495489494183
2023-04-30 16:00:00,-0.0002050248603624486
2023-05-01 00:00:00,-8.614369961222729e-05
2023-05-01 08:00:00,-0.00032408919158492274
2023-05-01 16:00:00,-0.000151399139370513
2023-05-02 00:00:00,-0.0001179958253510926
2023-05-02 08:00:00,-0.00013434620930746752
2023-05-02 16:00:00,-0.000383577338502176
2023-05-03 00:00:00,-0.00018371953655547105
2023-05-03 08:00:00,-0.0001359098048667377
2023-05-03 16:00:00,-0.00020244780176404268
2023-05-04 00:00:00,-0.0006163246578878092
2023-05-04 08:00:00,-0.0001620768324868574
2023-05-04 16:00:00,0.00025318581952993383
2023-05-05 00:00:00,-0.0002564738731688723
2023-05-05 08:00:00,-0.0003252270700565012
2023-05-05 16:00:00,-0.00010008756961111846
2023-05-06 00:00:00,-0.00010742727052804487
2023-05-06 08:00:00,7.349848939396244e-05
2023-05-06 16:00:00,-0.00041176780593905915
2023-05-07 00:00:00,-9.063755310244299e-06
2023-05-07 08:00:00,-3.240102464291121e-05
2023-05-07 16:00:00,-0.00017406037534927436
2023-05-08 00:00:00,-7.303923544478826e-05
2023-05-08 08:00:00,6.996916622258408e-05
2023-05-08 16:00:00,4.339511484064147e-05
2023-05-09 00:00:00,-0.0003548174546477554
2023-05-09 08:00:00,4.2672414050125946e-05
2023-05-09 16:00:00,-0.00012944257537543576
2023-05-10 00:00:00,-9.707566583379022e-05
2023-05-10 08:00:00,-9.215671830451551e-05
2023-05-10 16:00:00,-0.00013199034533246753
2023-05-11 00:00:00,0.00014125412078063622
2023-05-11 08:00:00,-0.00010897660167858029
2023-05-11 16:00:00,-0.00031128786645333285
2023-05-12 00:00:00,-0.000161230243038606
2023-05-12 08:00:00,-4.193095955052633e-05
2023-05-12 16:00:00,0.00017302742287882752
2023-05-13 00:00:00,5.265777194122303e-05
2023-05-13 08:00:00,-0.0002332138518659137
2023-05-13 16:00:00,0.0004387855561513123
2023-05-14 00:00:00,-4.429960568313348e-07
2023-05-14 08:00:00,0.0002065344582794146
2023-05-14 16:00:00,-7.403220710379543e-05
2023-05-15 00:00:00,6.783689748477915e-05
2023-05-15 08:00:00,0.000133913118379409
2023-05-15 16:00:00,0.00021451272875861813
2023-05-16 00:00:00,0.00018720181641545083
2023-05-16 08:00:00,0.00015502192428644028
2023-05-16 16:00:00,-7.758045303493837e-05
2023-05-17 00:00:00,-0.00012405794625529006
2023-05-17 08:00:00,6.166713313280063e-05
2023-05-17 16:00:00,0.00018662561446821388
2023-05-18 00:00:00,-3.968977122328253e-05
2023-05-18 08:00:00,0.00022274313100695487
2023-05-18 16:00:00,0.0003050864558933523
2023-05-19 00:00:00,-0.00016384670808652864
2023-05-19 08:00:00,-0.0001431122960990618
2023-05-19 16:00:00,1.0512018111655645e-06
2023-05-20 00:00:00,9.550311616211103e-05
2023-05-20 08:00:00,-6.607845129709957e-05
2023-05-20 16:00:00,0.00031412985616177837
2023-05-21 00:00:00,0.00013335706162407863
2023-05-21 08:00:00,6.128746790057495e-05
2023-05-21 16:00:00,-0.0002289294775892396
2023-05-22 00:00:00,-0.00020005636716899665
2023-05-22 08:00:00,0.00012416301510490495
2023-05-22 16:00:00,-0.00035370359125038467
2023-05-23 00:00:00,0.00028019738484143556
2023-05-23 08:00:00,5.089350297019605e-05
2023-05-23 16:00:00,0.0007359972346956457
2023-05-24 00:00:00,0.00055381625983196
2023-05-24 08:00:00,6.079756479127319e-05
2023-05-24 16:00:00,8.067434706655243e-05
2023-05-25 00:00:00,0.0003059124193052603
2023-05-25 08:00:00,0.00045228500742050076
2023-05-25 16:00:00,-0.00021110095711827128
2023-05-26 00:00:00,-0.00023591586976996661
2023-05-26 08:00:00,1.8066311221333169e-06
2023-05-26 16:00:00,0.0002476154777998214
2023-05-27 00:00:00,0.00023529704819860682
2023-05-27 08:00:00,0.00035473099002589627
2023-05-27 16:00:00,-9.430843771189674e-05
2023-05-28 00:00:00,-0.00031274333570057155
2023-05-28 08:00:00,0.00032694264488567176
2023-05-28 16:00:00,-5.445079835765358e-06
2023-05-29 00:00:00,-0.00023864902918840735
2023-05-29 08:00:00,0.00019891566181323543
2023-05-29 16:00:00,0.00033339241919713345
2023-05-30 00:00:00,0.00015520022406118142
2023-05-30 08:00:00,9.28963421809779e-05
2023-05-30 16:00:00,0.0001574479419203331
2023-05-31 00:00:00,0.00012005820480139673
2023-05-31 08:00:00,-7.058029617444125e-05
2023-05-31 16:00:00,6.0947359747544685e-05
2023-06-01 00:00:00,0.00031299384508043284
2023-06-01 08:00:00,0.0002779279412850086
2023-06-01 16:00:00,0.00025205856313511156
2023-06-02 00:00:00,2.427127450311048e-05
2023-06-02 08:00:00,0.00019185470737869182
2023-06-02 16:00:00,-0.00020240330055070702
2023-06-03 00:00:00,0.00027355941044698075
2023-06-03 08:00:00,0.0005284899881646552
2023-06-03 16:00:00,-4.725361087444058e-05
2023-06-04 00:00:00,0.00013524164980246837
2023-06-04 08:00:00,0.00032310290914008404
2023-06-04 16:00:00,0.0005127044492155938
2023-06-05 00:00:00,0.00017734536800210598
2023-06-05 08:00:00,0.00013339459434099548
2023-06-05 16:00:00,-0.00011708559935700322
2023-06-06 00:00:00,0.0003022410239198736
2023-06-06 08:00:00,0.00069482297501904
2023-06-06 16:00:00,0.00034673382831526523
2023-06-07 00:00:00,0.0002916607090176263
2023-06-07 08:00:00,0.00036538733593980473
2023-06-07 16:00:00,0.00030360684192872606
2023-06-08 00:00:00,0.0001480767371984594
2023-06-08 08:00:00,0.0004801899637180653
2023-06-08 16:00:00,0.00036554065413691404
2023-06-09 00:00:00,0.00032876536883333325
2023-06-09 08:00:00,0.00013502388192299068
2023-06-09 16:00:00,0.0005956530426976314
2023-06-10 00:00:00,0.00047274637430934043
2023-06-10 08:00:00,0.00023407602670129672
2023-06-10 16:00:00,0.0005498795338431835
2023-06-11 00:00:00,0.0002548547643617934
2023-06-11 08:00:00,0.00020282260246866636
2023-06-11 16:00:00,0.0002121370464068552
2023-06-12 00:00:00,1.4718328217333022e-05
2023-06-12 08:00:00,0.0004680948838506313
2023-06-12 16:00:00,1.2411801031359014e-05
2023-06-13 00:00:00,0.0001378063793779154
2023-06-13 08:00:00,-2.6768087252599824e-05
2023-06-13 16:00:00,0.00037598994493696686
2023-06-14 00:00:00,0.00036799416037280994
2023-06-14 08:00:00,0.0003375733787219504
2023-06-14 16:00:00,0.00019925145135714687
2023-06-15 00:00:00,0.00017817460853597277
2023-06-15 08:00:00,0.0005103497008646545
2023-06-15 16:00:00,0.00031221971074568103
2023-06-16 00:00:00,0.0004904561303266464
2023-06-16 08:00:00,0.0002549890977266118
2023-06-16 16:00:00,0.00047310575243771145
2023-06-17 00:00:00,0.0007024031802787467
2023-06-17 08:00:00,0.0005638351018261294
2023-06-17 16:00:00,0.00036897354703631553
2023-06-18 00:00:00,0.000507750473682836
2023-06-18 08:00:00,0.0004130320136376466
2023-06-18 16:00:00,0.0004675954544146737
2023-06-19 00:00:00,0.0004057515759780662
2023-06-19 08:00:00,0.00044286111416272757
2023-06-19 16:00:00,0.0005230011948866795
2023-06-20 00:00:00,0.00028676515328749324
2023-06-20 08:00:00,0.00028711549673792657
2023-06-20 16:00:00,0.0002174371203017189
2023-06-21 00:00:00,0.00017994577909925802
2023-06-21 08:00:00,0.00025841012822257073
2023-06-21 16:00:00,0.0005356258346941591
2023-06-22 00:00:00,0.0003270424969016232
2023-06-22 08:00:00,0.0006101895595128859
2023-06-22 16:00:00,0.0005162760830838457
2023-06-23 00:00:00,0.00011749915731238921
2023-06-23 08:00:00,0.0006440617835110047
2023-06-23 16:00:00,0.0006770930624516753
2023-06-24 00:00:00,0.0003180274650330293
2023-06-24 08:00:00,0.000602704975245665
2023-06-24 16:00:00,0.00034923368585149355
2023-06-25 00:00:00,0.0005419340753496671
2023-06-25 08:00:00,0.00027136698527567354
2023-06-25 16:00:00,0.0001675120428264179
2023-06-26 00:00:00,0.0004514365620774063
2023-06-26 08:00:00,0.0005051208774116995
2023-06-26 16:00:00,0.0004521973946104125
2023-06-27 00:00:00,0.0002967938883554881
2023-06-27 08:00:00,0.0004554868542404393
2023-06-27 16:00:00,0.0005911922838494801
2023-06-28 00:00:00,0.0005302213939754926
2023-06-28 08:00:00,0.0005775668727865094
2023-06-28 16:00:00,0.0004089102932424868
2023-06-29 00:00:00,0.0007791435829432319
2023-06-29 08:00:00,0.0003114319993557105
2023-06-29 16:00:00,0.0006460453927506771
2023-06-30 00:00:00,0.0007867782185919923
2023-06-30 08:00:00,0.0006484482852164458
2023-06-30 16:00:00,0.0005136284879203673
2023-07-01 00:00:00,0.0004503405906674041
2023-07-01 08:00:00,0.0007650841968759179
2023-07-01 16:00:00,0.00027513834828099873
2023-07-02 00:00:00,0.0003675751479240713
2023-07-02 08:00:00,0.00048395511356832233
2023-07-02 16:00:00,0.000812864084835733
2023-07-03 00:00:00,0.0006431535272081793
2023-07-03 08:00:00,0.00037545751496461755
2023-07-03 16:00:00,0.0005088717922563526
2023-07-04 00:00:00,0.00044993537118074114
2023-07-04 08:00:00,0.00043270886821995965
2023-07-04 16:00:00,0.0007723112450446891
2023-07-05 00:00:00,0.0003040513741472988
2023-07-05 08:00:00,0.0009020228378135414
2023-07-05 16:00:00,0.0007477792713702579
2023-07-06 00:00:00,0.0008021723341207396
2023-07-06 08:00:00,0.0004932787642616149
2023-07-06 16:00:00,0.0005577451895175115
2023-07-07 00:00:00,0.00030296963709505764
2023-07-07 08:00:00,0.000486534185253306
2023-07-07 16:00:00,0.0006920643028619634
2023-07-08 00:00:00,0.0008544126123562792
2023-07-08 08:00:00,0.0003756353033061763
2023-07-08 16:00:00,0.0005258321459362802
2023-07-09 00:00:00,0.0005705401559534955
2023-07-09 08:00:00,0.00032350882622816967
2023-07-09 16:00:00,0.0007228031816850134
2023-07-10 00:00:00,0.00046160193365147814
2023-07-10 08:00:00,0.0005691885964312618
2023-07-10 16:00:00,0.0005197434589509578
2023-07-11 00:00:00,0.0004541322988560651
2023-07-11 08:00:00,0.0006124576695705557
2023-07-11 16:00:00,0.0005726114176197288
2023-07-12 00:00:00,0.0005432284235442669
2023-07-12 08:00:00,0.00047377434233059816
2023-07-12 16:00:00,0.0006852382674899244
2023-07-13 00:00:00,0.000953923453698457
2023-07-13 08:00:00,0.0006530441132344921
2023-07-13 16:00:00,0.0008261569763155592
2023-07-14 00:00:00,0.0003507556149693075
2023-07-14 08:00:00,0.0006622189545254205
2023-07-14 16:00:00,0.00041305966953912007
2023-07-15 00:00:00,0.0003390150144936197
2023-07-15 08:00:00,0.0004883923851748594
2023-07-15 16:00:00,0.0008765132002160479
2023-07-16 00:00:00,0.0008300031657339291
2023-07-16 08:00:00,0.0006904676110775466
2023-07-16 16:00:00,0.00033719322135534715
2023-07-17 00:00:00,0.0006063438697224127
2023-07-17 08:00:00,0.0007078066684470138
2023-07-17 16:00:00,0.0006844405792490529
2023-07-18 00:00:00,0.00028244128330385084
2023-07-18 08:00:00,0.0004750030970626923
2023-07-18 16:00:00,0.0006421177805035899
2023-07-19 00:00:00,0.000764058181903438
2023-07-19 08:00:00,0.00021944110244667735
2023-07-19 16:00:00,0.0006281085382373616
2023-07-20 00:00:00,0.0006910097539757906
2023-07-20 08:00:00,0.0008341890643699093
2023-07-20 16:00:00,0.0008047048501808207
2023-07-21 00:00:00,0.000784514263761761
2023-07-21 08:00:00,0.0005098785653262798
2023-07-21 16:00:00,0.00029013290590867183
2023-07-22 00:00:00,0.0005949894485877198
2023-07-22 08:00:00,0.0008757930317083787
2023-07-22 16:00:00,0.0009560242388382197
2023-07-23 00:00:00,0.0008213098204595572
2023-07-23 08:00:00,0.0007669348312270136
2023-07-23 16:00:00,0.0007588612630105264
2023-07-24 00:00:00,0.0005735762506478439
2023-07-24 08:00:00,0.0006606546079559426
2023-07-24 16:00:00,0.0010223472384985996
2023-07-25 00:00:00,0.0005018883988416247
2023-07-25 08:00:00,0.001015222424808637
2023-07-25 16:00:00,0.0006297277024349217
2023-07-26 00:00:00,0.0009610864218190157
2023-07-26 08:00:00,0.000416503664767159
2023-07-26 16:00:00,0.0008169141735662631
2023-07-27 00:00:00,0.0005542459728104755
2023-07-27 08:00:00,0.00042041322828182916
2023-07-27 16:00:00,0.0007490401418155224
2023-07-28 00:00:00,0.0009090943577191937
2023-07-28 08:00:00,0.0005400783789479674
2023-07-28 16:00:00,0.0004111301412416531
2023-07-29 00:00:00,0.000694431047133009
2023-07-29 08:00:00,0.0006971796009112304
2023-07-29 16:00:00,0.000826197258844233
2023-07-30 00:00:00,0.0009083189142728976
2023-07-30 08:00:00,0.0007083836304121678
2023-07-30 16:00:00,0.0010932339962921858
2023-07-31 00:00:00,0.0007688469489070584
2023-07-31 08:00:00,0.0006565813654652868
2023-07-31 16:00:00,0.0004054198615127677
2023-08-01 00:00:00,0.0006770680959367664
2023-08-01 08:00:00,0.0006641892775844393
2023-08-01 16:00:00,0.0009253942925896274
2023-08-02 00:00:00,0.0008276967248133708
2023-08-02 08:00:00,0.0005011928423401432
2023-08-02 16:00:00,0.0007733842106155409
2023-08-03 00:00:00,0.0008751062343458107
2023-08-03 08:00:00,0.0010482729385442333
2023-08-03 16:00:00,0.0009220341268161452
2023-08-04 00:00:00,0.0008985693308622955
2023-08-04 08:00:00,0.0007602838655896993
2023-08-04 16:00:00,0.0008277957344180232
2023-08-05 00:00:00,0.0010019009801412316
2023-08-05 08:00:00,0.00048731118717073674
2023-08-05 16:00:00,0.0006858454678899421
2023-08-06 00:00:00,0.0006030862502487518
2023-08-06 08:00:00,0.0008352972904118914
2023-08-06 16:00:00,0.0010073777684634908
2023-08-07 00:00:00,0.0006438051426557851
2023-08-07 08:00:00,0.00028700579317277904
2023-08-07 16:00:00,0.0006844891843284393
2023-08-08 00:00:00,0.0009514947464034813
2023-08-08 08:00:00,0.0008781926472566427
2023-08-08 16:00:00,0.0008581705828954486
2023-08-09 00:00:00,0.000718401339625104
2023-08-09 08:00:00,0.0005204605194227093
2023-08-09 16:00:00,0.0008811921976582267
2023-08-10 00:00:00,0.0006131436379930751
2023-08-10 08:00:00,0.001218686013342758
2023-08-10 16:00:00,0.0008978347750042366
2023-08-11 00:00:00,0.0006694703394892098
2023-08-11 08:00:00,0.0006651896171889411
2023-08-11 16:00:00,0.0007707444920106156
2023-08-12 00:00:00,0.00074329961559565
2023-08-12 08:00:00,0.0010164334217726573
2023-08-12 16:00:00,0.0008322165672821426
2023-08-13 00:00:00,0.0006504736522182943
2023-08-13 08:00:00,0.0011767548036978233
2023-08-13 16:00:00,0.0008103949996373778
2023-08-14 00:00:00,0.0009561679351937794
2023-08-14 08:00:00,0.0006826213651777148
2023-08-14 16:00:00,0.0008787564588822379
2023-08-15 00:00:00,0.000870221998228639
2023-08-15 08:00:00,0.00043193680824743605
2023-08-15 16:00:00,0.0012147883554254613
2023-08-16 00:00:00,0.0010717288921845095
2023-08-16 08:00:00,0.0007360276034374691
2023-08-16 16:00:00,0.0005968793852421622
2023-08-17 00:00:00,0.0008887123227607104
2023-08-17 08:00:00,0.0008384062065495459
2023-08-17 16:00:00,0.0008940671230459791
2023-08-18 00:00:00,0.0008631154792388179
2023-08-18 08:00:00,0.0009279148645278518
2023-08-18 16:00:00,0.0011179944732116946
2023-08-19 00:00:00,0.0009440206410257293
2023-08-19 08:00:00,0.0006223355668846784
2023-08-19 16:00:00,0.0011066459038758236
2023-08-20 00:00:00,0.0011641229126976575
2023-08-20 08:00:00,0.0014682780135690837
2023-08-20 16:00:00,0.0006150345266854137
2023-08-21 00:00:00,0.000890176402630055
2023-08-21 08:00:00,0.00042704692602886924
2023-08-21 16:00:00,0.0009559631646091752
2023-08-22 00:00:00,0.0007375599403666455
2023-08-22 08:00:00,0.0012337558256316572
2023-08-22 16:00:00,0.0006960103393296169
2023-08-23 00:00:00,0.0005149633924065476
2023-08-23 08:00:00,0.0007604139185261627
2023-08-23 16:00:00,0.00046143577908990576
2023-08-24 00:00:00,0.001008619890901462
2023-08-24 08:00:00,0.00044725005741540257
2023-08-24 16:00:00,0.0008678248495699651
2023-08-25 00:00:00,0.00044843763602876057
2023-08-25 08:00:00,0.0008018071057593382
2023-08-25 16:00:00,0.00119640896449424
2023-08-26 00:00:00,0.0009417295782871589
2023-08-26 08:00:00,0.0006987679456736799
2023-08-26 16:00:00,0.0008670926355455165
2023-08-27 00:00:00,0.0008788033744088894
2023-08-27 08:00:00,0.0009715927358353478
2023-08-27 16:00:00,0.000605561660677168
2023-08-28 00:00:00,0.0009993134547694662
2023-08-28 08:00:00,0.0003417883403461115
2023-08-28 16:00:00,0.0007585564228605712
2023-08-29 00:00:00,0.0007887452315096911
2023-08-29 08:00:00,0.0010149320318809142
2023-08-29 16:00:00,0.0008946595038687072
2023-08-30 00:00:00,0.0006108873892287426
2023-08-30 08:00:00,0.0006968680415032636
2023-08-30 16:00:00,0.0009354693352428147
2023-08-31 00:00:00,0.0008817865316270887
2023-08-31 08:00:00,0.0007836418447395172
2023-08-31 16:00:00,0.0008051665754309374
2023-09-01 00:00:00,0.0010424335994318578
2023-09-01 08:00:00,0.0008015281520928237
2023-09-01 16:00:00,0.0008893150845275187
2023-09-02 00:00:00,0.0013427873176161086
2023-09-02 08:00:00,0.000625930139289882
2023-09-02 16:00:00,0.0005421647870184015
2023-09-03 00:00:00,0.0010711179329597213
2023-09-03 08:00:00,0.000780538054407846
2023-09-03 16:00:00,0.0008544858277848092
2023-09-04 00:00:00,0.0007637687243737772
2023-09-04 08:00:00,0.0008699066385131642
2023-09-04 16:00:00,0.0012434409557526016
2023-09-05 00:00:00,0.0010860256917236237
2023-09-05 08:00:00,0.001099911369044062
2023-09-05 16:00:00,0.0006460879221748041
2023-09-06 00:00:00,0.0007009692526894261
2023-09-06 08:00:00,0.0003652509347695812
2023-09-06 16:00:00,0.0007730571691167826
2023-09-07 00:00:00,0.0011281406372771318
2023-09-07 08:00:00,0.0010420559698163408
2023-09-07 16:00:00,0.0008962306807429085
2023-09-08 00:00:00,0.0009379399432563893
2023-09-08 08:00:00,0.0008064895581515855
2023-09-08 16:00:00,0.0009870851098136902
2023-09-09 00:00:00,0.0011011756558961228
2023-09-09 08:00:00,0.0006266893091845722
2023-09-09 16:00:00,0.001011662870900803
2023-09-10 00:00:00,0.0011400869741909334
2023-09-10 08:00:00,0.0008724466088739927
2023-09-10 16:00:00,0.00109747345575745
2023-09-11 00:00:00,0.0015221308888945105
2023-09-11 08:00:00,0.0009401981080692883
2023-09-11 16:00:00,0.001041594743334398
2023-09-12 00:00:00,0.0008171885832677217
2023-09-12 08:00:00,0.0010029168991870768
2023-09-12 16:00:00,0.001060587658329794
2023-09-13 00:00:00,0.0010093684680540275
2023-09-13 08:00:00,0.0007683276027248952
2023-09-13 16:00:00,0.0010154056875984233
2023-09-14 00:00:00,0.0012684391877435274
2023-09-14 08:00:00,0.0010675938195695723
2023-09-14 16:00:00,0.0011721307711477014
2023-09-15 00:00:00,0.0009341976059974744
2023-09-15 08:00:00,0.0011334467145514087
2023-09-15 16:00:00,0.0010411869009766385
2023-09-16 00:00:00,0.0007970178540625536
2023-09-16 08:00:00,0.0010527708676264414
2023-09-16 16:00:00,0.0007925940006452714
2023-09-17 00:00:00,0.0008662239450230414
2023-09-17 08:00:00,0.0010325323281251415
2023-09-17 16:00:00,0.0010559821880093579
2023-09-18 00:00:00,0.0007605535069845742
2023-09-18 08:00:00,0.001211063820903242
2023-09-18 16:00:00,0.0011165345889934278
2023-09-19 00:00:00,0.0008630543128778231
2023-09-19 08:00:00,0.0006983497073768314
2023-09-19 16:00:00,0.000978752417517047
2023-09-20 00:00:00,0.0009204112572277678
2023-09-20 08:00:00,0.0010340947580772713
2023-09-20 16:00:00,0.00094071000110222
2023-09-21 00:00:00,0.0006137086278509979
2023-09-21 08:00:00,0.0009393972790064349
2023-09-21 16:00:00,0.0009578095111196707
2023-09-22 00:00:00,0.001147532204954812
2023-09-22 08:00:00,0.0008830267317444566
2023-09-22 16:00:00,0.0013602682680078466
2023-09-23 00:00:00,0.0006440718898696484
2023-09-23 08:00:00,0.0012905001662271915
2023-09-23 16:00:00,0.0009852695391577124
2023-09-24 00:00:00,0.0012039169744687112
2023-09-24 08:00:00,0.0010498269634784132
2023-09-24 16:00:00,0.001263644440538427
2023-09-25 00:00:00,0.0009601276070894378
2023-09-25 08:00:00,0.000819742581631104
2023-09-25 16:00:00,0.001325434190787546
2023-09-26 00:00:00,0.0010205038708235718
2023-09-26 08:00:00,0.0010893783613915087
2023-09-26 16:00:00,0.0012938837161422922
2023-09-27 00:00:00,0.000842408951581113
2023-09-27 08:00:00,0.0011697648461945183
2023-09-27 16:00:00,0.000934554382040755
2023-09-28 00:00:00,0.0010279661288711257
2023-09-28 08:00:00,0.0010707224597435241
2023-09-28 16:00:00,0.0007580889610439461
2023-09-29 00:00:00,0.000904232591435913
2023-09-29 08:00:00,0.0013320812451492945
2023-09-29 16:00:00,0.0012409715710502923
2023-09-30 00:00:00,0.001053072084534553
2023-09-30 08:00:00,0.0011160913583692453
2023-09-30 16:00:00,0.0010104848322060416
2023-10-01 00:00:00,0.0013425166771655964
2023-10-01 08:00:00,0.001032996151107834
2023-10-01 16:00:00,0.001121301751760303
2023-10-02 00:00:00,0.001306006028828413
2023-10-02 08:00:00,0.0009231923696974853
2023-10-02 16:00:00,0.0013922911702327122
2023-10-03 00:00:00,0.0007763077180513245
2023-10-03 08:00:00,0.0014101950928892264
2023-10-03 16:00:00,0.0010115982165429381
2023-10-04 00:00:00,0.0010394602504349437
2023-10-04 08:00:00,0.000711864632430078
2023-10-04 16:00:00,0.0010007743898577948
2023-10-05 00:00:00,0.0008856386937946231
2023-10-05 08:00:00,0.0009739373975919721
2023-10-05 16:00:00,0.0010698711401755574
2023-10-06 00:00:00,0.001290758322894581
2023-10-06 08:00:00,0.001142587336946792
2023-10-06 16:00:00,0.0011644686640135558
2023-10-07 00:00:00,0.0008856961222308875
2023-10-07 08:00:00,0.0009305158487461205
2023-10-07 16:00:00,0.0014682783370035955
2023-10-08 00:00:00,0.0009633597930473506
2023-10-08 08:00:00,0.0014435083170781257
2023-10-08 16:00:00,0.0010655210935571601
2023-10-09 00:00:00,0.0011164575872287005
2023-10-09 08:00:00,0.0013319396987126527
2023-10-09 16:00:00,0.0013741118177210646
2023-10-10 00:00:00,0.0010994374879441824
2023-10-10 08:00:00,0.0010458180559623589
2023-10-10 16:00:00,0.0011141492436288905
2023-10-11 00:00:00,0.0011947915056464238
2023-10-11 08:00:00,0.0013073274040406176
2023-10-11 16:00:00,0.0011317793051321638
2023-10-12 00:00:00,0.0012565772596046306
2023-10-12 08:00:00,0.001462338613120855
2023-10-12 16:00:00,0.0012127952557862902
2023-10-13 00:00:00,0.0012007305712009556
2023-10-13 08:00:00,0.0008364845016486529
2023-10-13 16:00:00,0.0006159873059675204
2023-10-14 00:00:00,0.0012216751458460338
2023-10-14 08:00:00,0.001126901820410492
2023-10-14 16:00:00,0.001044776798350385
2023-10-15 00:00:00,0.001198306040837269
2023-10-15 08:00:00,0.001139385920827285
2023-10-15 16:00:00,0.001378889383460113
2023-10-16 00:00:00,0.0011724221736517954
2023-10-16 08:00:00,0.0010076820096526333
2023-10-16 16:00:00,0.001356966581125191
2023-10-17 00:00:00,0.0011173737850107596
2023-10-17 08:00:00,0.001267974003401128
2023-10-17 16:00:00,0.0010690511920947731
2023-10-18 00:00:00,0.0010364346229005126
2023-10-18 08:00:00,0.001185100312703806
2023-10-18 16:00:00,0.0011726990620420702
2023-10-19 00:00:00,0.0012679654070733666
2023-10-19 08:00:00,0.0011201375160047181
2023-10-19 16:00:00,0.0008084613765792537
2023-10-20 00:00:00,0.0010910452232823222
2023-10-20 08:00:00,0.0013382303600954298
2023-10-20 16:00:00,0.001121858117484712
2023-10-21 00:00:00,0.0011339233194970902
2023-10-21 08:00:00,0.001382341967847854
2023-10-21 16:00:00,0.0010445386878815488
2023-10-22 00:00:00,0.0008802393563514198
2023-10-22 08:00:00,0.0011585404427615679
2023-10-22 16:00:00,0.0010956985430835857
2023-10-23 00:00:00,0.0010011507360493492
2023-10-23 08:00:00,0.0011611909754869285
2023-10-23 16:00:00,0.00129643446278269
2023-10-24 00:00:00,0.0011981422876864367
2023-10-24 08:00:00,0.0012605523326807075
2023-10-24 16:00:00,0.0015609937759900043
2023-10-25 00:00:00,0.0011288925821188668
2023-10-25 08:00:00,0.0012522941995027734
2023-10-25 16:00:00,0.0010939379181974726
2023-10-26 00:00:00,0.0010256647648833647
2023-10-26 08:00:00,0.0010771112963206654
2023-10-26 16:00:00,0.0010974972308433414
2023-10-27 00:00:00,0.0012643002228005643
2023-10-27 08:00:00,0.0016613763387747504
2023-10-27 16:00:00,0.001047508612322891
2023-10-28 00:00:00,0.0011065483565984265
2023-10-28 08:00:00,0.0011764049332427292
2023-10-28 16:00:00,0.001267345423750388
2023-10-29 00:00:00,0.0012400519345428557
2023-10-29 08:00:00,0.0014433170490849821
2023-10-29 16:00:00,0.0007003755943317768
2023-10-30 00:00:00,0.0007074241525431438
2023-10-30 08:00:00,0.0010847906103237084
2023-10-30 16:00:00,0.0014025824003779399
2023-10-31 00:00:00,0.000869148874691539
2023-10-31 08:00:00,0.0005799081312173666
2023-10-31 16:00:00,0.0012948265985434197
2023-11-01 00:00:00,0.0012284782801835806
2023-11-01 08:00:00,0.0009608612722266118
2023-11-01 16:00:00,0.0009809511515857716
2023-11-02 00:00:00,0.0009832664459464829
2023-11-02 08:00:00,0.0011984783715116654
2023-11-02 16:00:00,0.0010502643709237361
2023-11-03 00:00:00,0.0012734963280989012
2023-11-03 08:00:00,0.0006029143298663791
2023-11-03 16:00:00,0.0010016254075651573
2023-11-04 00:00:00,0.0009469411065519671
2023-11-04 08:00:00,0.0011200398812031386
2023-11-04 16:00:00,0.0010628545833230691
2023-11-05 00:00:00,0.0013291890091437102
2023-11-05 08:00:00,0.0007969090169760052
2023-11-05 16:00:00,0.0011770307847176272
2023-11-06 00:00:00,0.0012787558922372777
2023-11-06 08:00:00,0.0015375742130507874
2023-11-06 16:00:00,0.0010690476496631612
2023-11-07 00:00:00,0.0012294486828958197
2023-11-07 08:00:00,0.0008029405216563034
2023-11-07 16:00:00,0.0006844779574496315
2023-11-08 00:00:00,0.0013309801916120362
2023-11-08 08:00:00,0.0011600693758695418
2023-11-08 16:00:00,0.0013960400907023006
2023-11-09 00:00:00,0.0008848130930921259
2023-11-09 08:00:00,0.0012626302169352864
2023-11-09 16:00:00,0.0015315694752817662
2023-11-10 00:00:00,0.0012409031469879088
2023-11-10 08:00:00,0.0012114344445781253
2023-11-10 16:00:00,0.0011569854777682455
2023-11-11 00:00:00,0.0008402540883216531
2023-11-11 08:00:00,0.0014247010850323648
2023-11-11 16:00:00,0.0010305710880727421
2023-11-12 00:00:00,0.0012527953854538185
2023-11-12 08:00:00,0.0008384479910064244
2023-11-12 16:00:00,0.0009143190375625787
2023-11-13 00:00:00,0.001436384568452042
2023-11-13 08:00:00,0.001079062748959486
2023-11-13 16:00:00,0.0014383344201030236
2023-11-14 00:00:00,0.0011311893112262712
2023-11-14 08:00:00,0.000777612006589863
2023-11-14 16:00:00,0.0013235611992712386
2023-11-15 00:00:00,0.0010263253339172326
2023-11-15 08:00:00,0.001283197678315223
2023-11-15 16:00:00,0.0011476582072632905
2023-11-16 00:00:00,0.0008331485063101601
2023-11-16 08:00:00,0.0011737872231163077
2023-11-16 16:00:00,0.0015793290166162138
2023-11-17 00:00:00,0.0012378377980320056
2023-11-17 08:00:00,0.001126893073871481
2023-11-17 16:00:00,0.0013526214230074134
2023-11-18 00:00:00,0.0011788425538001158
2023-11-18 08:00:00,0.0011777718249555125
2023-11-18 16:00:00,0.0009166960626145928
2023-11-19 00:00:00,0.0011809468203477932
2023-11-19 08:00:00,0.0013404220166167223
2023-11-19 16:00:00,0.0009652770210567883
2023-11-20 00:00:00,0.0014165447338696426
2023-11-20 08:00:00,0.001112460482934688
2023-11-20 16:00:00,0.0009524039035994649
2023-11-21 00:00:00,0.0013286403394346818
2023-11-21 08:00:00,0.001070911195046439
2023-11-21 16:00:00,0.0012793291378347742
2023-11-22 00:00:00,0.0010682305520293052
2023-11-22 08:00:00,0.0011137731679184918
2023-11-22 16:00:00,0.0012236065556347907
2023-11-23 00:00:00,0.0011822300444293934
2023-11-23 08:00:00,0.0007241003949645046
2023-11-23 16:00:00,0.0008981141211794337
2023-11-24 00:00:00,0.0013074009842999352
2023-11-24 08:00:00,0.0010942477877049226
2023-11-24 16:00:00,0.0010150849630744076
2023-11-25 00:00:00,0.0008472725387206571
2023-11-25 08:00:00,0.000902196195660442
2023-11-25 16:00:00,0.0007129398500666823
2023-11-26 00:00:00,0.001096199552462225
2023-11-26 08:00:00,0.000995924298229782
2023-11-26 16:00:00,0.0009214503542923883
2023-11-27 00:00:00,0.0011002993655993207
2023-11-27 08:00:00,0.0011858742949469188
2023-11-27 16:00:00,0.00153087587336182
2023-11-28 00:00:00,0.0008090157211506485
2023-11-28 08:00:00,0.0013424247318668554
2023-11-28 16:00:00,0.0013043249535532255
2023-11-29 00:00:00,0.0009530422116183307
2023-11-29 08:00:00,0.001148664068554337
2023-11-29 16:00:00,0.0010156463459130675
2023-11-30 00:00:00,0.0011434668300077985
2023-11-30 08:00:00,0.0014073114347484205
2023-11-30 16:00:00,0.001225762596737233
2023-12-01 00:00:00,0.001205519143001119
2023-12-01 08:00:00,0.0010168917225069618
2023-12-01 16:00:00,0.0008052983716564832
2023-12-02 00:00:00,0.0010595721806767285
2023-12-02 08:00:00,0.001341743571901053
2023-12-02 16:00:00,0.0007941444877538003
2023-12-03 00:00:00,0.0008877163035798509
2023-12-03 08:00:00,0.0011231438426054633
2023-12-03 16:00:00,0.0009001154565326572
2023-12-04 00:00:00,0.0009376978422225269
2023-12-04 08:00:00,0.001010638933443394
2023-12-04 16:00:00,0.0008213912870944596
2023-12-05 00:00:00,0.0008988465168326756
2023-12-05 08:00:00,0.001233512587576871
2023-12-05 16:00:00,0.0008305091659166763
2023-12-06 00:00:00,0.0007715648136073616
2023-12-06 08:00:00,0.00096429036274301
2023-12-06 16:00:00,0.0012358425772952182
2023-12-07 00:00:00,0.0010492232333373307
2023-12-07 08:00:00,0.000994847497457045
2023-12-07 16:00:00,0.0010957915907267499
2023-12-08 00:00:00,0.0007369344627951582
2023-12-08 08:00:00,0.0011841731982655552
2023-12-08 16:00:00,0.0011610751919347371
2023-12-09 00:00:00,0.0010016826089783242
2023-12-09 08:00:00,0.0012838853243002115
2023-12-09 16:00:00,0.0008563573202937805
2023-12-10 00:00:00,0.0013065944568785618
2023-12-10 08:00:00,0.0011110675094903582
2023-12-10 16:00:00,0.001012014376539133
2023-12-11 00:00:00,0.0010745062855845656
2023-12-11 08:00:00,0.0010561841776394994
2023-12-11 16:00:00,0.0013208498282286912
2023-12-12 00:00:00,0.0008606135415944049
2023-12-12 08:00:00,0.0009226016374027478
2023-12-12 16:00:00,0.0012815221817900234
2023-12-13 00:00:00,0.0009543107344822154
2023-12-13 08:00:00,0.0012526804551287656
2023-12-13 16:00:00,0.001411617154407649
2023-12-14 00:00:00,0.0009905270705610402
2023-12-14 08:00:00,0.001206314659407888
2023-12-14 16:00:00,0.0008384598559683152
2023-12-15 00:00:00,0.0012193010899933085
2023-12-15 08:00:00,0.0011073953457205602
2023-12-15 16:00:00,0.0011612743230987098
2023-12-16 00:00:00,0.0009367083704030475
2023-12-16 08:00:00,0.000732762219840152
2023-12-16 16:00:00,0.0011647854340469473
2023-12-17 00:00:00,0.0006506105087446155
2023-12-17 08:00:00,0.0009989771589354593
2023-12-17 16:00:00,0.0012498397488114202
2023-12-18 00:00:00,0.001099139040845493
2023-12-18 08:00:00,0.0014495841407723086
2023-12-18 16:00:00,0.0012640935604741608
2023-12-19 00:00:00,0.0009274481704361504
2023-12-19 08:00:00,0.0010628466422150135
2023-12-19 16:00:00,0.0010470659438792983
2023-12-20 00:00:00,0.0007392608498624201
2023-12-20 08:00:00,0.0008667725373782347
2023-12-20 16:00:00,0.0009418562574225934
2023-12-21 00:00:00,0.0006459204563908378
2023-12-21 08:00:00,0.0010618193687558137
2023-12-21 16:00:00,0.0010016624243183371
2023-12-22 00:00:00,0.0007160541311300901
2023-12-22 08:00:00,0.0011306316025913314
2023-12-22 16:00:00,0.0011921196966175169
2023-12-23 00:00:00,0.0010935081615957626
2023-12-23 08:00:00,0.0009824437489244506
2023-12-23 16:00:00,0.0011647019324600757
2023-12-24 00:00:00,0.0011816136923485027
2023-12-24 08:00:00,0.0011062064523405621
2023-12-24 16:00:00,0.0008789594064531323
2023-12-25 00:00:00,0.0010983581277857805
2023-12-25 08:00:00,0.0012812902229920999
2023-12-25 16:00:00,0.0009220243992481181
2023-12-26 00:00:00,0.0014600941969404105
2023-12-26 08:00:00,0.000934536260460307
2023-12-26 16:00:00,0.0010452999680688711
2023-12-27 00:00:00,0.0009034775643430365
2023-12-27 08:00:00,0.0010817849688718158
2023-12-27 16:00:00,0.0006878425813041686
2023-12-28 00:00:00,0.0009262346782113393
2023-12-28 08:00:00,0.0008161749160484298
2023-12-28 16:00:00,0.0010608229438400616
2023-12-29 00:00:00,0.001231800867506845
2023-12-29 08:00:00,0.0011612687479714335
2023-12-29 16:00:00,0.0005568917565202047
2023-12-30 00:00:00,0.001438793677421019
2023-12-30 08:00:00,0.0010885918531030768
2023-12-30 16:00:00,0.0008733921550237627
2023-12-31 00:00:00,0.001059273685064011
2023-12-31 08:00:00,0.001062242183909821
2023-12-31 16:00:00,0.0008927905941624298
2024-01-01 00:00:00,0.0010648997891646178
2024-01-01 08:00:00,0.000902978116315601
2024-01-01 16:00:00,0.0009427562934451179
2024-01-02 00:00:00,0.0008855289829755653
2024-01-02 08:00:00,0.0007354066703221117
2024-01-02 16:00:00,0.001050264340456579
2024-01-03 00:00:00,0.0011373130518602297
2024-01-03 08:00:00,0.0011223860019156963
2024-01-03 16:00:00,0.0011825504513709288
2024-01-04 00:00:00,0.0010825895609903155
2024-01-04 08:00:00,0.000910332537487421
2024-01-04 16:00:00,0.0011839665281604993
2024-01-05 00:00:00,0.0007436863654493346
2024-01-05 08:00:00,0.0008342117150586855
2024-01-05 16:00:00,0.0008206620954199923
2024-01-06 00:00:00,0.0012286694396759633
2024-01-06 08:00:00,0.0012003720488195763
2024-01-06 16:00:00,0.00110843151154402
2024-01-07 00:00:00,0.0012245125553208404
2024-01-07 08:00:00,0.0008334261439395433
2024-01-07 16:00:00,0.001078157842537597
2024-01-08 00:00:00,0.0009825600510322279
2024-01-08 08:00:00,0.0011761274756293036
2024-01-08 16:00:00,0.000982862326485341
2024-01-09 00:00:00,0.0009280747134572244
2024-01-09 08:00:00,0.0011124011129948984
2024-01-09 16:00:00,0.0011786093608644069
2024-01-10 00:00:00,0.0008688626066002598
2024-01-10 08:00:00,0.000989472629442605
2024-01-10 16:00:00,0.0007891557551282095
2024-01-11 00:00:00,0.0005003877965014122
2024-01-11 08:00:00,0.001046441132631952
2024-01-11 16:00:00,0.0011344794839493392
2024-01-12 00:00:00,0.0010714609808649641
2024-01-12 08:00:00,0.0006354844818459519
2024-01-12 16:00:00,0.000961576145730737
2024-01-13 00:00:00,0.0005944256860850219
2024-01-13 08:00:00,0.0013183846659752814
2024-01-13 16:00:00,0.0008335827343700337
2024-01-14 00:00:00,0.0013082235790348364
2024-01-14 08:00:00,0.0012526659922288926
2024-01-14 16:00:00,0.0008897231993340576
2024-01-15 00:00:00,0.0008496334859369272
2024-01-15 08:00:00,0.0011526137258169502
2024-01-15 16:00:00,0.0009200240814522748
2024-01-16 00:00:00,0.0011157350236697368
2024-01-16 08:00:00,0.001005021783425918
2024-01-16 16:00:00,0.0007517048250433812
2024-01-17 00:00:00,0.0006681921104608225
2024-01-17 08:00:00,0.0011659717703338401
2024-01-17 16:00:00,0.0010146725777180018
2024-01-18 00:00:00,0.0010227153699505069
2024-01-18 08:00:00,0.0012788553075012967
2024-01-18 16:00:00,0.001380720201358235
2024-01-19 00:00:00,0.0010978720081085906
2024-01-19 08:00:00,0.0010906104173481865
2024-01-19 16:00:00,0.0012651079717021418
2024-01-20 00:00:00,0.0009000414574886564
2024-01-20 08:00:00,0.0012224083887273172
2024-01-20 16:00:00,0.001294504178491415
2024-01-21 00:00:00,0.0013265222321597165
2024-01-21 08:00:00,0.0008094748563249039
2024-01-21 16:00:00,0.001050903549212815
2024-01-22 00:00:00,0.0010338711589591163
2024-01-22 08:00:00,0.0012358504067548585
2024-01-22 16:00:00,0.001318371138175819
2024-01-23 00:00:00,0.001527913510060625
2024-01-23 08:00:00,0.0011359275388470203
2024-01-23 16:00:00,0.0011417553416079986
2024-01-24 00:00:00,0.0014775534513947971
2024-01-24 08:00:00,0.001313283641674315
2024-01-24 16:00:00,0.0015138477625550551
2024-01-25 00:00:00,0.0013244122672686342
2024-01-25 08:00:00,0.001041592549273219
2024-01-25 16:00:00,0.001012739408409518
2024-01-26 00:00:00,0.0009754118359025
2024-01-26 08:00:00,0.0014244738590151868
2024-01-26 16:00:00,0.0015361320630301
2024-01-27 00:00:00,0.0016746343330391812
2024-01-27 08:00:00,0.0014797321775757593
2024-01-27 16:00:00,0.0015500280329673146
2024-01-28 00:00:00,0.001207806257278787
2024-01-28 08:00:00,0.0010988755668099588
2024-01-28 16:00:00,0.0015065238029914473
2024-01-29 00:00:00,0.0014263932933050233
2024-01-29 08:00:00,0.001370695224074528
2024-01-29 16:00:00,0.0014330298516821536
2024-01-30 00:00:00,0.0014265418583964034
2024-01-30 08:00:00,0.0016250173402246808
2024-01-30 16:00:00,0.0016336002915665658
2024-01-31 00:00:00,0.0014897964514204505
2024-01-31 08:00:00,0.0015564621618141732
2024-01-31 16:00:00,0.0014964633041357489
2024-02-01 00:00:00,0.0013077660535930765
2024-02-01 08:00:00,0.0015576621413318345
2024-02-01 16:00:00,0.0011337993989265604
2024-02-02 00:00:00,0.0016298259295067959
2024-02-02 08:00:00,0.0011864922374436185
2024-02-02 16:00:00,0.0014889066891049785
2024-02-03 00:00:00,0.0012690644464100063
2024-02-03 08:00:00,0.00155512224105933
2024-02-03 16:00:00,0.001444008605608069
2024-02-04 00:00:00,0.0011381916655101906
2024-02-04 08:00:00,0.0015476319896957594
2024-02-04 16:00:00,0.0013542571144747279
2024-02-05 00:00:00,0.00165241982035315
2024-02-05 08:00:00,0.0014828048202865643
2024-02-05 16:00:00,0.0015679730859664966
2024-02-06 00:00:00,0.001303724304235053
2024-02-06 08:00:00,0.001383720855301829
2024-02-06 16:00:00,0.001416208780716291
2024-02-07 00:00:00,0.0016856262103342257
2024-02-07 08:00:00,0.0018561103381960185
2024-02-07 16:00:00,0.0013659497766355519
2024-02-08 00:00:00,0.0017487029622648693
2024-02-08 08:00:00,0.0011057470561373992
2024-02-08 16:00:00,0.0013071938658132884
2024-02-09 00:00:00,0.0013606252611435975
2024-02-09 08:00:00,0.0012882284208420142
2024-02-09 16:00:00,0.0012483616871218491
2024-02-10 00:00:00,0.001654028353856131
2024-02-10 08:00:00,0.0015349642382322054
2024-02-10 16:00:00,0.0016600080636480063
2024-02-11 00:00:00,0.0017285707277004932
2024-02-11 08:00:00,0.0016499487954599035
2024-02-11 16:00:00,0.001734727238404678
2024-02-12 00:00:00,0.0015956173522753557
2024-02-12 08:00:00,0.001378474338211867
2024-02-12 16:00:00,0.0018337850583863816
2024-02-13 00:00:00,0.0015107490020152034
2024-02-13 08:00:00,0.0014478013751681497
2024-02-13 16:00:00,0.0016056862661089617
2024-02-14 00:00:00,0.001465056863759745
2024-02-14 08:00:00,0.0015704821775703675
2024-02-14 16:00:00,0.0017291282446301537
2024-02-15 00:00:00,0.001736335014515892
2024-02-15 08:00:00,0.001493449859730747
2024-02-15 16:00:00,0.0015818240047753306
2024-02-16 00:00:00,0.0019005808866683345
2024-02-16 08:00:00,0.0017913435156102803
2024-02-16 16:00:00,0.002113425706282407
2024-02-17 00:00:00,0.0019407875395102104
2024-02-17 08:00:00,0.001939969724823099
2024-02-17 16:00:00,0.0014398866073691572
2024-02-18 00:00:00,0.0018765815941362085
2024-02-18 08:00:00,0.001719537369819348
2024-02-18 16:00:00,0.0016263115758002869
2024-02-19 00:00:00,0.0017764602109636488
2024-02-19 08:00:00,0.001938248656128646
2024-02-19 16:00:00,0.001855721873756398
2024-02-20 00:00:00,0.0015862100016363501
2024-02-20 08:00:00,0.0019167457509724924
2024-02-20 16:00:00,0.0016470856661879821
2024-02-21 00:00:00,0.0018242890047452383
2024-02-21 08:00:00,0.0017266315738061605
2024-02-21 16:00:00,0.0017498775433036687
2024-02-22 00:00:00,0.001953248595008102
2024-02-22 08:00:00,0.001598310462386027
2024-02-22 16:00:00,0.0022017374275537997
2024-02-23 00:00:00,0.0014548304051887199
2024-02-23 08:00:00,0.001705863288745854
2024-02-23 16:00:00,0.0019057884097343802
2024-02-24 00:00:00,0.0019549580713823004
2024-02-24 08:00:00,0.0018243493003301035
2024-02-24 16:00:00,0.0018393155101933427
2024-02-25 00:00:00,0.0019392528742083806
2024-02-25 08:00:00,0.0018172781680005276
2024-02-25 16:00:00,0.0021484775214282515
2024-02-26 00:00:00,0.0020440602990367965
2024-02-26 08:00:00,0.0020571045527408094
2024-02-26 16:00:00,0.0016956575442148058
2024-02-27 00:00:00,0.0018793604103569546
2024-02-27 08:00:00,0.001841494111843161
2024-02-27 16:00:00,0.0017068162327986151
2024-02-28 00:00:00,0.0019863185510748675
2024-02-28 08:00:00,0.0018131057690789574
2024-02-28 16:00:00,0.0020580648929541747
2024-02-29 00:00:00,0.001719295020754467
2024-02-29 08:00:00,0.0022834906622509043
2024-02-29 16:00:00,0.001766765214313334
2024-03-01 00:00:00,0.0019962414198210396
2024-03-01 08:00:00,0.0021171020208077722
2024-03-01 16:00:00,0.0018509512790393428
2024-03-02 00:00:00,0.0021419223001151616
2024-03-02 08:00:00,0.0017319410582176946
2024-03-02 16:00:00,0.002274550523963496
2024-03-03 00:00:00,0.0019933060434693425
2024-03-03 08:00:00,0.001877543115231621
2024-03-03 16:00:00,0.0019433382486891161
2024-03-04 00:00:00,0.002171307663402354
2024-03-04 08:00:00,0.0018989819575029284
2024-03-04 16:00:00,0.0018723506843376667
2024-03-05 00:00:00,0.0019842641090546814
2024-03-05 08:00:00,0.0017995282123666415
2024-03-05 16:00:00,0.0024053786228582044
2024-03-06 00:00:00,0.001934340129376103
2024-03-06 08:00:00,0.002220291611204335
2024-03-06 16:00:00,0.002102211477047015
2024-03-07 00:00:00,0.0018697598565702732
2024-03-07 08:00:00,0.0020718249311733276
2024-03-07 16:00:00,0.002236165635227229
2024-03-08 00:00:00,0.0020480620186970246
2024-03-08 08:00:00,0.002330686081233698
2024-03-08 16:00:00,0.002302715776969071
2024-03-09 00:00:00,0.0022885448756935706
2024-03-09 08:00:00,0.002019179756656512
2024-03-09 16:00:00,0.00190149182790402
2024-03-10 00:00:00,0.002001092002736965
2024-03-10 08:00:00,0.0021694069182920744
2024-03-10 16:00:00,0.0022456652792144077
2024-03-11 00:00:00,0.0017085428619050534
2024-03-11 08:00:00,0.0021475837088839995
2024-03-11 16:00:00,0.0021871734006201926
2024-03-12 00:00:00,0.0021063959106416516
2024-03-12 08:00:00,0.0024265087360571445
2024-03-12 16:00:00,0.002258959189453349
2024-03-13 00:00:00,0.0024429907625685603
2024-03-13 08:00:00,0.002144109483231541
2024-03-13 16:00:00,0.0023811462921521785
2024-03-14 00:00:00,0.002527013278905504
2024-03-14 08:00:00,0.0024290053565211994
2024-03-14 16:00:00,0.0019149050146475867
2024-03-15 00:00:00,0.002049264784491524
2024-03-15 08:00:00,0.0019976337255767076
2024-03-15 16:00:00,0.002131184240348599
2024-03-16 00:00:00,0.002137270711002907
2024-03-16 08:00:00,0.0017988881318615198
2024-03-16 16:00:00,0.001946901036116721
2024-03-17 00:00:00,0.0014960145335687729
2024-03-17 08:00:00,0.002155055667827045
2024-03-17 16:00:00,0.001730858485197995
2024-03-18 00:00:00,0.0018111727879688995
2024-03-18 08:00:00,0.0017047367238690546
2024-03-18 16:00:00,0.0019625388483360167
2024-03-19 00:00:00,0.0011324987117205243
2024-03-19 08:00:00,0.001663344598201485
2024-03-19 16:00:00,0.001612169581833794
2024-03-20 00:00:00,0.0015092727224816636
2024-03-20 08:00:00,0.0019119119757937933
2024-03-20 16:00:00,0.0013558674415621791
2024-03-21 00:00:00,0.0016543592354471323
2024-03-21 08:00:00,0.0015379172244078835
2024-03-21 16:00:00,0.0016856371838404366
2024-03-22 00:00:00,0.0012665621830444992
2024-03-22 08:00:00,0.0012200728868419148
2024-03-22 16:00:00,0.0015525473148288132
2024-03-23 00:00:00,0.001385064261666022
2024-03-23 08:00:00,0.000957679197331315
2024-03-23 16:00:00,0.0011254723304406794
2024-03-24 00:00:00,0.0012772765307696122
2024-03-24 08:00:00,0.0013342195109759846
2024-03-24 16:00:00,0.0009974872026947423
2024-03-25 00:00:00,0.0005171488020366119
2024-03-25 08:00:00,0.0011713113038140733
2024-03-25 16:00:00,0.0007892691953445382
2024-03-26 00:00:00,0.0005965322403755178
2024-03-26 08:00:00,0.00040020148166983844
2024-03-26 16:00:00,0.0010961295053728815
2024-03-27 00:00:00,0.0009257234900809933
2024-03-27 08:00:00,0.0008215353905242163
2024-03-27 16:00:00,0.001111138205925886
2024-03-28 00:00:00,0.0009274649366046146
2024-03-28 08:00:00,0.00108992667521105
2024-03-28 16:00:00,0.00045478623889993417
2024-03-29 00:00:00,0.0006930898752092074
2024-03-29 08:00:00,0.0003433239916770639
2024-03-29 16:00:00,0.0005874568669622399
2024-03-30 00:00:00,0.0005502768292466645
2024-03-30 08:00:00,0.0006919893941192809
2024-03-30 16:00:00,0.000542446109561713
2024-03-31 00:00:00,0.0006246814276559831
2024-03-31 08:00:00,0.0006073546932944456
2024-03-31 16:00:00,0.0008643190688099617
2024-04-01 00:00:00,0.00033694066894277507
2024-04-01 08:00:00,0.0001784621265333908
2024-04-01 16:00:00,0.00038255005639661524
2024-04-02 00:00:00,0.00013954399457209143
2024-04-02 08:00:00,0.000563058820353974
2024-04-02 16:00:00,0.0001766897255442867
2024-04-03 00:00:00,8.688472642520202e-05
2024-04-03 08:00:00,7.240352243644293e-05
2024-04-03 16:00:00,0.0002770168180276616
2024-04-04 00:00:00,6.845060335370278e-05
2024-04-04 08:00:00,-6.166669735940979e-05
2024-04-04 16:00:00,0.0003664037168580398
2024-04-05 00:00:00,-0.00017123396813235002
2024-04-05 08:00:00,-2.6220118526734424e-05
2024-04-05 16:00:00,6.379456365537939e-05
2024-04-06 00:00:00,-0.0004262670220834145
2024-04-06 08:00:00,-3.7281233052148405e-05
2024-04-06 16:00:00,-0.0003776882017627564
2024-04-07 00:00:00,-3.5443443833199596e-05
2024-04-07 08:00:00,-0.0004258635357171285
2024-04-07 16:00:00,-0.00012811286029689467
2024-04-08 00:00:00,-7.883338674105739e-05
2024-04-08 08:00:00,-0.00016104602820677248
2024-04-08 16:00:00,-0.0003164033370190461
2024-04-09 00:00:00,-0.0004462601885859401
2024-04-09 08:00:00,-0.0005486172486003021
2024-04-09 16:00:00,-0.0001724597285032461
2024-04-10 00:00:00,-0.0006398990440335286
2024-04-10 08:00:00,-0.0007407465480473324
2024-04-10 16:00:00,-0.00043359287966010073
2024-04-11 00:00:00,-0.0007592273606372989
2024-04-11 08:00:00,-0.0008233460328265588
2024-04-11 16:00:00,-0.0009553875191006195
2024-04-12 00:00:00,-0.0007965819678921037
2024-04-12 08:00:00,-0.0007498763381126319
2024-04-12 16:00:00,-0.0007180483211345271
2024-04-13 00:00:00,-0.0006097387511401033
2024-04-13 08:00:00,-0.0006962268409696525
2024-04-13 16:00:00,-0.0008413872953162585
2024-04-14 00:00:00,-0.0008444584123843777
2024-04-14 08:00:00,-0.0007043942090282083
2024-04-14 16:00:00,-0.0005535180959283423
2024-04-15 00:00:00,-0.0007843757143202275
2024-04-15 08:00:00,-0.0009050711507617605
2024-04-15 16:00:00,-0.001011424605839599
2024-04-16 00:00:00,-0.0011034988842077464
2024-04-16 08:00:00,-0.0006828103226194078
2024-04-16 16:00:00,-0.0007020749780030122
2024-04-17 00:00:00,-0.0007038044034124026
2024-04-17 08:00:00,-0.0008466154234069574
2024-04-17 16:00:00,-0.0005411030106610073
2024-04-18 00:00:00,-0.0009209200844591323
2024-04-18 08:00:00,-0.0006346489638035388
2024-04-18 16:00:00,-0.0008350578159456997
2024-04-19 00:00:00,-0.00095058581558647
2024-04-19 08:00:00,-0.0007120160268898614
2024-04-19 16:00:00,-0.0007502012903194262
2024-04-20 00:00:00,-0.0007623403879056509
2024-04-20 08:00:00,-0.0008190856810506076
2024-04-20 16:00:00,-0.0008445264075080248
2024-04-21 00:00:00,-0.00036087981829338215
2024-04-21 08:00:00,-0.0006033093135310465
2024-04-21 16:00:00,-0.00069720168927599
2024-04-22 00:00:00,-0.0008210136623352259
2024-04-22 08:00:00,-0.000643548479559381
2024-04-22 16:00:00,-0.0007429873901032357
2024-04-23 00:00:00,-0.0008429518205295302
2024-04-23 08:00:00,-0.0009105120618403316
2024-04-23 16:00:00,-0.0008675890900224975
2024-04-24 00:00:00,-0.0014870971953683822
2024-04-24 08:00:00,-0.000812498306036054
2024-04-24 16:00:00,-0.0009539201156204655
2024-04-25 00:00:00,-0.000539297325644628
2024-04-25 08:00:00,-0.0008555689368416651
2024-04-25 16:00:00,-0.0010988368606138197
2024-04-26 00:00:00,-0.0008726266332352621
2024-04-26 08:00:00,-0.0010734812451249508
2024-04-26 16:00:00,-0.0007711819706727679
2024-04-27 00:00:00,-0.0008092804066501752
2024-04-27 08:00:00,-0.0006775083789992301
2024-04-27 16:00:00,-0.001028859089262608
2024-04-28 00:00:00,-0.0008654875373808767
2024-04-28 08:00:00,-0.0011468999414146444
2024-04-28 16:00:00,-0.0007352030516471857
2024-04-29 00:00:00,-0.0007733341976469154
2024-04-29 08:00:00,-0.0007795538552322369
2024-04-29 16:00:00,-0.0008799974788691741
2024-04-30 00:00:00,-0.0007989731326856153
2024-04-30 08:00:00,-0.0005626663148844656
2024-04-30 16:00:00,-0.0009421594136573988
2024-05-01 00:00:00,-0.0008590179512097904
2024-05-01 08:00:00,-0.0011055786734909005
2024-05-01 16:00:00,-0.0010636120316770963
2024-05-02 00:00:00,-0.0008720036064415796
2024-05-02 08:00:00,-0.0006723859814226708
2024-05-02 16:00:00,-0.0009460352813161779
2024-05-03 00:00:00,-0.0009435688480310995
2024-05-03 08:00:00,-0.000979369016772361
2024-05-03 16:00:00,-0.0010065497277431618
2024-05-04 00:00:00,-0.0008422105281353442
2024-05-04 08:00:00,-0.0012022627740156486
2024-05-04 16:00:00,-0.0006482297553493854
2024-05-05 00:00:00,-0.0010391085560114343
2024-05-05 08:00:00,-0.0007632498250007252
2024-05-05 16:00:00,-0.0011632366672699398
2024-05-06 00:00:00,-0.0007770753473847323
2024-05-06 08:00:00,-0.0007780608776338877
2024-05-06 16:00:00,-0.0008372158104984191
2024-05-07 00:00:00,-0.001114548354962368
2024-05-07 08:00:00,-0.0008673594383856054
2024-05-07 16:00:00,-0.00115548673895491
2024-05-08 00:00:00,-0.0009710345787300804
2024-05-08 08:00:00,-0.0007162057332225894
2024-05-08 16:00:00,-0.0007643543937023175
2024-05-09 00:00:00,-0.0009222646163111905
2024-05-09 08:00:00,-0.0011218689457066567
2024-05-09 16:00:00,-0.0007993965137900609
2024-05-10 00:00:00,-0.0009262442343881058
2024-05-10 08:00:00,-0.0013957900272766068
2024-05-10 16:00:00,-0.0007768073680700297
2024-05-11 00:00:00,-0.000939786325810083
2024-05-11 08:00:00,-0.0006960559351423414
2024-05-11 16:00:00,-0.001157206714210328
2024-05-12 00:00:00,-0.0015750997987837784
2024-05-12 08:00:00,-0.0008855486901783525
2024-05-12 16:00:00,-0.0008846591522138062
2024-05-13 00:00:00,-0.0012827126387743024
2024-05-13 08:00:00,-0.0011418846481291447
2024-05-13 16:00:00,-0.00039674761591465416
2024-05-14 00:00:00,-0.0010105197131922063
2024-05-14 08:00:00,-0.0008048122207890138
2024-05-14 16:00:00,-0.001082742407240745
2024-05-15 00:00:00,-0.0013722774472405108
2024-05-15 08:00:00,-0.0009898749425318717
2024-05-15 16:00:00,-0.001010550630932723
2024-05-16 00:00:00,-0.0010390117923119876
2024-05-16 08:00:00,-0.000983570737382403
2024-05-16 16:00:00,-0.0009093953416548084
2024-05-17 00:00:00,-0.0009938788119375082
2024-05-17 08:00:00,-0.001218263080979031
2024-05-17 16:00:00,-0.0008698313147799816
2024-05-18 00:00:00,-0.0013585490498596654
2024-05-18 08:00:00,-0.001380352615954832
2024-05-18 16:00:00,-0.0008240514512604896
2024-05-19 00:00:00,-0.000872089921476543
2024-05-19 08:00:00,-0.000986579474621233
2024-05-19 16:00:00,-0.0012557965282602513
2024-05-20 00:00:00,-0.0011198954411468633
2024-05-20 08:00:00,-0.0010324690282521602
2024-05-20 16:00:00,-0.0013007048981324933
2024-05-21 00:00:00,-0.0011309382617251285
2024-05-21 08:00:00,-0.0008542728881879571
2024-05-21 16:00:00,-0.000700884308668261
2024-05-22 00:00:00,-0.0010718387577606258
2024-05-22 08:00:00,-0.0008382605620685071
2024-05-22 16:00:00,-0.0013739766727520314
2024-05-23 00:00:00,-0.000860880836114627
2024-05-23 08:00:00,-0.0011551671929856569
2024-05-23 16:00:00,-0.0009345148124013778
2024-05-24 00:00:00,-0.0010471408450937248
2024-05-24 08:00:00,-0.0007351139851918274
2024-05-24 16:00:00,-0.0011756903425193892
2024-05-25 00:00:00,-0.0008768883790418506
2024-05-25 08:00:00,-0.0010599175569163347
2024-05-25 16:00:00,-0.001037283585561772
2024-05-26 00:00:00,-0.0010439996942944924
2024-05-26 08:00:00,-0.0011779699622642844
2024-05-26 16:00:00,-0.0010132615602496072
2024-05-27 00:00:00,-0.0010245778371954486
2024-05-27 08:00:00,-0.0009654065687925497
2024-05-27 16:00:00,-0.0009983600150381342
2024-05-28 00:00:00,-0.0008572685599570707
2024-05-28 08:00:00,-0.0008337721723728554
2024-05-28 16:00:00,-0.0012302049856507007
2024-05-29 00:00:00,-0.0008479322468697974
2024-05-29 08:00:00,-0.001260560458112734
2024-05-29 16:00:00,-0.0009073284207660272
2024-05-30 00:00:00,-0.0009025582671558117
2024-05-30 08:00:00,-0.0014103758281316975
2024-05-30 16:00:00,-0.001011123026196126
2024-05-31 00:00:00,-0.0011250245238768823
2024-05-31 08:00:00,-0.0011846847784947054
2024-05-31 16:00:00,-0.0007643676864706405
2024-06-01 00:00:00,-0.0011668804064407367
2024-06-01 08:00:00,-0.0011990263898396742
2024-06-01 16:00:00,-0.0010242184417178567
2024-06-02 00:00:00,-0.0009038459061620033
2024-06-02 08:00:00,-0.0010708999983265232
2024-06-02 16:00:00,-0.0008109025976934588
2024-06-03 00:00:00,-0.0009395880001373023
2024-06-03 08:00:00,-0.0014830318221792178
2024-06-03 16:00:00,-0.0011548893766371445
2024-06-04 00:00:00,-0.001162970829508894
2024-06-04 08:00:00,-0.0009563366446554808
2024-06-04 16:00:00,-0.0015787786723189992
2024-06-05 00:00:00,-0.0005456197450034434
2024-06-05 08:00:00,-0.0009508228934709572
2024-06-05 16:00:00,-0.0010288591773690721
2024-06-06 00:00:00,-0.0008239274205715924
2024-06-06 08:00:00,-0.0005931165789957078
2024-06-06 16:00:00,-0.0008893044863433636
2024-06-07 00:00:00,-0.0008752976216695312
2024-06-07 08:00:00,-0.0010405286617737903
2024-06-07 16:00:00,-0.0010965782430428675
2024-06-08 00:00:00,-0.0011650386068732695
2024-06-08 08:00:00,-0.0012367083421180086
2024-06-08 16:00:00,-0.001210495189417811
2024-06-09 00:00:00,-0.0013448099880493194
2024-06-09 08:00:00,-0.0010914795110205388
2024-06-09 16:00:00,-0.0014148451620316226
2024-06-10 00:00:00,-0.0010413347674604145
2024-06-10 08:00:00,-0.0010883906196004361
2024-06-10 16:00:00,-0.0010533438640174416
2024-06-11 00:00:00,-0.0011887636634015887
2024-06-11 08:00:00,-0.00047057170106430094
2024-06-11 16:00:00,-0.0008155270207671501
2024-06-12 00:00:00,-0.0013380651265229686
2024-06-12 08:00:00,-0.0010441894347234554
2024-06-12 16:00:00,-0.0012139707064991114
2024-06-13 00:00:00,-0.0012968718489559405
2024-06-13 08:00:00,-0.001363596743542056
2024-06-13 16:00:00,-0.0010107454168682293
2024-06-14 00:00:00,-0.0012350712277368063
2024-06-14 08:00:00,-0.0009068364016206618
2024-06-14 16:00:00,-0.0009032515892224263
2024-06-15 00:00:00,-0.0008288315807890352
2024-06-15 08:00:00,-0.0012756982367489573
2024-06-15 16:00:00,-0.0010117541870985455
2024-06-16 00:00:00,-0.0009819428916112989
2024-06-16 08:00:00,-0.0012048757956633633
2024-06-16 16:00:00,-0.0012660009778239566
2024-06-17 00:00:00,-0.0007913488788929982
2024-06-17 08:00:00,-0.0010693602626045933
2024-06-17 16:00:00,-0.0009892723133114677
2024-06-18 00:00:00,-0.001282487491522212
2024-06-18 08:00:00,-0.0013635356081638766
2024-06-18 16:00:00,-0.001235175095460671
2024-06-19 00:00:00,-0.0011476958437430596
2024-06-19 08:00:00,-0.0013373419933313414
2024-06-19 16:00:00,-0.0011280733794007593
2024-06-20 00:00:00,-0.001465411880987194
2024-06-20 08:00:00,-0.0013533267535702797
2024-06-20 16:00:00,-0.0009967414451237415
2024-06-21 00:00:00,-0.0010117720164263488
2024-06-21 08:00:00,-0.0012125118992621121
2024-06-21 16:00:00,-0.0013392958337029408
2024-06-22 00:00:00,-0.0013428301078955637
2024-06-22 08:00:00,-0.0012136094724814355
2024-06-22 16:00:00,-0.0010116585506669256
2024-06-23 00:00:00,-0.0009565195364299303
2024-06-23 08:00:00,-0.0012430814474980003
2024-06-23 16:00:00,-0.0013760800113013743
2024-06-24 00:00:00,-0.0010934192242339621
2024-06-24 08:00:00,-0.00131330137163521
2024-06-24 16:00:00,-0.0012538513309850918
2024-06-25 00:00:00,-0.0008867520108282552
2024-06-25 08:00:00,-0.0009879905689053202
2024-06-25 16:00:00,-0.0011234252178709948
2024-06-26 00:00:00,-0.001411010306246641
2024-06-26 08:00:00,-0.0011159536182327758
2024-06-26 16:00:00,-0.0009473078992722135
2024-06-27 00:00:00,-0.001236572516285637
2024-06-27 08:00:00,-0.0008928293908379983
2024-06-27 16:00:00,-0.0009061095766345112
2024-06-28 00:00:00,-0.0008335184938122691
2024-06-28 08:00:00,-0.0011068228606375043
2024-06-28 16:00:00,-0.0010519995716853838
2024-06-29 00:00:00,-0.0008882468796831795
2024-06-29 08:00:00,-0.0010832119756384135
2024-06-29 16:00:00,-0.0012745440103130625
2024-06-30 00:00:00,-0.0012656121817634035
2024-06-30 08:00:00,-0.0011297990494058946
2024-06-30 16:00:00,-0.0014372287502526975
2024-07-01 00:00:00,-0.0012093746746391035
2024-07-01 08:00:00,-0.0009630198936230255
2024-07-01 16:00:00,-0.0016221865132049437
2024-07-02 00:00:00,-0.0008786457483157958
2024-07-02 08:00:00,-0.000962673750636878
2024-07-02 16:00:00,-0.0012807079432464164
2024-07-03 00:00:00,-0.0010816832802087704
2024-07-03 08:00:00,-0.0011913383261046783
2024-07-03 16:00:00,-0.0009475762235010184
2024-07-04 00:00:00,-0.000998644094337578
2024-07-04 08:00:00,-0.0014768012932309792
2024-07-04 16:00:00,-0.0010809410916043532
2024-07-05 00:00:00,-0.0012411255707286495
2024-07-05 08:00:00,-0.0012296700450361649
2024-07-05 16:00:00,-0.001438107498473533
2024-07-06 00:00:00,-0.0009890822635951876
2024-07-06 08:00:00,-0.0011769338725786244
2024-07-06 16:00:00,-0.001579137028493518
2024-07-07 00:00:00,-0.0017443414762207561
2024-07-07 08:00:00,-0.0016007904401740642
2024-07-07 16:00:00,-0.0014829919439000182
2024-07-08 00:00:00,-0.0015680878634688196
2024-07-08 08:00:00,-0.0014117390264442007
2024-07-08 16:00:00,-0.0015506182061014637
2024-07-09 00:00:00,-0.0015609249045268378
2024-07-09 08:00:00,-0.0017357041886951168
2024-07-09 16:00:00,-0.002125171573999187
2024-07-10 00:00:00,-0.0019326880933261542
2024-07-10 08:00:00,-0.001727766998254826
2024-07-10 16:00:00,-0.0019963260910812733
2024-07-11 00:00:00,-0.0019316399907913795
2024-07-11 08:00:00,-0.0021422442867051407
2024-07-11 16:00:00,-0.0023306935525040677
2024-07-12 00:00:00,-0.002195636554744706
2024-07-12 08:00:00,-0.002155394812468738
2024-07-12 16:00:00,-0.0023945784041073423
2024-07-13 00:00:00,-0.002356819668326172
2024-07-13 08:00:00,-0.0025438066268918197
2024-07-13 16:00:00,-0.002178301554121589
2024-07-14 00:00:00,-0.0025072782482918003
2024-07-14 08:00:00,-0.0022040725468887414
2024-07-14 16:00:00,-0.0022351106449455815
2024-07-15 00:00:00,-0.0026033059671378973
2024-07-15 08:00:00,-0.002835023079842803
2024-07-15 16:00:00,-0.0030967494680197855
2024-07-16 00:00:00,-0.0030202138662182615
2024-07-16 08:00:00,-0.00304680997573242
2024-07-16 16:00:00,-0.002542585644400172
2024-07-17 00:00:00,-0.002841351211586869
2024-07-17 08:00:00,-0.002832831783353645
2024-07-17 16:00:00,-0.003401073449098853
2024-07-18 00:00:00,-0.0032428190922950653
2024-07-18 08:00:00,-0.00287204641030214
2024-07-18 16:00:00,-0.0030383441022546654
2024-07-19 00:00:00,-0.0031713765396080874
2024-07-19 08:00:00,-0.003075203571290728
2024-07-19 16:00:00,-0.0029072490409233743
2024-07-20 00:00:00,-0.0033248536539977327
2024-07-20 08:00:00,-0.0033130077598984933
2024-07-20 16:00:00,-0.003334598895823631
2024-07-21 00:00:00,-0.002940932911654879
2024-07-21 08:00:00,-0.0038854626507332673
2024-07-21 16:00:00,-0.0033751833540314855
2024-07-22 00:00:00,-0.0035810249658808453
2024-07-22 08:00:00,-0.003490946730031981
2024-07-22 16:00:00,-0.0037820121452075465
2024-07-23 00:00:00,-0.0037065671997200773
2024-07-23 08:00:00,-0.003600728636795073
2024-07-23 16:00:00,-0.0031666652716191884
2024-07-24 00:00:00,-0.0036738766330873278
2024-07-24 08:00:00,-0.004051333549713629
2024-07-24 16:00:00,-0.004012708925651852
2024-07-25 00:00:00,-0.004064876370063867
2024-07-25 08:00:00,-0.004379558742052885
2024-07-25 16:00:00,-0.004132684705006954
2024-07-26 00:00:00,-0.003966337409442102
2024-07-26 08:00:00,-0.004413986208761596
2024-07-26 16:00:00,-0.003995679813875903
2024-07-27 00:00:00,-0.004154057939008938
2024-07-27 08:00:00,-0.0044446961267597986
2024-07-27 16:00:00,-0.004372391948972945
2024-07-28 00:00:00,-0.004070658219116954
2024-07-28 08:00:00,-0.004289849577083773
2024-07-28 16:00:00,-0.004481038967945101
2024-07-29 00:00:00,-0.004576568921456713
2024-07-29 08:00:00,-0.004559947003113969
2024-07-29 16:00:00,-0.004723858087932547
2024-07-30 00:00:00,-0.005088691836627674
2024-07-30 08:00:00,-0.00430554291251671
2024-07-30 16:00:00,-0.004729150053923561
2024-07-31 00:00:00,-0.004726822159878718
2024-07-31 08:00:00,-0.004864269722018393
2024-07-31 16:00:00,-0.005045948091327713
2024-08-01 00:00:00,-0.004982346186512335
2024-08-01 08:00:00,-0.005311276801901228
2024-08-01 16:00:00,-0.00458221710899149
2024-08-02 00:00:00,-0.005330773367426414
2024-08-02 08:00:00,-0.005336500783651155
2024-08-02 16:00:00,-0.005264395926898785
2024-08-03 00:00:00,-0.004964965500190814
2024-08-03 08:00:00,-0.005265915404448544
2024-08-03 16:00:00,-0.005562280922646953
2024-08-04 00:00:00,-0.0051104226504291765
2024-08-04 08:00:00,-0.005261326756363333
2024-08-04 16:00:00,-0.005346076449416924
2024-08-05 00:00:00,-0.005356853151765832
2024-08-05 08:00:00,-0.004979460953216843
2024-08-05 16:00:00,-0.0049796476876594435
2024-08-06 00:00:00,-0.005512343068600658
2024-08-06 08:00:00,-0.005008556334771102
2024-08-06 16:00:00,-0.005215033028714886
2024-08-07 00:00:00,-0.00515018083677245
2024-08-07 08:00:00,-0.0055467874996619985
2024-08-07 16:00:00,-0.005200743819744306
2024-08-08 00:00:00,-0.005287564718067312
2024-08-08 08:00:00,-0.004917721570354671
2024-08-08 16:00:00,-0.004827450566586106
2024-08-09 00:00:00,-0.005414897270203262
2024-08-09 08:00:00,-0.004962740306134187
2024-08-09 16:00:00,-0.004692294365707816
2024-08-10 00:00:00,-0.004912335792462689
2024-08-10 08:00:00,-0.0046875206043328595
2024-08-10 16:00:00,-0.0047214335731412494
2024-08-11 00:00:00,-0.004681667953609475
2024-08-11 08:00:00,-0.004762596328946993
2024-08-11 16:00:00,-0.004909982827493808
2024-08-12 00:00:00,-0.004849306029485005
2024-08-12 08:00:00,-0.00444146283044227
2024-08-12 16:00:00,-0.0045377750155628895
2024-08-13 00:00:00,-0.004527702448921445
2024-08-13 08:00:00,-0.0045431113417978035
2024-08-13 16:00:00,-0.004477704435762816
2024-08-14 00:00:00,-0.004165617641102372
2024-08-14 08:00:00,-0.004400382149706938
2024-08-14 16:00:00,-0.00455987960932698
2024-08-15 00:00:00,-0.004101269644891965
2024-08-15 08:00:00,-0.004249308666106276
2024-08-15 16:00:00,-0.004160387493560111
2024-08-16 00:00:00,-0.003803484338720098
2024-08-16 08:00:00,-0.004087445444803434
2024-08-16 16:00:00,-0.0039838299320429215
2024-08-17 00:00:00,-0.004235784698259665
2024-08-17 08:00:00,-0.004002267223803525
2024-08-17 16:00:00,-0.003794761457624946
2024-08-18 00:00:00,-0.0041860747467682485
2024-08-18 08:00:00,-0.0037931643147101914
2024-08-18 16:00:00,-0.003771508452137705
2024-08-19 00:00:00,-0.003741742508882512
2024-08-19 08:00:00,-0.0035009015536016843
2024-08-19 16:00:00,-0.0035997789636969617
2024-08-20 00:00:00,-0.003329385620328711
2024-08-20 08:00:00,-0.0037820512364521407
2024-08-20 16:00:00,-0.003514481753222997
2024-08-21 00:00:00,-0.0034831066427220103
2024-08-21 08:00:00,-0.0036721842320843493
2024-08-21 16:00:00,-0.003225407666248397
2024-08-22 00:00:00,-0.002910065338829436
2024-08-22 08:00:00,-0.0033367345482300994
2024-08-22 16:00:00,-0.003190662449011913
2024-08-23 00:00:00,-0.0032330963048369343
2024-08-23 08:00:00,-0.0033510502673147684
2024-08-23 16:00:00,-0.0035308187222270696
2024-08-24 00:00:00,-0.0032661546966190726
2024-08-24 08:00:00,-0.003361725009523679
2024-08-24 16:00:00,-0.002700846251054843
2024-08-25 00:00:00,-0.0030230219387846475
2024-08-25 08:00:00,-0.0030275171991427673
2024-08-25 16:00:00,-0.002738835901709105
2024-08-26 00:00:00,-0.0030993502205711775
2024-08-26 08:00:00,-0.0029867061409342434
2024-08-26 16:00:00,-0.002778052212816942
2024-08-27 00:00:00,-0.0025442462017153038
2024-08-27 08:00:00,-0.0026079963242995755
2024-08-27 16:00:00,-0.0026170016381634902
2024-08-28 00:00:00,-0.0026093764529527964
2024-08-28 08:00:00,-0.0025032861622279784
2024-08-28 16:00:00,-0.0025013360856408155
2024-08-29 00:00:00,-0.002705994454955387
2024-08-29 08:00:00,-0.002449117489006703
2024-08-29 16:00:00,-0.0026314043984502168
2024-08-30 00:00:00,-0.002358783491419835
2024-08-30 08:00:00,-0.0024294629216309815
2024-08-30 16:00:00,-0.001783790342110094
2024-08-31 00:00:00,-0.0022579788767503424
2024-08-31 08:00:00,-0.002489181246585651
2024-08-31 16:00:00,-0.0021935027088020513
2024-09-01 00:00:00,-0.0020211282508724223
2024-09-01 08:00:00,-0.0017486605441028285
2024-09-01 16:00:00,-0.0021595571466544103
2024-09-02 00:00:00,-0.0023164855948047277
2024-09-02 08:00:00,-0.0017949659310471369
2024-09-02 16:00:00,-0.0021927864078465967
2024-09-03 00:00:00,-0.001962231088301497
2024-09-03 08:00:00,-0.0018848574304355318
2024-09-03 16:00:00,-0.0018055933573266883
2024-09-04 00:00:00,-0.0016121671085851327
2024-09-04 08:00:00,-0.0018450601897906105
2024-09-04 16:00:00,-0.0017214125171000187
2024-09-05 00:00:00,-0.0016278540705898775
2024-09-05 08:00:00,-0.0015534137418295756
2024-09-05 16:00:00,-0.0015221012317250824
2024-09-06 00:00:00,-0.001412798844955484
2024-09-06 08:00:00,-0.0013110300778696323
2024-09-06 16:00:00,-0.0013810691364657662
2024-09-07 00:00:00,-0.0013486768346920956
2024-09-07 08:00:00,-0.0017356365525412146
2024-09-07 16:00:00,-0.001388944359156763
2024-09-08 00:00:00,-0.001282886369187557
2024-09-08 08:00:00,-0.0012127976196717686
2024-09-08 16:00:00,-0.0014768539932305971
2024-09-09 00:00:00,-0.0014499896731595473
2024-09-09 08:00:00,-0.0014127999330365176
2024-09-09 16:00:00,-0.0011704949977995093
2024-09-10 00:00:00,-0.001050799546590916
2024-09-10 08:00:00,-0.0013188657588320577
2024-09-10 16:00:00,-0.0010355792544463074
2024-09-11 00:00:00,-0.0011722737351367782
2024-09-11 08:00:00,-0.0012016248322001641
2024-09-11 16:00:00,-0.0011988425025292503
2024-09-12 00:00:00,-0.000987041363443205
2024-09-12 08:00:00,-0.0010510460528042021
2024-09-12 16:00:00,-0.0006407945104300685
2024-09-13 00:00:00,-0.0012462025043570406
2024-09-13 08:00:00,-0.0009519352151495605
2024-09-13 16:00:00,-0.001141193737315838
2024-09-14 00:00:00,-0.001189008912549244
2024-09-14 08:00:00,-0.0009971229223564894
2024-09-14 16:00:00,-0.0009472769788660676
2024-09-15 00:00:00,-0.000370910743533436
2024-09-15 08:00:00,-0.0009711725974800748
2024-09-15 16:00:00,-0.0011401771600383509
2024-09-16 00:00:00,-0.0008393372504405169
2024-09-16 08:00:00,-0.0012886653812466474
2024-09-16 16:00:00,-0.0008719267100562067
2024-09-17 00:00:00,-0.0008301282768743013
2024-09-17 08:00:00,-0.0006542112365422708
2024-09-17 16:00:00,-0.0005982048430437236
2024-09-18 00:00:00,-0.0008734411965088161
2024-09-18 08:00:00,-0.0007826480554512391
2024-09-18 16:00:00,-0.0008855473984453665
2024-09-19 00:00:00,-0.0009377337230827508
2024-09-19 08:00:00,-0.000629940236043065
2024-09-19 16:00:00,-0.0009264342814364916
2024-09-20 00:00:00,-0.0007344405316295242
2024-09-20 08:00:00,-0.0008303479232929789
2024-09-20 16:00:00,-0.0005011744738530592
2024-09-21 00:00:00,-0.0002306230710557933
2024-09-21 08:00:00,-0.0008310246672677369
2024-09-21 16:00:00,-0.0009211087470845644
2024-09-22 00:00:00,-0.0005552804073730437
2024-09-22 08:00:00,-0.0005069614509094584
2024-09-22 16:00:00,-0.0004461671285475304
2024-09-23 00:00:00,-0.0005589610727438388
2024-09-23 08:00:00,-0.0004896228092600357
2024-09-23 16:00:00,-0.0003557908471848088
2024-09-24 00:00:00,-0.00020100473056194128
2024-09-24 08:00:00,-0.0007798986429525455
2024-09-24 16:00:00,-0.0004424747564931612
2024-09-25 00:00:00,-0.0003057230896966357
2024-09-25 08:00:00,-0.0005118780492049755
2024-09-25 16:00:00,3.8153118272651844e-05
2024-09-26 00:00:00,-0.0004149607639245353
2024-09-26 08:00:00,-0.00027593530507822434
2024-09-26 16:00:00,-0.00013627032810628923
2024-09-27 00:00:00,-0.0003455296850331061
2024-09-27 08:00:00,-0.0005763853166315905
2024-09-27 16:00:00,-0.00027259959225199354
2024-09-28 00:00:00,3.922144451874138e-05
2024-09-28 08:00:00,-0.00021384367182167408
2024-09-28 16:00:00,-0.00029554948655442195
2024-09-29 00:00:00,7.907383583993828e-05
2024-09-29 08:00:00,-0.00015201356506319643
2024-09-29 16:00:00,-0.0001676887283866092
2024-09-30 00:00:00,-1.5563327521883448e-05
2024-09-30 08:00:00,0.0001288975166712323
2024-09-30 16:00:00,0.00047129220129600417
2024-10-01 00:00:00,0.00018059873668299973
2024-10-01 08:00:00,0.0002673215286312042
2024-10-01 16:00:00,-4.563768424201542e-05
2024-10-02 00:00:00,-0.00012941604543631946
2024-10-02 08:00:00,0.00010842586588342057
2024-10-02 16:00:00,0.00013759559921353536
2024-10-03 00:00:00,-7.933891190928317e-05
2024-10-03 08:00:00,0.0001215067505848541
2024-10-03 16:00:00,0.000256631197111503
2024-10-04 00:00:00,0.000269048375973313
2024-10-04 08:00:00,0.00031802928784857164
2024-10-04 16:00:00,0.0002955666834012259
2024-10-05 00:00:00,0.0001561740257217465
2024-10-05 08:00:00,0.00017499765244800917
2024-10-05 16:00:00,5.818951838102278e-05
2024-10-06 00:00:00,0.0006751368260188371
2024-10-06 08:00:00,0.0003410739113076969
2024-10-06 16:00:00,0.0003136152474268883
2024-10-07 00:00:00,0.0001930294624973871
2024-10-07 08:00:00,0.0009861214794554547
2024-10-07 16:00:00,0.00020452631274734006
2024-10-08 00:00:00,0.00035362435427272485
2024-10-08 08:00:00,0.0005427633268531718
2024-10-08 16:00:00,0.0005998405729468354
2024-10-09 00:00:00,0.0006915864110431368
2024-10-09 08:00:00,0.0008817237217558728
2024-10-09 16:00:00,0.0006416355714961828
2024-10-10 00:00:00,0.000349399900612727
2024-10-10 08:00:00,0.0005294190557837244
2024-10-10 16:00:00,0.0006625765755128782
2024-10-11 00:00:00,0.0010348573295132862
2024-10-11 08:00:00,0.00036185304572928216
2024-10-11 16:00:00,0.0009021314626612072
2024-10-12 00:00:00,0.0007178010557274652
2024-10-12 08:00:00,0.0008695863090660981
2024-10-12 16:00:00,0.0007018232788950358
2024-10-13 00:00:00,0.0005739377163989771
2024-10-13 08:00:00,0.0009128008185065289
2024-10-13 16:00:00,0.0009137144882494069
2024-10-14 00:00:00,0.0009974416961782476
2024-10-14 08:00:00,0.0008205713961565963
2024-10-14 16:00:00,0.0007234699387703737
2024-10-15 00:00:00,0.0005518789646315954
2024-10-15 08:00:00,0.0010477130374662651
2024-10-15 16:00:00,0.0009888183005292012
2024-10-16 00:00:00,0.0007310858976696323
2024-10-16 08:00:00,0.0008367297097851195
2024-10-16 16:00:00,0.0008712947022561764
2024-10-17 00:00:00,0.000688251598452001
2024-10-17 08:00:00,0.0008415140257294785
2024-10-17 16:00:00,0.0007984864538912546
2024-10-18 00:00:00,0.0009629587430769582
2024-10-18 08:00:00,0.0009179170659906531
2024-10-18 16:00:00,0.0007604576016852361
2024-10-19 00:00:00,0.0015105786521745024
2024-10-19 08:00:00,0.0013767707724684723
2024-10-19 16:00:00,0.0009906607621606492
2024-10-20 00:00:00,0.0012211509459973886
2024-10-20 08:00:00,0.0012703617048329461
2024-10-20 16:00:00,0.0014452878780254028
2024-10-21 00:00:00,0.0010635517219407117
2024-10-21 08:00:00,0.0014658961042712329
2024-10-21 16:00:00,0.0011580957068353809
2024-10-22 00:00:00,0.0010207063070450653
2024-10-22 08:00:00,0.0014529081199437075
2024-10-22 16:00:00,0.0015864345131073139
2024-10-23 00:00:00,0.0018660666431909853
2024-10-23 08:00:00,0.0011287418156688258
2024-10-23 16:00:00,0.0015286728259050468
2024-10-24 00:00:00,0.0013271306603322027
2024-10-24 08:00:00,0.0015859646713977356
2024-10-24 16:00:00,0.0011553970392486996
2024-10-25 00:00:00,0.0012171430145572568
2024-10-25 08:00:00,0.0013347240252656932
2024-10-25 16:00:00,0.001525893819234627
2024-10-26 00:00:00,0.0014020867769953592
2024-10-26 08:00:00,0.0016823159192877345
2024-10-26 16:00:00,0.0017760859943586535
2024-10-27 00:00:00,0.0017108245991581624
2024-10-27 08:00:00,0.001934868639043285
2024-10-27 16:00:00,0.0017144784572042
2024-10-28 00:00:00,0.0014081358094471183
2024-10-28 08:00:00,0.0019443924744248398
2024-10-28 16:00:00,0.0015708879447979924
2024-10-29 00:00:00,0.001894204912058326
2024-10-29 08:00:00,0.0020470700756342534
2024-10-29 16:00:00,0.0018438628546713323
2024-10-30 00:00:00,0.0014734955100943426
2024-10-30 08:00:00,0.001609286859627335
2024-10-30 16:00:00,0.0020776802065083405
2024-10-31 00:00:00,0.0017995087962047703
2024-10-31 08:00:00,0.0018694500605237869
2024-10-31 16:00:00,0.0020255022569700956
2024-11-01 00:00:00,0.0020332039663554587
2024-11-01 08:00:00,0.0019699013766185064
2024-11-01 16:00:00,0.001892609760099341
2024-11-02 00:00:00,0.001892011765398983
2024-11-02 08:00:00,0.0021463272398057434
2024-11-02 16:00:00,0.002105663401163054
2024-11-03 00:00:00,0.0019636915150279574
2024-11-03 08:00:00,0.0022517759979521637
2024-11-03 16:00:00,0.002029748732529599
2024-11-04 00:00:00,0.0019054251408906972
2024-11-04 08:00:00,0.001944165456178927
2024-11-04 16:00:00,0.001920413448899663
2024-11-05 00:00:00,0.0020818816330428988
2024-11-05 08:00:00,0.002403310512232895
2024-11-05 16:00:00,0.002015748640561575
2024-11-06 00:00:00,0.002234664849173318
2024-11-06 08:00:00,0.002085833848046235
2024-11-06 16:00:00,0.00218531192911945
2024-11-07 00:00:00,0.001955567515178707
2024-11-07 08:00:00,0.0022336701319464703
2024-11-07 16:00:00,0.0022592387220188056
2024-11-08 00:00:00,0.0024262394069889575
2024-11-08 08:00:00,0.0023830400210349124
2024-11-08 16:00:00,0.002118907433595449
2024-11-09 00:00:00,0.0025956275275965876
2024-11-09 08:00:00,0.0024410505070342984
2024-11-09 16:00:00,0.002458870622627417
2024-11-10 00:00:00,0.002437557468716912
2024-11-10 08:00:00,0.0023560444701515157
2024-11-10 16:00:00,0.002523358447747725
2024-11-11 00:00:00,0.0025951176871857164
2024-11-11 08:00:00,0.0021657723768824045
2024-11-11 16:00:00,0.0024225508628338112
2024-11-12 00:00:00,0.002494465151373828
2024-11-12 08:00:00,0.0026118401817449162
2024-11-12 16:00:00,0.002814419776943001
2024-11-13 00:00:00,0.0024365609279897345
2024-11-13 08:00:00,0.002506468236697038
2024-11-13 16:00:00,0.0025187052990828115
2024-11-14 00:00:00,0.002476058118342728
2024-11-14 08:00:00,0.002582077852492699
2024-11-14 16:00:00,0.002820827110664261
2024-11-15 00:00:00,0.002471051082745313
2024-11-15 08:00:00,0.0027825325760002773
2024-11-15 16:00:00,0.002371740766117545
2024-11-16 00:00:00,0.0026150051279842865
2024-11-16 08:00:00,0.002676526382380645
2024-11-16 16:00:00,0.0030925476921585707
2024-11-17 00:00:00,0.002717766811776735
2024-11-17 08:00:00,0.0023476300931886043
2024-11-17 16:00:00,0.002403252521658053
2024-11-18 00:00:00,0.0028249877354511546
2024-11-18 08:00:00,0.002956087504491315
2024-11-18 16:00:00,0.002923576020010299
2024-11-19 00:00:00,0.002897150384796562
2024-11-19 08:00:00,0.003111239798289012
2024-11-19 16:00:00,0.0027860211497919675
2024-11-20 00:00:00,0.003088073020296274
2024-11-20 08:00:00,0.0025978394472371408
2024-11-20 16:00:00,0.0027584043728063265
2024-11-21 00:00:00,0.0025931371755590913
2024-11-21 08:00:00,0.0029147279095630115
2024-11-21 16:00:00,0.0029755962413952164
2024-11-22 00:00:00,0.003022820298445304
2024-11-22 08:00:00,0.003012376670577427
2024-11-22 16:00:00,0.0028144893338376544
2024-11-23 00:00:00,0.002961951831117357
2024-11-23 08:00:00,0.0027005106662788504
2024-11-23 16:00:00,0.0032726457950264503
2024-11-24 00:00:00,0.0029392747854203997
2024-11-24 08:00:00,0.0029022227761912617
2024-11-24 16:00:00,0.0033177880656888167
2024-11-25 00:00:00,0.002751550693290154
2024-11-25 08:00:00,0.002774882577193606
2024-11-25 16:00:00,0.002780755935026287
2024-11-26 00:00:00,0.0029864257236601036
2024-11-26 08:00:00,0.0030863263259275197
2024-11-26 16:00:00,0.003147935093623567
2024-11-27 00:00:00,0.003514399063498994
2024-11-27 08:00:00,0.002550113509159847
2024-11-27 16:00:00,0.0031217471178248833
2024-11-28 00:00:00,0.002888573885485554
2024-11-28 08:00:00,0.0028827169702222454
2024-11-28 16:00:00,0.0028760455743492247
2024-11-29 00:00:00,0.0028182460658384054
2024-11-29 08:00:00,0.0033369049669206906
2024-11-29 16:00:00,0.0031684594654027808
2024-11-30 00:00:00,0.003004639195711475
2024-11-30 08:00:00,0.0032702031504974003
2024-11-30 16:00:00,0.002697494206940225
2024-12-01 00:00:00,0.002733858973733815
2024-12-01 08:00:00,0.0025644064535610624
2024-12-01 16:00:00,0.0028601170919753424
2024-12-02 00:00:00,0.003032339705340951
2024-12-02 08:00:00,0.003020571715586467
2024-12-02 16:00:00,0.0030298683822119763
2024-12-03 00:00:00,0.0027177886337867835
2024-12-03 08:00:00,0.0031606309485228043
2024-12-03 16:00:00,0.0030479255036477996
2024-12-04 00:00:00,0.0031466108562931997
2024-12-04 08:00:00,0.0026214475644819896
2024-12-04 16:00:00,0.003062298171759558
2024-12-05 00:00:00,0.0027624469520164947
2024-12-05 08:00:00,0.0029205353494897277
2024-12-05 16:00:00,0.003106872979727277
2024-12-06 00:00:00,0.0030182187212511825
2024-12-06 08:00:00,0.002829692004044136
2024-12-06 16:00:00,0.0030012546312368836
2024-12-07 00:00:00,0.0026936929369512715
2024-12-07 08:00:00,0.003230053479179659
2024-12-07 16:00:00,0.0029589431961007497
2024-12-08 00:00:00,0.003223709988851065
2024-12-08 08:00:00,0.0028946936625807913
2024-12-08 16:00:00,0.0028952848023186834
2024-12-09 00:00:00,0.0028471626426724308
2024-12-09 08:00:00,0.003175234786338615
2024-12-09 16:00:00,0.002858113768534305
2024-12-10 00:00:00,0.0031289190864830355
2024-12-10 08:00:00,0.002923509520466142
2024-12-10 16:00:00,0.002604807340021676
2024-12-11 00:00:00,0.0028859371864427066
2024-12-11 08:00:00,0.0027641783571274304
2024-12-11 16:00:00,0.0030067805447364674
2024-12-12 00:00:00,0.002761918452865102
2024-12-12 08:00:00,0.0031851950201429234
2024-12-12 16:00:00,0.0029817848279293947
2024-12-13 00:00:00,0.0029644808010482523
2024-12-13 08:00:00,0.0031311784275575164
2024-12-13 16:00:00,0.0031927813868151723
2024-12-14 00:00:00,0.0029959802496460695
2024-12-14 08:00:00,0.002845759940090142
2024-12-14 16:00:00,0.002645206076777574
2024-12-15 00:00:00,0.002862790048592964
2024-12-15 08:00:00,0.0028765575506704078
2024-12-15 16:00:00,0.0030214114905984593
2024-12-16 00:00:00,0.0029309706237723946
2024-12-16 08:00:00,0.0031375865944102857
2024-12-16 16:00:00,0.0028774033457458622
2024-12-17 00:00:00,0.0029885917666294115
2024-12-17 08:00:00,0.003236797488639378
2024-12-17 16:00:00,0.0030683650427909934
2024-12-18 00:00:00,0.0029879924916622874
2024-12-18 08:00:00,0.0028796111116129648
2024-12-18 16:00:00,0.0028733537206570045
2024-12-19 00:00:00,0.0028298773494096104
2024-12-19 08:00:00,0.00289179862684342
2024-12-19 16:00:00,0.003151133167748863
2024-12-20 00:00:00,0.0029556223457415463
2024-12-20 08:00:00,0.002730045386123754
2024-12-20 16:00:00,0.0033536338586119567
2024-12-21 00:00:00,0.003063993038229033
2024-12-21 08:00:00,0.002718611319897366
2024-12-21 16:00:00,0.002911630214551835
2024-12-22 00:00:00,0.0030221772765656836
2024-12-22 08:00:00,0.0033409184186594756
2024-12-22 16:00:00,0.002778377508348226
2024-12-23 00:00:00,0.0031952081438711894
2024-12-23 08:00:00,0.003279897285394469
2024-12-23 16:00:00,0.002874269138985086
2024-12-24 00:00:00,0.002944497276227953
2024-12-24 08:00:00,0.002792738150525246
2024-12-24 16:00:00,0.0029593077717839393
2024-12-25 00:00:00,0.002992682005131414
2024-12-25 08:00:00,0.003131929999616474
2024-12-25 16:00:00,0.0032180366942040893
2024-12-26 00:00:00,0.0028503807870756707
2024-12-26 08:00:00,0.0026065349871548012
2024-12-26 16:00:00,0.0029957510441447517
2024-12-27 00:00:00,0.003058707505993728
2024-12-27 08:00:00,0.0030498835375370086
2024-12-27 16:00:00,0.002934665350498191
2024-12-28 00:00:00,0.003024950419932787
2024-12-28 08:00:00,0.0033030889616704495
2024-12-28 16:00:00,0.003076346833792502
2024-12-29 00:00:00,0.002925326314999383
2024-12-29 08:00:00,0.002899960436580801
2024-12-29 16:00:00,0.002966029528464454
2024-12-30 00:00:00,0.003327347992366128
2024-12-30 08:00:00,0.0029633398580947608
2024-12-30 16:00:00,0.0029960411310958586
2024-12-31 00:00:00,0.0029035372858127397
2024-12-31 08:00:00,0.003219796671488393
2024-12-31 16:00:00,0.003391967450948935
2025-01-01 00:00:00,0.0030901226098862776
2025-01-01 08:00:00,0.003016554580757085
2025-01-01 16:00:00,0.003007356566634847
2025-01-02 00:00:00,0.0025231386422428508
2025-01-02 08:00:00,0.0031490301728569637
2025-01-02 16:00:00,0.0030268332831991686
2025-01-03 00:00:00,0.003085668410132145
2025-01-03 08:00:00,0.0028577075611832593
2025-01-03 16:00:00,0.002923108624204582
2025-01-04 00:00:00,0.0029177950126993654
2025-01-04 08:00:00,0.003204324596814608
2025-01-04 16:00:00,0.0029242480326793813
2025-01-05 00:00:00,0.00341653206442196
2025-01-05 08:00:00,0.0030861724838030075
2025-01-05 16:00:00,0.0027448634680008535
2025-01-06 00:00:00,0.0029742907413496085
2025-01-06 08:00:00,0.002869664975568717
2025-01-06 16:00:00,0.002561123506035995
2025-01-07 00:00:00,0.003319894188022758
2025-01-07 08:00:00,0.003140628508444001
2025-01-07 16:00:00,0.0031066414635798627
2025-01-08 00:00:00,0.003033080732059941
2025-01-08 08:00:00,0.0027235964862615124
2025-01-08 16:00:00,0.002903276572088913
2025-01-09 00:00:00,0.003168356154956803
2025-01-09 08:00:00,0.0027897559940434995
2025-01-09 16:00:00,0.0024936461367498376
2025-01-10 00:00:00,0.0029545787984438148
2025-01-10 08:00:00,0.0029716484891944926
2025-01-10 16:00:00,0.0030271126832829417
2025-01-11 00:00:00,0.003145703728702907
2025-01-11 08:00:00,0.0031275211624462416
2025-01-11 16:00:00,0.0030517539610487843
2025-01-12 00:00:00,0.0032391062776173417
2025-01-12 08:00:00,0.002696206043837337
2025-01-12 16:00:00,0.003100916362895478
2025-01-13 00:00:00,0.0031253076726673887
2025-01-13 08:00:00,0.002752087542783952
2025-01-13 16:00:00,0.0026994258782635223
2025-01-14 00:00:00,0.00285081157470488
2025-01-14 08:00:00,0.0028676917114969416
2025-01-14 16:00:00,0.003150683892700486
2025-01-15 00:00:00,0.002877092243261781
2025-01-15 08:00:00,0.002828730296343759
2025-01-15 16:00:00,0.002877673252661088
2025-01-16 00:00:00,0.0032237264668308423
2025-01-16 08:00:00,0.0030026086748753903
2025-01-16 16:00:00,0.002964149794928618
2025-01-17 00:00:00,0.00297799890025979
2025-01-17 08:00:00,0.0032584120668653046
2025-01-17 16:00:00,0.0028501656546793515
2025-01-18 00:00:00,0.003263101658188021
2025-01-18 08:00:00,0.0030420992597843008
2025-01-18 16:00:00,0.0029679161236049307
2025-01-19 00:00:00,0.0035001800995868564
2025-01-19 08:00:00,0.0027888721020402807
2025-01-19 16:00:00,0.002929262848086599
2025-01-20 00:00:00,0.0027535137521672
2025-01-20 08:00:00,0.003190492394107234
2025-01-20 16:00:00,0.003337837786730336
2025-01-21 00:00:00,0.003333984556280928
2025-01-21 08:00:00,0.003244789750629201
2025-01-21 16:00:00,0.002960475906440807
2025-01-22 00:00:00,0.0029269518045020307
2025-01-22 08:00:00,0.002665766045501187
2025-01-22 16:00:00,0.0034071747070363585
2025-01-23 00:00:00,0.003093795615629694
2025-01-23 08:00:00,0.0029016086190261033
2025-01-23 16:00:00,0.0032656113777973935
2025-01-24 00:00:00,0.002805447096648
2025-01-24 08:00:00,0.003081324406844535
2025-01-24 16:00:00,0.002965474173141833
2025-01-25 00:00:00,0.0031277354279760604
2025-01-25 08:00:00,0.002987285292162776
2025-01-25 16:00:00,0.002709814421777755
2025-01-26 00:00:00,0.0030151152745340076
2025-01-26 08:00:00,0.0032097728283750726
2025-01-26 16:00:00,0.002994156718829203
2025-01-27 00:00:00,0.003155023024317817
2025-01-27 08:00:00,0.0027908941028651894
2025-01-27 16:00:00,0.0029947478413460296
2025-01-28 00:00:00,0.0028750979089822845
2025-01-28 08:00:00,0.003149396168020942
2025-01-28 16:00:00,0.003006298312452399
2025-01-29 00:00:00,0.0031380147352673225
2025-01-29 08:00:00,0.0032175420852315734
2025-01-29 16:00:00,0.003138323715024278
2025-01-30 00:00:00,0.003054623686858729
2025-01-30 08:00:00,0.002800357548297719
2025-01-30 16:00:00,0.00299944277786662
2025-01-31 00:00:00,0.0028933819195968336
2025-01-31 08:00:00,0.0029311872086591547
2025-01-31 16:00:00,0.0029250931698499498
2025-02-01 00:00:00,0.002804014885043551
2025-02-01 08:00:00,0.002608532282173202
2025-02-01 16:00:00,0.0028663713903344466
2025-02-02 00:00:00,0.003038675890384832
2025-02-02 08:00:00,0.002730364590914502
2025-02-02 16:00:00,0.003003136447294325
2025-02-03 00:00:00,0.003380053684862193
2025-02-03 08:00:00,0.003204611311050448
2025-02-03 16:00:00,0.0033287083018241057
2025-02-04 00:00:00,0.0030782255753865452
2025-02-04 08:00:00,0.0032335019645972894
2025-02-04 16:00:00,0.0028552070539064425
2025-02-05 00:00:00,0.0028711319465956034
2025-02-05 08:00:00,0.0024521719587725054
2025-02-05 16:00:00,0.00323722909480846
2025-02-06 00:00:00,0.0033080647959639773
2025-02-06 08:00:00,0.002889364550930546
2025-02-06 16:00:00,0.002949209658720553
2025-02-07 00:00:00,0.002849227577261808
2025-02-07 08:00:00,0.0030765307102954983
2025-02-07 16:00:00,0.0032249865090606482
2025-02-08 00:00:00,0.0026514456052237918
2025-02-08 08:00:00,0.0030818877061284506
2025-02-08 16:00:00,0.002944665645656171
2025-02-09 00:00:00,0.003022678878393338
2025-02-09 08:00:00,0.003091798800334858
2025-02-09 16:00:00,0.0029623595122454357
2025-02-10 00:00:00,0.0029792826293188438
2025-02-10 08:00:00,0.0029572249664890724
2025-02-10 16:00:00,0.0031940632403576565
2025-02-11 00:00:00,0.0030837519920254995
2025-02-11 08:00:00,0.0030441167075474724
2025-02-11 16:00:00,0.0027458096557815437
2025-02-12 00:00:00,0.0029242840513573694
2025-02-12 08:00:00,0.003179733832067835
2025-02-12 16:00:00,0.0030075393146247846
2025-02-13 00:00:00,0.003131906293917828
2025-02-13 08:00:00,0.0033533023600655267
2025-02-13 16:00:00,0.0032077212138417635
2025-02-14 00:00:00,0.0030186316675399486
2025-02-14 08:00:00,0.0028978021659608545
2025-02-14 16:00:00,0.0024892900807888204
2025-02-15 00:00:00,0.0029663230155054297
2025-02-15 08:00:00,0.0029347975008366303
2025-02-15 16:00:00,0.003078073238879075
2025-02-16 00:00:00,0.0029692189546050626
2025-02-16 08:00:00,0.0029359229881126413
2025-02-16 16:00:00,0.002644120213898556
2025-02-17 00:00:00,0.0028120064341699866
2025-02-17 08:00:00,0.0030953302081601114
2025-02-17 16:00:00,0.003343181526226539
2025-02-18 00:00:00,0.0029804949232508753
2025-02-18 08:00:00,0.003065562214714825
2025-02-18 16:00:00,0.003190495631390561
2025-02-19 00:00:00,0.00283782121275995
2025-02-19 08:00:00,0.0030733628086570884
2025-02-19 16:00:00,0.002851901978733568
2025-02-20 00:00:00,0.003172964887698202
2025-02-20 08:00:00,0.0030302806095903467
2025-02-20 16:00:00,0.003059690362796288
2025-02-21 00:00:00,0.0028434802805162823
2025-02-21 08:00:00,0.003141406471922157
2025-02-21 16:00:00,0.003416942584246203
2025-02-22 00:00:00,0.002798417660914359
2025-02-22 08:00:00,0.0029320481984704953
2025-02-22 16:00:00,0.0030463214948336184
2025-02-23 00:00:00,0.0031572812423991633
2025-02-23 08:00:00,0.002888090742942106
2025-02-23 16:00:00,0.002433393941971452
2025-02-24 00:00:00,0.003271837898832805
2025-02-24 08:00:00,0.0031521012239168287
2025-02-24 16:00:00,0.002651410493902667
2025-02-25 00:00:00,0.002878486241644089
2025-02-25 08:00:00,0.003313636485905465
2025-02-25 16:00:00,0.0032895592836915733
2025-02-26 00:00:00,0.003187728004535789
2025-02-26 08:00:00,0.0029647775132080273
2025-02-26 16:00:00,0.003016597483762502
2025-02-27 00:00:00,0.0029738148389747746
2025-02-27 08:00:00,0.0032256479566537674
2025-02-27 16:00:00,0.002824831518700978
2025-02-28 00:00:00,0.002838840069023159
2025-02-28 08:00:00,0.0032020549173672032
2025-02-28 16:00:00,0.0029911277088976876
2025-03-01 00:00:00,0.0032756934710907615
2025-03-01 08:00:00,0.002865697558603891
2025-03-01 16:00:00,0.002989044327932235
2025-03-02 00:00:00,0.0028155174030312096
2025-03-02 08:00:00,0.0030014725362847135
2025-03-02 16:00:00,0.0027042906126002403
2025-03-03 00:00:00,0.0029024733158090074
2025-03-03 08:00:00,0.0027127492270143765
2025-03-03 16:00:00,0.0031387846466382516
2025-03-04 00:00:00,0.0031433178679519305
2025-03-04 08:00:00,0.002653947453903131
2025-03-04 16:00:00,0.0032667771491001144
2025-03-05 00:00:00,0.003499483025283971
2025-03-05 08:00:00,0.0030092012773472684
2025-03-05 16:00:00,0.002871777147955071
2025-03-06 00:00:00,0.0035648661182006093
2025-03-06 08:00:00,0.0027362063003394978
2025-03-06 16:00:00,0.0030040212933738195
2025-03-07 00:00:00,0.0030359244545263846
2025-03-07 08:00:00,0.003269029524090483
2025-03-07 16:00:00,0.003071947795025358
2025-03-08 00:00:00,0.00290027322084231
2025-03-08 08:00:00,0.0028097631259224086
2025-03-08 16:00:00,0.002931635635950773
2025-03-09 00:00:00,0.002798614527810971
2025-03-09 08:00:00,0.0030095650639569366
2025-03-09 16:00:00,0.0028871607640279027
2025-03-10 00:00:00,0.00270119244134205
2025-03-10 08:00:00,0.0032510291576749806
2025-03-10 16:00:00,0.002900465495314192
2025-03-11 00:00:00,0.0027463726390049375
2025-03-11 08:00:00,0.0029663481731024917
2025-03-11 16:00:00,0.003013674313193532
2025-03-12 00:00:00,0.0026507066548841934
2025-03-12 08:00:00,0.0030663295334251526
2025-03-12 16:00:00,0.002790568486261947
2025-03-13 00:00:00,0.0033422057618381577
2025-03-13 08:00:00,0.003104792102415347
2025-03-13 16:00:00,0.0029200200019781366
2025-03-14 00:00:00,0.00285096644593653
2025-03-14 08:00:00,0.0029790064584872752
2025-03-14 16:00:00,0.003122558148316658
2025-03-15 00:00:00,0.00299490117428296
2025-03-15 08:00:00,0.002956568238572629
2025-03-15 16:00:00,0.003011674058163579
2025-03-16 00:00:00,0.002879228213752609
2025-03-16 08:00:00,0.0029313588146313925
2025-03-16 16:00:00,0.002582841512218999
2025-03-17 00:00:00,0.0031947452461704735
2025-03-17 08:00:00,0.0030597595560643526
2025-03-17 16:00:00,0.002845308831193314
2025-03-18 00:00:00,0.0033797469962710477
2025-03-18 08:00:00,0.0030174032960784774
2025-03-18 16:00:00,0.0027927712856049606
2025-03-19 00:00:00,0.003171347484294092
2025-03-19 08:00:00,0.0030796096433018524
2025-03-19 16:00:00,0.003078915997096844
2025-03-20 00:00:00,0.002914848879069682
2025-03-20 08:00:00,0.003090099144755607
2025-03-20 16:00:00,0.002947648341955781
2025-03-21 00:00:00,0.0031111882903291687
2025-03-21 08:00:00,0.002619011109197872
2025-03-21 16:00:00,0.002913225307404162
2025-03-22 00:00:00,0.003344431019561639
2025-03-22 08:00:00,0.00284658650891994
2025-03-22 16:00:00,0.0028792323405013626
2025-03-23 00:00:00,0.002910407732310005
2025-03-23 08:00:00,0.0027570387728222713
2025-03-23 16:00:00,0.0025583438447543496
2025-03-24 00:00:00,0.0029538827202952775
2025-03-24 08:00:00,0.0030271718848163313
2025-03-24 16:00:00,0.00298949898629227
2025-03-25 00:00:00,0.0029710242876104225
2025-03-25 08:00:00,0.0030086081741700775
2025-03-25 16:00:00,0.0032045682943101527
2025-03-26 00:00:00,0.0029619107628141568
2025-03-26 08:00:00,0.0028851834845825463
2025-03-26 16:00:00,0.0029437749030223827
2025-03-27 00:00:00,0.003115869351951355
2025-03-27 08:00:00,0.00328240537570865
2025-03-27 16:00:00,0.0028743712521661644
2025-03-28 00:00:00,0.003019786757405777
2025-03-28 08:00:00,0.003067671488387192
2025-03-28 16:00:00,0.0028014843986542354
2025-03-29 00:00:00,0.0030040834334425837
2025-03-29 08:00:00,0.002706865228531581
2025-03-29 16:00:00,0.0026461899392521203
2025-03-30 00:00:00,0.0030733492815784515
2025-03-30 08:00:00,0.0029232250517338436
2025-03-30 16:00:00,0.003040456081524244
2025-03-31 00:00:00,0.00299642100459833
2025-03-31 08:00:00,0.0028047199902672404
2025-03-31 16:00:00,0.002990949139607133
2025-04-01 00:00:00,0.002753379738997029
2025-04-01 08:00:00,0.0032781944716002804
2025-04-01 16:00:00,0.0027288059310280072
2025-04-02 00:00:00,0.002960842945806284
2025-04-02 08:00:00,0.00279154568239055
2025-04-02 16:00:00,0.0031140842346721593
2025-04-03 00:00:00,0.0029337137257436996
2025-04-03 08:00:00,0.002896266656075758
2025-04-03 16:00:00,0.003170640309010311
2025-04-04 00:00:00,0.0030058861183355104
2025-04-04 08:00:00,0.0031033288891871933
2025-04-04 16:00:00,0.002803734812696507
2025-04-05 00:00:00,0.0027190366112144985
2025-04-05 08:00:00,0.003021441592408027
2025-04-05 16:00:00,0.002936230728901054
2025-04-06 00:00:00,0.003125286934490789
2025-04-06 08:00:00,0.00298401830946749
2025-04-06 16:00:00,0.003041015067846926
2025-04-07 00:00:00,0.0026753234940117515
2025-04-07 08:00:00,0.0033776873879228513
2025-04-07 16:00:00,0.0029671516029935938
2025-04-08 00:00:00,0.0031395173940678396
2025-04-08 08:00:00,0.002832781665956075
2025-04-08 16:00:00,0.0030616019804434683
2025-04-09 00:00:00,0.002739431047295051
2025-04-09 08:00:00,0.0030904135676519343
2025-04-09 16:00:00,0.0029288051831228333
2025-04-10 00:00:00,0.0030058381007871137
2025-04-10 08:00:00,0.0031395948060260197
2025-04-10 16:00:00,0.002753491937755944
2025-04-11 00:00:00,0.0028631016538774407
2025-04-11 08:00:00,0.003091464856217353
2025-04-11 16:00:00,0.0034196442949093494
2025-04-12 00:00:00,0.0029723835330677036
2025-04-12 08:00:00,0.0031182272235847864
2025-04-12 16:00:00,0.002978605706028304
2025-04-13 00:00:00,0.00338844911895126
2025-04-13 08:00:00,0.002650555666606949
2025-04-13 16:00:00,0.0030189242089338716
2025-04-14 00:00:00,0.0026748911932875877
2025-04-14 08:00:00,0.0024986856858926565
2025-04-14 16:00:00,0.0030594924106235634
2025-04-15 00:00:00,0.003027899559229492
2025-04-15 08:00:00,0.00294303261245156
2025-04-15 16:00:00,0.0029787611819920494
2025-04-16 00:00:00,0.0036196598868142517
2025-04-16 08:00:00,0.002948364972393713
2025-04-16 16:00:00,0.003102024872250015
2025-04-17 00:00:00,0.0028701270360772238
2025-04-17 08:00:00,0.0030590465150081205
2025-04-17 16:00:00,0.0029523532649888768
2025-04-18 00:00:00,0.002917896303454054
2025-04-18 08:00:00,0.003363779706440065
2025-04-18 16:00:00,0.003235436992636868
2025-04-19 00:00:00,0.003027349329479846
2025-04-19 08:00:00,0.0025391576128112065
2025-04-19 16:00:00,0.002927798155349486
2025-04-20 00:00:00,0.003540605512881017
2025-04-20 08:00:00,0.0029538676666720585
2025-04-20 16:00:00,0.0032206435144107315
2025-04-21 00:00:00,0.00328838848039052
2025-04-21 08:00:00,0.003043792783171195
2025-04-21 16:00:00,0.0028316356736263694
2025-04-22 00:00:00,0.0025129375336434222
2025-04-22 08:00:00,0.003136832641721791
2025-04-22 16:00:00,0.0028370487994352905
2025-04-23 00:00:00,0.0030352300903775387
2025-04-23 08:00:00,0.0027500359320821273
2025-04-23 16:00:00,0.0029469524919059596
2025-04-24 00:00:00,0.0030067438109802106
2025-04-24 08:00:00,0.0030537187162088596
2025-04-24 16:00:00,0.002777035562529517
2025-04-25 00:00:00,0.0032393821897522706
2025-04-25 08:00:00,0.0028806210430536057
2025-04-25 16:00:00,0.002665106107909351
2025-04-26 00:00:00,0.0029781953160073074
2025-04-26 08:00:00,0.0030068750618052922
2025-04-26 16:00:00,0.003032117886634352
2025-04-27 00:00:00,0.003272426480737016
2025-04-27 08:00:00,0.0029527102326528283
2025-04-27 16:00:00,0.0029760760751262457
2025-04-28 00:00:00,0.002779363123753381
2025-04-28 08:00:00,0.0031641107005775794
2025-04-28 16:00:00,0.003036861812815621
2025-04-29 00:00:00,0.0029159944545411676
2025-04-29 08:00:00,0.0026190650613069073
2025-04-29 16:00:00,0.0032888824390110176
2025-04-30 00:00:00,0.0027544640071087887
2025-04-30 08:00:00,0.002881744398126059
2025-04-30 16:00:00,0.0030716689022152006
2025-05-01 00:00:00,0.0027606884142766627
2025-05-01 08:00:00,0.0027012980443493714
2025-05-01 16:00:00,0.0025752104834598673
2025-05-02 00:00:00,0.003144199390581127
2025-05-02 08:00:00,0.0028909627510547357
2025-05-02 16:00:00,0.003585454018494666
2025-05-03 00:00:00,0.0028011289868738252
2025-05-03 08:00:00,0.002815709795314216
2025-05-03 16:00:00,0.0028869214059429197
2025-05-04 00:00:00,0.0030486269310276977
2025-05-04 08:00:00,0.0029059593322429376
2025-05-04 16:00:00,0.0031224664428005024
2025-05-05 00:00:00,0.002804282322002269
2025-05-05 08:00:00,0.002723681656307284
2025-05-05 16:00:00,0.0026403570521181786
2025-05-06 00:00:00,0.002555285166412561
2025-05-06 08:00:00,0.0028963861961049885
2025-05-06 16:00:00,0.0029398039375213556
2025-05-07 00:00:00,0.0028737125945033633
2025-05-07 08:00:00,0.0032486811594374327
2025-05-07 16:00:00,0.003245606041921627
2025-05-08 00:00:00,0.0029330394025110997
2025-05-08 08:00:00,0.0026412157773616075
2025-05-08 16:00:00,0.0028866589783889895
2025-05-09 00:00:00,0.0028800357212165877
2025-05-09 08:00:00,0.0028685730075443884
2025-05-09 16:00:00,0.002860456219220351
2025-05-10 00:00:00,0.0028693074208550385
2025-05-10 08:00:00,0.002922691676820448
2025-05-10 16:00:00,0.002872891780236889
2025-05-11 00:00:00,0.0030416645017251184
2025-05-11 08:00:00,0.0030720737431809723
2025-05-11 16:00:00,0.002817870982563502
2025-05-12 00:00:00,0.003254213065201407
2025-05-12 08:00:00,0.0028039875396318774
2025-05-12 16:00:00,0.0026764398772369325
2025-05-13 00:00:00,0.0030761556142730106
2025-05-13 08:00:00,0.002836518373117132
2025-05-13 16:00:00,0.0030642582941514777
2025-05-14 00:00:00,0.0025192662797798937
2025-05-14 08:00:00,0.0032784911882966137
2025-05-14 16:00:00,0.0031344586816080804
2025-05-15 00:00:00,0.0026999046901673997
2025-05-15 08:00:00,0.002704244575230743
2025-05-15 16:00:00,0.0033344531808195054
2025-05-16 00:00:00,0.0028525240193004084
2025-05-16 08:00:00,0.002833163030253475
2025-05-16 16:00:00,0.0025467895811701435
2025-05-17 00:00:00,0.002929844358879689
2025-05-17 08:00:00,0.0029544560770328496
2025-05-17 16:00:00,0.003143098619353897
2025-05-18 00:00:00,0.002720184314363105
2025-05-18 08:00:00,0.0026959426415518782
2025-05-18 16:00:00,0.0030901925269552957
2025-05-19 00:00:00,0.003201346014245413
2025-05-19 08:00:00,0.0026857695297764234
2025-05-19 16:00:00,0.0032163028172599484
2025-05-20 00:00:00,0.0030075083682973643
2025-05-20 08:00:00,0.0032183610678149293
2025-05-20 16:00:00,0.0029859559276964767
2025-05-21 00:00:00,0.00249554441650241
2025-05-21 08:00:00,0.002969606523536792
2025-05-21 16:00:00,0.0032120287637342542
2025-05-22 00:00:00,0.0028212507961832573
2025-05-22 08:00:00,0.0029224070062185098
2025-05-22 16:00:00,0.0029647732992898043
2025-05-23 00:00:00,0.0024200972240263035
2025-05-23 08:00:00,0.003334269515087495
2025-05-23 16:00:00,0.002819724864020565
2025-05-24 00:00:00,0.00310114708649456
2025-05-24 08:00:00,0.0029826597727703585
2025-05-24 16:00:00,0.0032515238112718723
2025-05-25 00:00:00,0.0030812112244856162
2025-05-25 08:00:00,0.002953015145695805
2025-05-25 16:00:00,0.002821296981496144
2025-05-26 00:00:00,0.003159570140276428
2025-05-26 08:00:00,0.0026253117392090767
2025-05-26 16:00:00,0.0031291780840551784
2025-05-27 00:00:00,0.0027801910496890255
2025-05-27 08:00:00,0.0032504567323913282
2025-05-27 16:00:00,0.003032259908532539
2025-05-28 00:00:00,0.003128824753570022
2025-05-28 08:00:00,0.0030163977627649437
2025-05-28 16:00:00,0.0026495245809718005
2025-05-29 00:00:00,0.0028278541673209326
2025-05-29 08:00:00,0.0031344778675222763
2025-05-29 16:00:00,0.003033331163471969
2025-05-30 00:00:00,0.0032361979810611344
2025-05-30 08:00:00,0.0030806549126074344
2025-05-30 16:00:00,0.002806659621859468
2025-05-31 00:00:00,0.0028407871724558734
2025-05-31 08:00:00,0.0030205834781046473
2025-05-31 16:00:00,0.002537191186799979
2025-06-01 00:00:00,0.003334688377124597
2025-06-01 08:00:00,0.0030883493472755115
2025-06-01 16:00:00,0.0032454069194097746
2025-06-02 00:00:00,0.002683879211838166
2025-06-02 08:00:00,0.003248913032071051
2025-06-02 16:00:00,0.00344629978220555
2025-06-03 00:00:00,0.0027358243289245365
2025-06-03 08:00:00,0.0031542803589807533
2025-06-03 16:00:00,0.003000221988937459
2025-06-04 00:00:00,0.002691113230350351
2025-06-04 08:00:00,0.003098576794370374
2025-06-04 16:00:00,0.0031667206409674697
2025-06-05 00:00:00,0.0028797746894662305
2025-06-05 08:00:00,0.0032331833040510445
2025-06-05 16:00:00,0.0026666473186421607
2025-06-06 00:00:00,0.0027010487707100714
2025-06-06 08:00:00,0.0030273194791177504
2025-06-06 16:00:00,0.0030050770555944545
2025-06-07 00:00:00,0.002856685302315179
2025-06-07 08:00:00,0.003161918887194377
2025-06-07 16:00:00,0.00310617886284319
2025-06-08 00:00:00,0.0031716278141868033
2025-06-08 08:00:00,0.0029753727129295466
2025-06-08 16:00:00,0.003120516053595668
2025-06-09 00:00:00,0.0029108699393940013
2025-06-09 08:00:00,0.0034107637380173194
2025-06-09 16:00:00,0.0028374908459756027
2025-06-10 00:00:00,0.0034210594858916626
2025-06-10 08:00:00,0.0030069775894178818
2025-06-10 16:00:00,0.0027248978220862515
2025-06-11 00:00:00,0.00327361587009772
2025-06-11 08:00:00,0.003025180277678992
2025-06-11 16:00:00,0.0031702248196760477
2025-06-12 00:00:00,0.003244771183708519
2025-06-12 08:00:00,0.003067591110829005
2025-06-12 16:00:00,0.002881551831037437
2025-06-13 00:00:00,0.00319514267553385
2025-06-13 08:00:00,0.0030001511014909193
2025-06-13 16:00:00,0.0031371715637216837
2025-06-14 00:00:00,0.0025692538852417077
2025-06-14 08:00:00,0.0030893963434019704
2025-06-14 16:00:00,0.002872282834970994
2025-06-15 00:00:00,0.0033306619274357063
2025-06-15 08:00:00,0.003124617469577819
2025-06-15 16:00:00,0.0030479715491698593
2025-06-16 00:00:00,0.0030972619986700443
2025-06-16 08:00:00,0.0028003118294246563
2025-06-16 16:00:00,0.003324651338105611
2025-06-17 00:00:00,0.003398274083683381
2025-06-17 08:00:00,0.0030785827021096433
2025-06-17 16:00:00,0.0033180807137147277
2025-06-18 00:00:00,0.002886170360265493
2025-06-18 08:00:00,0.002840577286755004
2025-06-18 16:00:00,0.0030081849497457847
2025-06-19 00:00:00,0.00308698820767358
2025-06-19 08:00:00,0.002921202663751376
2025-06-19 16:00:00,0.0031075536380736966
2025-06-20 00:00:00,0.0030612778964146828
2025-06-20 08:00:00,0.002800338644941789
2025-06-20 16:00:00,0.0031037586034903444
2025-06-21 00:00:00,0.003172705648504304
2025-06-21 08:00:00,0.003034293863518078
2025-06-21 16:00:00,0.0032305296206523388
2025-06-22 00:00:00,0.0027565192413006095
2025-06-22 08:00:00,0.00309359008442637
2025-06-22 16:00:00,0.0027659438587206452
2025-06-23 00:00:00,0.0027771837283533827
2025-06-23 08:00:00,0.002873813833252442
2025-06-23 16:00:00,0.0028115879632851512
2025-06-24 00:00:00,0.0028904008362517727
2025-06-24 08:00:00,0.0029571699378577623
2025-06-24 16:00:00,0.003167430897266277
2025-06-25 00:00:00,0.0029357681922588595
2025-06-25 08:00:00,0.0026828748586460813
2025-06-25 16:00:00,0.003228013569299032
2025-06-26 00:00:00,0.0028325819732769922
2025-06-26 08:00:00,0.0029882559145790744
2025-06-26 16:00:00,0.003089307301388142
2025-06-27 00:00:00,0.0030399220836805564
2025-06-27 08:00:00,0.003218835909504295
2025-06-27 16:00:00,0.003095800628678552
2025-06-28 00:00:00,0.0028277380840605786
2025-06-28 08:00:00,0.0034357124347983324
2025-06-28 16:00:00,0.0030388666926676466
2025-06-29 00:00:00,0.002970531954675699
2025-06-29 08:00:00,0.003192785084611114
2025-06-29 16:00:00,0.0030498901891860145
2025-06-30 00:00:00,0.0030798456385878656
2025-06-30 08:00:00,0.0034984367997201375
2025-06-30 16:00:00,0.002944975714348991
2025-07-01 00:00:00,0.002936447821196521
2025-07-01 08:00:00,0.003023315702402493
2025-07-01 16:00:00,0.003214303187116208
2025-07-02 00:00:00,0.00269869319396192
2025-07-02 08:00:00,0.002606888821704699
2025-07-02 16:00:00,0.0028825769458759704
2025-07-03 00:00:00,0.0026732154081881426
2025-07-03 08:00:00,0.0029150337304948725
2025-07-03 16:00:00,0.003100499939225858
2025-07-04 00:00:00,0.0028218502272895473
2025-07-04 08:00:00,0.0027146346846437315
2025-07-04 16:00:00,0.0030138674323430697
2025-07-05 00:00:00,0.003172508696923034
2025-07-05 08:00:00,0.0026610053122966774
2025-07-05 16:00:00,0.003164046479661197
2025-07-06 00:00:00,0.003163461240747665
2025-07-06 08:00:00,0.0031908170204313258
2025-07-06 16:00:00,0.0032436960429743375
2025-07-07 00:00:00,0.0034404027849319232
2025-07-07 08:00:00,0.002928781590276189
2025-07-07 16:00:00,0.003021914316015572
2025-07-08 00:00:00,0.002916712313350395
2025-07-08 08:00:00,0.003000395368951162
2025-07-08 16:00:00,0.0033065746711272623
2025-07-09 00:00:00,0.0027309971032138665
2025-07-09 08:00:00,0.002827790065566885
2025-07-09 16:00:00,0.0032754361873009123
2025-07-10 00:00:00,0.003204007301380418
2025-07-10 08:00:00,0.0029273736706365845
2025-07-10 16:00:00,0.003170880400224144
2025-07-11 00:00:00,0.0030682431684984066
2025-07-11 08:00:00,0.0033000549218001976
2025-07-11 16:00:00,0.0030149019187653545
2025-07-12 00:00:00,0.0032051264227745168
2025-07-12 08:00:00,0.003528402382098524
2025-07-12 16:00:00,0.003119619831009493
2025-07-13 00:00:00,0.003009865633158969
2025-07-13 08:00:00,0.003144489397044196
2025-07-13 16:00:00,0.0029269438283592232
2025-07-14 00:00:00,0.0034775935411049466
2025-07-14 08:00:00,0.0030360142075391964
2025-07-14 16:00:00,0.0029454133359548976
2025-07-15 00:00:00,0.0028328621989959927
2025-07-15 08:00:00,0.0032194440383212877
2025-07-15 16:00:00,0.0031734374825655477
2025-07-16 00:00:00,0.0029005291257171812
2025-07-16 08:00:00,0.0031152902690244847
2025-07-16 16:00:00,0.002698288806357429
2025-07-17 00:00:00,0.0030369941150146314
2025-07-17 08:00:00,0.003090551270415339
2025-07-17 16:00:00,0.0033414659619118445
2025-07-18 00:00:00,0.002845836239454262
2025-07-18 08:00:00,0.002744329474239535
2025-07-18 16:00:00,0.0028209144078149917
2025-07-19 00:00:00,0.002732686299937016
2025-07-19 08:00:00,0.003267331471551797
2025-07-19 16:00:00,0.0033097278590048075
2025-07-20 00:00:00,0.003064043315589766
2025-07-20 08:00:00,0.0032442589891370295
2025-07-20 16:00:00,0.0030267916761160473
2025-07-21 00:00:00,0.002980977670459847
2025-07-21 08:00:00,0.0029333924761892477
2025-07-21 16:00:00,0.002937921801724487
2025-07-22 00:00:00,0.002690439688738194
2025-07-22 08:00:00,0.003052850952721468
2025-07-22 16:00:00,0.0029919332179571914
2025-07-23 00:00:00,0.003149072144815575
2025-07-23 08:00:00,0.003018704699287722
2025-07-23 16:00:00,0.002967459259686182
2025-07-24 00:00:00,0.002825761393998474
2025-07-24 08:00:00,0.0030144306473643525
2025-07-24 16:00:00,0.0031476474461632326
2025-07-25 00:00:00,0.0027713322017832278
2025-07-25 08:00:00,0.003017494750736148
2025-07-25 16:00:00,0.0030466085903058967
2025-07-26 00:00:00,0.002856387043276347
2025-07-26 08:00:00,0.0028824287390184
2025-07-26 16:00:00,0.0030461221697532428
2025-07-27 00:00:00,0.0027733157963414756
2025-07-27 08:00:00,0.0030699847430498786
2025-07-27 16:00:00,0.0028209291252681602
2025-07-28 00:00:00,0.0032125707386066434
2025-07-28 08:00:00,0.0034675655490776602
2025-07-28 16:00:00,0.002827848639659636
2025-07-29 00:00:00,0.003106841572474935
2025-07-29 08:00:00,0.002854651619023596
2025-07-29 16:00:00,0.003208190834759558
2025-07-30 00:00:00,0.002746948318182957
2025-07-30 08:00:00,0.0030961173516855425
2025-07-30 16:00:00,0.0028254022066221294
2025-07-31 00:00:00,0.002958603082180326
2025-07-31 08:00:00,0.0027937949449705385
2025-07-31 16:00:00,0.003164470094179151
2025-08-01 00:00:00,0.002832603929112083
2025-08-01 08:00:00,0.0031103928518663657
2025-08-01 16:00:00,0.0029311803943475336
2025-08-02 00:00:00,0.0029771055256402274
2025-08-02 08:00:00,0.0030295511814800256
2025-08-02 16:00:00,0.0028476350656682302
2025-08-03 00:00:00,0.0030420734227081777
2025-08-03 08:00:00,0.003306066912870882
2025-08-03 16:00:00,0.0028443810428334573
2025-08-04 00:00:00,0.003234362028654769
2025-08-04 08:00:00,0.003299619526697557
2025-08-04 16:00:00,0.002836769002194391
2025-08-05 00:00:00,0.00270898907898189
2025-08-05 08:00:00,0.003060392180034353
2025-08-05 16:00:00,0.0028905184954466255
2025-08-06 00:00:00,0.0033737206438326007
2025-08-06 08:00:00,0.0030069615080999664
2025-08-06 16:00:00,0.0028395601183929644
2025-08-07 00:00:00,0.0027705680977976577
2025-08-07 08:00:00,0.0032179809918181663
2025-08-07 16:00:00,0.002885763205183163
2025-08-08 00:00:00,0.0030087657598920855
2025-08-08 08:00:00,0.003191160549022496
2025-08-08 16:00:00,0.002903148329613834
2025-08-09 00:00:00,0.002990814234251968
2025-08-09 08:00:00,0.002996686318035496
2025-08-09 16:00:00,0.0031366649023032186
2025-08-10 00:00:00,0.0031181488671020653
2025-08-10 08:00:00,0.002955977253749034
2025-08-10 16:00:00,0.003012729812299304
2025-08-11 00:00:00,0.0029256441976953022
2025-08-11 08:00:00,0.0027044775186161113
2025-08-11 16:00:00,0.003051520171479626
2025-08-12 00:00:00,0.0033784383521666137
2025-08-12 08:00:00,0.0028232561718617875
2025-08-12 16:00:00,0.0028453940580794594
2025-08-13 00:00:00,0.0028258544456712517
2025-08-13 08:00:00,0.0031449183557446247
2025-08-13 16:00:00,0.003089697090839288
2025-08-14 00:00:00,0.0029682924615167085
2025-08-14 08:00:00,0.002816396187672207
2025-08-14 16:00:00,0.003018475358327985
2025-08-15 00:00:00,0.0026870755745328394
2025-08-15 08:00:00,0.0030286853133714986
2025-08-15 16:00:00,0.003174304877217587
2025-08-16 00:00:00,0.0027497601726732645
2025-08-16 08:00:00,0.0026934963446340675
2025-08-16 16:00:00,0.003315887578338972
2025-08-17 00:00:00,0.0028776480720990832
2025-08-17 08:00:00,0.0032271895691887644
2025-08-17 16:00:00,0.002969200466960434
2025-08-18 00:00:00,0.0029676090366117344
2025-08-18 08:00:00,0.0030876825398993293
2025-08-18 16:00:00,0.0028232002286507117
2025-08-19 00:00:00,0.0030264994286991294
2025-08-19 08:00:00,0.0029237021170351817
2025-08-19 16:00:00,0.002735901311318994
2025-08-20 00:00:00,0.00306749641494528
2025-08-20 08:00:00,0.002947338438624417
2025-08-20 16:00:00,0.0029685950343110584
2025-08-21 00:00:00,0.0027579678113171685
2025-08-21 08:00:00,0.003318280073552561
2025-08-21 16:00:00,0.0031753428372772235
2025-08-22 00:00:00,0.003192831176834396
2025-08-22 08:00:00,0.0029389110595116636
2025-08-22 16:00:00,0.002654163422099316
2025-08-23 00:00:00,0.0033905834764979023
2025-08-23 08:00:00,0.0029877804983988263
2025-08-23 16:00:00,0.0028502400407959894
2025-08-24 00:00:00,0.003083360314896623
2025-08-24 08:00:00,0.0032334241576006595
2025-08-24 16:00:00,0.002995389888782907
2025-08-25 00:00:00,0.003255715033587875
2025-08-25 08:00:00,0.0032165999877033736
2025-08-25 16:00:00,0.0027847237625195885
2025-08-26 00:00:00,0.0028652419788681048
2025-08-26 08:00:00,0.0031915074326559537
2025-08-26 16:00:00,0.0024574774872379124
2025-08-27 00:00:00,0.0029701088613670024
2025-08-27 08:00:00,0.0027138337596750656
2025-08-27 16:00:00,0.002904689239713295
2025-08-28 00:00:00,0.002940235982194159
2025-08-28 08:00:00,0.0029283511244184986
2025-08-28 16:00:00,0.0028895477495774783
2025-08-29 00:00:00,0.002780571270074237
2025-08-29 08:00:00,0.0034583822533637374
2025-08-29 16:00:00,0.0033734924008322702
2025-08-30 00:00:00,0.0027675868359487432
2025-08-30 08:00:00,0.0033164233502607134
2025-08-30 16:00:00,0.0029201069019054297
2025-08-31 00:00:00,0.003025837494666342
2025-08-31 08:00:00,0.002987345208020617
2025-08-31 16:00:00,0.002868050271749207
2025-09-01 00:00:00,0.003196770468721229
2025-09-01 08:00:00,0.0030251773061153314
2025-09-01 16:00:00,0.0029046897153561517
2025-09-02 00:00:00,0.0027390821112399056
2025-09-02 08:00:00,0.002821280997256176
2025-09-02 16:00:00,0.0026717239768795807
2025-09-03 00:00:00,0.003002444709683034
2025-09-03 08:00:00,0.0027606668815431208
2025-09-03 16:00:00,0.0029468878974962917
2025-09-04 00:00:00,0.0032740203707220744
2025-09-04 08:00:00,0.003239859914584317
2025-09-04 16:00:00,0.0029935446211794767
2025-09-05 00:00:00,0.00298258305477137
2025-09-05 08:00:00,0.0033759749098842017
2025-09-05 16:00:00,0.0031041512240717424
2025-09-06 00:00:00,0.0029344387080246954
2025-09-06 08:00:00,0.0027147963765759096
2025-09-06 16:00:00,0.003078774643632949
2025-09-07 00:00:00,0.0031658647545165725
2025-09-07 08:00:00,0.002873669695097271
2025-09-07 16:00:00,0.0030582405510276066
2025-09-08 00:00:00,0.002927285341016994
2025-09-08 08:00:00,0.0029631935201601995
2025-09-08 16:00:00,0.0025024355884875338
2025-09-09 00:00:00,0.002955643719256773
2025-09-09 08:00:00,0.0031938738604816107
2025-09-09 16:00:00,0.0028737194888866884
2025-09-10 00:00:00,0.003010505273643063
2025-09-10 08:00:00,0.002848809858661616
2025-09-10 16:00:00,0.0030720883352585546
2025-09-11 00:00:00,0.0029566953604927655
2025-09-11 08:00:00,0.0028121516918635987
2025-09-11 16:00:00,0.0032665102935330254
2025-09-12 00:00:00,0.003185786402706443
2025-09-12 08:00:00,0.002879018647214365
2025-09-12 16:00:00,0.0030995576618835555
2025-09-13 00:00:00,0.0031074824005640762
2025-09-13 08:00:00,0.003128460247002235
2025-09-13 16:00:00,0.0026611488208009844
2025-09-14 00:00:00,0.0032013213082065254
2025-09-14 08:00:00,0.0028860602074148537
2025-09-14 16:00:00,0.0029284344133117465
2025-09-15 00:00:00,0.00352757635045204
2025-09-15 08:00:00,0.0030603746761442025
2025-09-15 16:00:00,0.002922735504910565
2025-09-16 00:00:00,0.0025589411254488188
2025-09-16 08:00:00,0.0032779528267892714
2025-09-16 16:00:00,0.0027309580658382796
2025-09-17 00:00:00,0.0027993122193000993
2025-09-17 08:00:00,0.0029337295401824304
2025-09-17 16:00:00,0.0032832823583400584
2025-09-18 00:00:00,0.003154647997333152
2025-09-18 08:00:00,0.002968432498031948
2025-09-18 16:00:00,0.0030616584127277644
2025-09-19 00:00:00,0.002879922861425779
2025-09-19 08:00:00,0.0030279307379130703
2025-09-19 16:00:00,0.0030146673489556274
2025-09-20 00:00:00,0.003193753979136271
2025-09-20 08:00:00,0.00319343562448779
2025-09-20 16:00:00,0.003098795476441129
2025-09-21 00:00:00,0.0029275304884907797
2025-09-21 08:00:00,0.0031483644588780253
2025-09-21 16:00:00,0.002981606306759391
2025-09-22 00:00:00,0.0027836171262573734
2025-09-22 08:00:00,0.0029193424416178123
2025-09-22 16:00:00,0.003016905396756865
2025-09-23 00:00:00,0.003182043156732949
2025-09-23 08:00:00,0.0029632943655685693
2025-09-23 16:00:00,0.0027581602577520787
2025-09-24 00:00:00,0.003011348336659364
2025-09-24 08:00:00,0.0030226912080113105
2025-09-24 16:00:00,0.0030371675257805505
2025-09-25 00:00:00,0.003183974303190886
2025-09-25 08:00:00,0.00320378464801798
2025-09-25 16:00:00,0.002881157825523667
2025-09-26 00:00:00,0.0028767713083902116
2025-09-26 08:00:00,0.0027919602578089053
2025-09-26 16:00:00,0.0031397631340560955
2025-09-27 00:00:00,0.0032897640216675433
2025-09-27 08:00:00,0.0029369836144182153
2025-09-27 16:00:00,0.0029517138870550014
2025-09-28 00:00:00,0.003293356511379795
2025-09-28 08:00:00,0.0031011115706430017
2025-09-28 16:00:00,0.003087247140960211
2025-09-29 00:00:00,0.002761816698805255
2025-09-29 08:00:00,0.0031357456138558838
2025-09-29 16:00:00,0.0028141727318980484
2025-09-30 00:00:00,0.0027731959628130086
2025-09-30 08:00:00,0.0029306456846466575
2025-09-30 16:00:00,0.002882841455310262
2025-10-01 00:00:00,0.002955680061122992
2025-10-01 08:00:00,0.0027118036730950164
2025-10-01 16:00:00,0.003191763261293535
2025-10-02 00:00:00,0.003225537258903286
2025-10-02 08:00:00,0.0026105315051718372
2025-10-02 16:00:00,0.00319569156113331
2025-10-03 00:00:00,0.002837894274035675
2025-10-03 08:00:00,0.0031713951073965574
2025-10-03 16:00:00,0.002986310701466717
2025-10-04 00:00:00,0.0030057551128161997
2025-10-04 08:00:00,0.0029629804701157563
2025-10-04 16:00:00,0.003242425840846697
2025-10-05 00:00:00,0.0027520823974949943
2025-10-05 08:00:00,0.003121568067747002
2025-10-05 16:00:00,0.00322026603297791
2025-10-06 00:00:00,0.003143268016108082
2025-10-06 08:00:00,0.0034649397828646834
2025-10-06 16:00:00,0.0028942106474550604
2025-10-07 00:00:00,0.0031914609645187064
2025-10-07 08:00:00,0.002978781872931716
2025-10-07 16:00:00,0.003246681215270534
2025-10-08 00:00:00,0.002998462200855726
2025-10-08 08:00:00,0.0029224248436275062
2025-10-08 16:00:00,0.003261214440774326
2025-10-09 00:00:00,0.002901687612196214
2025-10-09 08:00:00,0.0027174548482198886
2025-10-09 16:00:00,0.0028966306233652343
2025-10-10 00:00:00,0.0031238065893177064
2025-10-10 08:00:00,0.003278407750317418
2025-10-10 16:00:00,0.0030222258750593023
2025-10-11 00:00:00,0.003263639413446805
2025-10-11 08:00:00,0.0027283650157044815
2025-10-11 16:00:00,0.0029113473070364196
2025-10-12 00:00:00,0.00294228497656918
2025-10-12 08:00:00,0.002977088114505496
2025-10-12 16:00:00,0.0030168188776500396
2025-10-13 00:00:00,0.003138182191478439
2025-10-13 08:00:00,0.002911038632365902
2025-10-13 16:00:00,0.0030278057373906253
2025-10-14 00:00:00,0.00299097542193519
2025-10-14 08:00:00,0.0028148220192217703
2025-10-14 16:00:00,0.002977266662183713
2025-10-15 00:00:00,0.0029712680940205765
2025-10-15 08:00:00,0.002966983886999391
2025-10-15 16:00:00,0.0030063518913162903
2025-10-16 00:00:00,0.0030151347081226773
2025-10-16 08:00:00,0.002913540964178534
2025-10-16 16:00:00,0.0032545429467942533
2025-10-17 00:00:00,0.0027661038741593966
2025-10-17 08:00:00,0.0028558059783060207
2025-10-17 16:00:00,0.003555992724844711
2025-10-18 00:00:00,0.002792401729002154
2025-10-18 08:00:00,0.0027292490650580484
2025-10-18 16:00:00,0.0031468953490002434
2025-10-19 00:00:00,0.002584576029245225
2025-10-19 08:00:00,0.0029529452180055123
2025-10-19 16:00:00,0.003429164985015298
2025-10-20 00:00:00,0.00269101281556932
2025-10-20 08:00:00,0.0026036071028522575
2025-10-20 16:00:00,0.0027001637596084605
2025-10-21 00:00:00,0.0031796719136693973
2025-10-21 08:00:00,0.0032249553439971626
2025-10-21 16:00:00,0.0028974822406042985
2025-10-22 00:00:00,0.0031366424808002137
2025-10-22 08:00:00,0.003278051065502398
2025-10-22 16:00:00,0.003357469282885965
2025-10-23 00:00:00,0.00295073294376403
2025-10-23 08:00:00,0.002539705656466003
2025-10-23 16:00:00,0.002835824215518063
2025-10-24 00:00:00,0.0029146391610129488
2025-10-24 08:00:00,0.002948212240684322
2025-10-24 16:00:00,0.002962428119798256
2025-10-25 00:00:00,0.003223778919586134
2025-10-25 08:00:00,0.0032548856853375162
2025-10-25 16:00:00,0.002965665269215043
2025-10-26 00:00:00,0.0032196969752103636
2025-10-26 08:00:00,0.003071532273326218
2025-10-26 16:00:00,0.0030129011945725145
2025-10-27 00:00:00,0.0031813088314219928
2025-10-27 08:00:00,0.0030144504096475833
2025-10-27 16:00:00,0.0034115622354195527
2025-10-28 00:00:00,0.0027123177666410884
2025-10-28 08:00:00,0.0028969658201815967
2025-10-28 16:00:00,0.00297469622060921
2025-10-29 00:00:00,0.003087890538091598
2025-10-29 08:00:00,0.003253592097420618
2025-10-29 16:00:00,0.002995120286552769
2025-10-30 00:00:00,0.0027155540700987586
2025-10-30 08:00:00,0.0031685027792910008
2025-10-30 16:00:00,0.003150991753228393
2025-10-31 00:00:00,0.0026116282681241188
2025-10-31 08:00:00,0.0029992391732658404
2025-10-31 16:00:00,0.0026819716338639405
2025-11-01 00:00:00,0.0028670697804995876
2025-11-01 08:00:00,0.00281943821460744
2025-11-01 16:00:00,0.003161852939648397
2025-11-02 00:00:00,0.003023366034834437
2025-11-02 08:00:00,0.0027428817998487944
2025-11-02 16:00:00,0.0031760131925914685
2025-11-03 00:00:00,0.002713238835214317
2025-11-03 08:00:00,0.003066022758094189
2025-11-03 16:00:00,0.002837197866141689
2025-11-04 00:00:00,0.002926864583493896
2025-11-04 08:00:00,0.003100854149607677
2025-11-04 16:00:00,0.0031042898798119057
2025-11-05 00:00:00,0.003267393814711192
2025-11-05 08:00:00,0.0029835492600657093
2025-11-05 16:00:00,0.0030612901725926684
2025-11-06 00:00:00,0.002912452535519135
2025-11-06 08:00:00,0.0030363979765245597
2025-11-06 16:00:00,0.0030878972096017024
2025-11-07 00:00:00,0.0029803380305091247
2025-11-07 08:00:00,0.0026392499031815007
2025-11-07 16:00:00,0.003066294179266179
2025-11-08 00:00:00,0.0030729122954710913
2025-11-08 08:00:00,0.0028639653047304097
2025-11-08 16:00:00,0.002743122592785497
2025-11-09 00:00:00,0.0032951758301007932
2025-11-09 08:00:00,0.0030982891021788805
2025-11-09 16:00:00,0.002954183793815658
2025-11-10 00:00:00,0.0027725934233705026
2025-11-10 08:00:00,0.002835637034315731
2025-11-10 16:00:00,0.0032605180793572465
2025-11-11 00:00:00,0.0030275323881736095
2025-11-11 08:00:00,0.002889882586599859
2025-11-11 16:00:00,0.0031019378462449313
2025-11-12 00:00:00,0.0028371203625107352
2025-11-12 08:00:00,0.0033001686060560756
2025-11-12 16:00:00,0.003270560106979345
2025-11-13 00:00:00,0.0029066851857594447
2025-11-13 08:00:00,0.002874265950593828
2025-11-13 16:00:00,0.002476373360261544
2025-11-14 00:00:00,0.0027036838456897263
2025-11-14 08:00:00,0.002732106045008449
2025-11-14 16:00:00,0.0030270380681974773
2025-11-15 00:00:00,0.002934753259111728
2025-11-15 08:00:00,0.002730932902516952
2025-11-15 16:00:00,0.0029437671915070887
2025-11-16 00:00:00,0.0031010674295294696
2025-11-16 08:00:00,0.0031055678699831177
2025-11-16 16:00:00,0.002620065943828224
2025-11-17 00:00:00,0.0029743473039032338
2025-11-17 08:00:00,0.0027233318446056778
2025-11-17 16:00:00,0.003180345739428055
2025-11-18 00:00:00,0.0031568292832706998
2025-11-18 08:00:00,0.0028203945547351085
2025-11-18 16:00:00,0.00284679095951992
2025-11-19 00:00:00,0.0029077465899003388
2025-11-19 08:00:00,0.002549441321053732
2025-11-19 16:00:00,0.0030671936346881156
2025-11-20 00:00:00,0.002945431090731974
